unique_id,ds,cutoff,y,Naive,LastWeek,LastMonth,AutoETSWeek,AutoETSMonth,MSTLWeek,MSTLMonth,AutoARIMAWeek,AutoARIMAMonth
hotel_0,2023-02-11,2023-02-10,0.8271604938271605,0.691358024691358,0.9876543209876543,0.49382716049382713,0.798058285268101,0.7277518609552107,0.7794354923470524,0.7580665525226337,0.7770533218984389,0.747773023872225
hotel_0,2023-02-12,2023-02-10,0.5185185185185185,0.691358024691358,0.6049382716049383,0.7901234567901234,0.5922565279964805,0.7277518609552107,0.47012059888743196,0.8096851221416355,0.6124081036931255,0.7172173265197843
hotel_0,2023-02-13,2023-02-10,0.6296296296296297,0.691358024691358,0.9135802469135802,0.9382716049382716,0.6117565108719498,0.7277518609552107,0.6230710910384294,0.8235968013957556,0.7987564556646163,0.7059933323996499
hotel_0,2023-02-14,2023-02-10,0.6296296296296297,0.691358024691358,0.7160493827160493,0.6049382716049383,0.6250619035875944,0.7277518609552107,0.6025885854779351,0.8073780600613588,0.785560249533873,0.7376550476750123
hotel_0,2023-02-15,2023-02-10,0.8888888888888888,0.691358024691358,0.6666666666666666,0.4691358024691358,0.6166072025877469,0.7277518609552107,0.6241975558516591,0.7601019226504102,0.7933387196563798,0.723279991128233
hotel_0,2023-02-16,2023-02-10,0.9876543209876543,0.691358024691358,0.8395061728395061,0.5679012345679012,0.6569886537634391,0.7277518609552107,0.6686404393175288,0.7273358234744328,0.8256211365885748,0.7915436144284126
hotel_0,2023-02-17,2023-02-10,0.9876543209876543,0.691358024691358,0.691358024691358,0.6666666666666666,0.7656860092707898,0.7277518609552107,0.7416972348775843,0.8091604688151643,0.8469629935793932,0.7699987780817623
hotel_0,2023-02-18,2023-02-10,1.0,0.691358024691358,0.9876543209876543,0.6419753086419753,0.798058285268101,0.7277518609552107,0.7794354923470524,0.8100491873277125,0.8677479876837008,0.7797105016122132
hotel_0,2023-02-19,2023-02-10,0.9876543209876543,0.691358024691358,0.6049382716049383,0.7530864197530864,0.5922565279964805,0.7277518609552107,0.47012059888743196,0.7343712728889069,0.6831440531180265,0.7755598481017524
hotel_0,2023-02-20,2023-02-10,0.8641975308641975,0.691358024691358,0.9135802469135802,0.7777777777777778,0.6117565108719498,0.7277518609552107,0.6230710910384294,0.783748679618345,0.8334371927412338,0.74678558818592
hotel_0,2023-02-21,2023-02-10,0.9876543209876543,0.691358024691358,0.7160493827160493,0.654320987654321,0.6250619035875944,0.7277518609552107,0.6025885854779351,0.7503385343464506,0.8035957479028866,0.7716271566151027
hotel_0,2023-02-22,2023-02-10,0.9876543209876543,0.691358024691358,0.6666666666666666,0.8024691358024691,0.6166072025877469,0.7277518609552107,0.6241975558516591,0.7538619439400686,0.8006877066107718,0.7550138560302514
hotel_0,2023-02-23,2023-02-10,0.9876543209876543,0.691358024691358,0.8395061728395061,0.8641975308641975,0.6569886537634391,0.7277518609552107,0.6686404393175288,0.7364345460884522,0.8383562721763582,0.7534810679666392
hotel_0,2023-02-24,2023-02-10,0.9876543209876543,0.691358024691358,0.691358024691358,0.9506172839506173,0.7656860092707898,0.7277518609552107,0.7416972348775843,0.7047009123663427,0.8442824681082904,0.7238334276055576
hotel_0,2023-02-25,2023-02-10,0.9876543209876543,0.691358024691358,0.9876543209876543,0.8765432098765432,0.798058285268101,0.7277518609552107,0.7794354923470524,0.6606787767221136,0.8672402060639162,0.7102930242230727
hotel_0,2023-02-26,2023-02-10,0.7654320987654321,0.691358024691358,0.6049382716049383,0.9135802469135802,0.5922565279964805,0.7277518609552107,0.47012059888743196,0.7586543988798027,0.7039851993677593,0.6595072954497032
hotel_0,2023-02-27,2023-02-10,0.6666666666666666,0.691358024691358,0.9135802469135802,0.8271604938271605,0.6117565108719498,0.7277518609552107,0.6230710910384294,0.7556169625977792,0.8402425593734169,0.6481213636514322
hotel_0,2023-02-28,2023-02-10,0.7160493827160493,0.691358024691358,0.7160493827160493,0.5432098765432098,0.6250619035875944,0.7277518609552107,0.6025885854779351,0.735836042382415,0.8147334026438313,0.6950141670219376
hotel_0,2023-03-01,2023-02-10,0.8395061728395061,0.691358024691358,0.6666666666666666,0.9876543209876543,0.6166072025877469,0.7277518609552107,0.6241975558516591,0.8349833588237725,0.8129054262941151,0.6167685310832143
hotel_0,2023-03-02,2023-02-10,0.8271604938271605,0.691358024691358,0.8395061728395061,0.9876543209876543,0.6569886537634391,0.7277518609552107,0.6686404393175288,0.8379409994851569,0.8460247992980974,0.7013900002822602
hotel_0,2023-03-03,2023-02-10,0.9876543209876543,0.691358024691358,0.691358024691358,0.9135802469135802,0.7656860092707898,0.7277518609552107,0.7416972348775843,0.7911004540575066,0.8523667948954624,0.7176056051918959
hotel_0,2023-03-04,2023-02-10,0.9753086419753086,0.691358024691358,0.9876543209876543,0.9382716049382716,0.798058285268101,0.7277518609552107,0.7794354923470524,0.716129496794935,0.872636933088949,0.7205517941028675
hotel_0,2023-03-05,2023-02-10,0.8148148148148148,0.691358024691358,0.6049382716049383,0.9382716049382716,0.5922565279964805,0.7277518609552107,0.47012059888743196,0.7497353672039362,0.7259095048380031,0.7297909542105844
hotel_0,2023-03-06,2023-02-10,0.7777777777777778,0.691358024691358,0.9135802469135802,0.9876543209876543,0.6117565108719498,0.7277518609552107,0.6230710910384294,0.8691327289932291,0.848113212367882,0.7105742120881771
hotel_0,2023-03-07,2023-02-10,0.9629629629629629,0.691358024691358,0.7160493827160493,0.6049382716049383,0.6250619035875944,0.7277518609552107,0.6025885854779351,0.8148010057522994,0.8251188574229499,0.7290777778234214
hotel_0,2023-03-08,2023-02-10,0.9876543209876543,0.691358024691358,0.6666666666666666,0.9135802469135802,0.6166072025877469,0.7277518609552107,0.6241975558516591,0.7932884407317307,0.823417294911272,0.6824678630900369
hotel_0,2023-03-09,2023-02-10,0.8024691358024691,0.691358024691358,0.8395061728395061,0.7160493827160493,0.6569886537634391,0.7277518609552107,0.6686404393175288,0.7892687105659869,0.8531999306293805,0.759904498198922
hotel_0,2023-03-10,2023-02-10,0.9876543209876543,0.691358024691358,0.691358024691358,0.6666666666666666,0.7656860092707898,0.7277518609552107,0.7416972348775843,0.7757438213131718,0.8588142526906521,0.736103467240112
hotel_0,2023-03-11,2023-03-10,0.9876543209876543,0.9876543209876543,0.9753086419753086,0.8395061728395061,1.0138703715359103,0.9407194187653529,0.9847106872491326,0.8735251700195811,0.984668933772518,0.9724061503269223
hotel_0,2023-03-12,2023-03-10,0.8518518518518519,0.9876543209876543,0.8148148148148148,0.691358024691358,0.809751055998938,0.9407194187653529,0.762282273812169,0.8827459462713634,0.8539359046878346,0.9549736299391393
hotel_0,2023-03-13,2023-03-10,0.9629629629629629,0.9876543209876543,0.7777777777777778,0.8271604938271605,0.8249396292655471,0.9407194187653529,0.8308719256296819,0.9069365208831714,0.849157881383815,0.915958886829111
hotel_0,2023-03-14,2023-03-10,0.9382716049382716,0.9876543209876543,0.9629629629629629,0.5185185185185185,0.843089232368981,0.9407194187653529,0.864421796484,0.9143136717720961,0.8961303370105624,0.9184687436100344
hotel_0,2023-03-15,2023-03-10,0.9876543209876543,0.9876543209876543,0.9876543209876543,0.6296296296296297,0.8406479578597593,0.9407194187653529,0.9183831979696568,0.9440944775300384,0.9348846738392554,0.8800396347432227
hotel_0,2023-03-16,2023-03-10,0.9876543209876543,0.9876543209876543,0.8024691358024691,0.6296296296296297,0.8763035440116149,0.9407194187653529,0.9167716606280693,0.9263370144223267,0.9179935553018148,0.9177963116988572
hotel_0,2023-03-17,2023-03-10,0.9876543209876543,0.9876543209876543,0.9876543209876543,0.8888888888888888,0.9834560719173691,0.9407194187653529,0.9631494939246756,0.9267821338805751,0.9765413602514141,0.885886551043144
hotel_0,2023-03-18,2023-03-10,0.8765432098765432,0.9876543209876543,0.9753086419753086,0.9876543209876543,1.0138703715359103,0.9407194187653529,0.9847106872491326,0.9065249673916475,0.9832657673645687,0.8765545314784825
hotel_0,2023-03-19,2023-03-10,0.3333333333333333,0.9876543209876543,0.8148148148148148,0.9876543209876543,0.809751055998938,0.9407194187653529,0.762282273812169,0.9796972223982318,0.8629061137907006,0.8585993822449377
hotel_0,2023-03-20,2023-03-10,0.7407407407407407,0.9876543209876543,0.7777777777777778,1.0,0.8249396292655471,0.9407194187653529,0.8308719256296819,0.9761588197428155,0.8648496316050203,0.8637175964952898
hotel_0,2023-03-21,2023-03-10,0.8395061728395061,0.9876543209876543,0.9629629629629629,0.9876543209876543,0.843089232368981,0.9407194187653529,0.864421796484,0.917275362249585,0.9121462390797671,0.8574926739436273
hotel_0,2023-03-22,2023-03-10,0.8888888888888888,0.9876543209876543,0.9876543209876543,0.8641975308641975,0.8406479578597593,0.9407194187653529,0.9183831979696568,0.9339152692368595,0.9484710606555576,0.8706456528772322
hotel_0,2023-03-23,2023-03-10,0.8641975308641975,0.9876543209876543,0.8024691358024691,0.9876543209876543,0.8763035440116149,0.9407194187653529,0.9167716606280693,0.9184797493983661,0.9252317847794993,0.8713241385644329
hotel_0,2023-03-24,2023-03-10,0.9629629629629629,0.9876543209876543,0.9876543209876543,0.9876543209876543,0.9834560719173691,0.9407194187653529,0.9631494939246756,0.9275445071694288,0.9839505027125065,0.8508345096419072
hotel_0,2023-03-25,2023-03-10,1.0,0.9876543209876543,0.9753086419753086,0.9876543209876543,1.0138703715359103,0.9407194187653529,0.9847106872491326,0.9130978202807619,0.9892679184621572,0.8472781120974279
hotel_0,2023-03-26,2023-03-10,0.7407407407407407,0.9876543209876543,0.8148148148148148,0.9876543209876543,0.809751055998938,0.9407194187653529,0.762282273812169,0.8994011339206877,0.8817529307635852,0.8329593456884531
hotel_0,2023-03-27,2023-03-10,0.6666666666666666,0.9876543209876543,0.7777777777777778,0.9876543209876543,0.8249396292655471,0.9407194187653529,0.8308719256296819,0.8613680828701828,0.8830834874491055,0.8421240519160941
hotel_0,2023-03-28,2023-03-10,0.7777777777777778,0.9876543209876543,0.9629629629629629,0.7654320987654321,0.843089232368981,0.9407194187653529,0.864421796484,0.90927340635688,0.9253097936050587,0.8592374157436183
hotel_0,2023-03-29,2023-03-10,0.7777777777777778,0.9876543209876543,0.9876543209876543,0.6666666666666666,0.8406479578597593,0.9407194187653529,0.9183831979696568,0.8875233534433036,0.9577631961941995,0.8816339754698417
hotel_0,2023-03-30,2023-03-10,0.9135802469135802,0.9876543209876543,0.8024691358024691,0.7160493827160493,0.8763035440116149,0.9407194187653529,0.9167716606280693,0.8679012441114466,0.9373649907533775,0.9105671385014324
hotel_0,2023-03-31,2023-03-10,0.9876543209876543,0.9876543209876543,0.9876543209876543,0.8395061728395061,0.9834560719173691,0.9407194187653529,0.9631494939246756,0.9858952972577113,0.9896845839979614,0.8291237637429673
hotel_0,2023-04-01,2023-03-10,0.9876543209876543,0.9876543209876543,0.9753086419753086,0.8271604938271605,1.0138703715359103,0.9407194187653529,0.9847106872491326,0.9745257191021051,0.9944981367982941,0.8452092590064971
hotel_0,2023-04-02,2023-03-10,0.9753086419753086,0.9876543209876543,0.8148148148148148,0.9876543209876543,0.809751055998938,0.9407194187653529,0.762282273812169,0.9565598145047918,0.8980700517811352,0.8345396887492657
hotel_0,2023-04-03,2023-03-10,0.9876543209876543,0.9876543209876543,0.7777777777777778,0.9753086419753086,0.8249396292655471,0.9407194187653529,0.8308719256296819,0.8921046320102872,0.8992873593362113,0.8403247218311218
hotel_0,2023-04-04,2023-03-10,0.9876543209876543,0.9876543209876543,0.9629629629629629,0.8148148148148148,0.843089232368981,0.9407194187653529,0.864421796484,0.8960146902227999,0.9371566449072962,0.864240504728924
hotel_0,2023-04-05,2023-03-10,0.9876543209876543,0.9876543209876543,0.9876543209876543,0.7777777777777778,0.8406479578597593,0.9407194187653529,0.9183831979696568,0.993327847937668,0.9662628443456514,0.8531994099078927
hotel_0,2023-04-06,2023-03-10,0.9876543209876543,0.9876543209876543,0.8024691358024691,0.9629629629629629,0.8763035440116149,0.9407194187653529,0.9167716606280693,0.9759981818186341,0.9479499711456154,0.8666209073995956
hotel_0,2023-04-07,2023-03-10,0.9629629629629629,0.9876543209876543,0.9876543209876543,0.9876543209876543,0.9834560719173691,0.9407194187653529,0.9631494939246756,0.9578502423394571,0.9948791098969009,0.829805353848965
hotel_0,2023-04-08,2023-04-07,0.5308641975308642,0.9629629629629629,0.9876543209876543,0.8024691358024691,1.036886101445155,0.9720405011353594,0.9904524453502427,0.9305676973863768,0.9715529675576162,0.9882315370805849
hotel_0,2023-04-09,2023-04-07,0.3333333333333333,0.9629629629629629,0.9753086419753086,0.9876543209876543,0.8304224216698672,0.9720405011353594,0.7751437034118237,0.9547319964529398,0.8146774431579474,0.9413700805953368
hotel_0,2023-04-10,2023-04-07,0.4074074074074074,0.9629629629629629,0.9876543209876543,0.9876543209876543,0.8515722598070342,0.9720405011353594,0.8311566890359356,0.8948025120381651,0.8693318179456061,0.9271116719316933
hotel_0,2023-04-11,2023-04-07,0.5061728395061729,0.9629629629629629,0.9876543209876543,0.8518518518518519,0.8710972858172741,0.9720405011353594,0.8935865809204481,0.885262357126765,0.9134177432131638,0.9635371925506893
hotel_0,2023-04-12,2023-04-07,0.4444444444444444,0.9629629629629629,0.9876543209876543,0.9629629629629629,0.8706633841924205,0.9720405011353594,0.9324936659613366,0.9251676199850378,0.9373386685086443,0.9276996122791744
hotel_0,2023-04-13,2023-04-07,0.4567901234567901,0.9629629629629629,0.9876543209876543,0.9382716049382716,0.9058814938877284,0.9720405011353594,0.9285990693227685,0.930449199837107,0.95057714025781,0.9595130054390771
hotel_0,2023-04-14,2023-04-07,0.7654320987654321,0.9629629629629629,0.9629629629629629,0.9876543209876543,1.0086162084186356,0.9720405011353594,0.9861589145776571,0.967715639346108,0.9914336906185912,0.9314689662120134
hotel_0,2023-04-15,2023-04-07,0.7654320987654321,0.9629629629629629,0.9876543209876543,0.9876543209876543,1.036886101445155,0.9720405011353594,0.9904524453502427,0.9470882152413129,0.9903070652325338,0.9405988842795018
hotel_0,2023-04-16,2023-04-07,0.4074074074074074,0.9629629629629629,0.9753086419753086,0.9876543209876543,0.8304224216698672,0.9720405011353594,0.7751437034118237,0.9584107127451305,0.8505559639046114,0.907002414797486
hotel_0,2023-04-17,2023-04-07,0.35802469135802467,0.9629629629629629,0.9876543209876543,0.8765432098765432,0.8515722598070342,0.9720405011353594,0.8311566890359356,0.9144827837837015,0.8955662304860217,0.9183528275131203
hotel_0,2023-04-18,2023-04-07,0.7160493827160493,0.9629629629629629,0.9876543209876543,0.3333333333333333,0.8710972858172741,0.9720405011353594,0.8935865809204481,0.8915701295171405,0.9318779916066307,0.9994796166085405
hotel_0,2023-04-19,2023-04-07,0.6172839506172839,0.9629629629629629,0.9876543209876543,0.7407407407407407,0.8706633841924205,0.9720405011353594,0.9324936659613366,0.9468137752965023,0.9515683023113267,0.9350402335625492
hotel_0,2023-04-20,2023-04-07,0.7407407407407407,0.9629629629629629,0.9876543209876543,0.8395061728395061,0.9058814938877284,0.9720405011353594,0.9285990693227685,0.9231165767361122,0.9624671018146251,0.9196282030241495
hotel_0,2023-04-21,2023-04-07,0.7283950617283951,0.9629629629629629,0.9629629629629629,0.8888888888888888,1.0086162084186356,0.9720405011353594,0.9861589145776571,0.9358808976095558,0.9955787143069438,0.9249886620635577
hotel_0,2023-04-22,2023-04-07,0.9629629629629629,0.9629629629629629,0.9876543209876543,0.8641975308641975,1.036886101445155,0.9720405011353594,0.9904524453502427,0.9165216059991772,0.9950463927448708,0.9188587850761736
hotel_0,2023-04-23,2023-04-07,0.5185185185185185,0.9629629629629629,0.9753086419753086,0.9629629629629629,0.8304224216698672,0.9720405011353594,0.7751437034118237,0.9471417040336296,0.8650780802748652,0.8974857088258423
hotel_0,2023-04-24,2023-04-07,0.5925925925925926,0.9629629629629629,0.9876543209876543,1.0,0.8515722598070342,0.9720405011353594,0.8311566890359356,0.9403056847673025,0.9071450593500331,0.8912476887461662
hotel_0,2023-04-25,2023-04-07,0.8148148148148148,0.9629629629629629,0.9876543209876543,0.7407407407407407,0.8710972858172741,0.9720405011353594,0.8935865809204481,0.8999769716335422,0.9410921262893281,0.9279837335869447
hotel_0,2023-04-26,2023-04-07,0.5432098765432098,0.9629629629629629,0.9876543209876543,0.6666666666666666,0.8706633841924205,0.9720405011353594,0.9324936659613366,0.8557321133974438,0.9595009504528946,0.9414768929446464
hotel_0,2023-04-27,2023-04-07,0.7407407407407407,0.9629629629629629,0.9876543209876543,0.7777777777777778,0.9058814938877284,0.9720405011353594,0.9285990693227685,0.9082335322498843,0.9696903277228796,0.9450156903862414
hotel_0,2023-04-28,2023-04-07,0.8765432098765432,0.9629629629629629,0.9629629629629629,0.7777777777777778,1.0086162084186356,0.9720405011353594,0.9861589145776571,0.8866507160118905,1.0007050172503626,0.9586747091074482
hotel_0,2023-04-29,2023-04-07,0.7160493827160493,0.9629629629629629,0.9876543209876543,0.9135802469135802,1.036886101445155,0.9720405011353594,0.9904524453502427,0.8838885109434065,1.000173515634704,0.9408099998436678
hotel_0,2023-04-30,2023-04-07,0.5185185185185185,0.9629629629629629,0.9753086419753086,0.9876543209876543,0.8304224216698672,0.9720405011353594,0.7751437034118237,1.006493476865417,0.8797720945159964,0.8945311404690935
hotel_0,2023-05-01,2023-04-07,0.691358024691358,0.9629629629629629,0.9876543209876543,0.9876543209876543,0.8515722598070342,0.9720405011353594,0.8311566890359356,0.983463828059881,0.9187269398031748,0.9046297129518301
hotel_0,2023-05-02,2023-04-07,0.7160493827160493,0.9629629629629629,0.9876543209876543,0.9753086419753086,0.8710972858172741,0.9720405011353594,0.8935865809204481,0.9667267216343584,0.9501620590902126,0.8902066444312048
hotel_0,2023-05-03,2023-04-07,0.7777777777777778,0.9629629629629629,0.9876543209876543,0.9876543209876543,0.8706633841924205,0.9720405011353594,0.9324936659613366,0.9175651301521208,0.9672086454645044,0.8918351796275535
hotel_0,2023-05-04,2023-04-07,0.7160493827160493,0.9629629629629629,0.9876543209876543,0.9876543209876543,0.9058814938877284,0.9720405011353594,0.9285990693227685,0.915653048504477,0.9766440250474329,0.9128350487629987
hotel_0,2023-05-05,2023-04-07,0.8641975308641975,0.9629629629629629,0.9629629629629629,0.9876543209876543,1.0086162084186356,0.9720405011353594,0.9861589145776571,0.9938618193866937,1.0053598414593548,0.9117036415737376
hotel_0,2023-05-06,2023-05-05,0.9876543209876543,0.8641975308641975,0.7160493827160493,0.9876543209876543,0.8788435094634766,0.8122558773183429,0.804540156658532,0.8135762977495575,0.8280356449846034,0.770645009281053
hotel_0,2023-05-07,2023-05-05,0.6049382716049383,0.8641975308641975,0.5185185185185185,0.9629629629629629,0.6676040617419561,0.8122558773183429,0.5404103614940869,0.7996412945700042,0.6619636167063687,0.736047838581752
hotel_0,2023-05-08,2023-05-05,0.49382716049382713,0.8641975308641975,0.691358024691358,0.5308641975308642,0.6920502879398459,0.8122558773183429,0.6147378861412212,0.691592959983364,0.7182502338574683,0.8237423598465162
hotel_0,2023-05-09,2023-05-05,0.6666666666666666,0.8641975308641975,0.7160493827160493,0.3333333333333333,0.7206769599967487,0.8122558773183429,0.7484262687989067,0.6929407917343944,0.7613696045996639,0.8230821639270598
hotel_0,2023-05-10,2023-05-05,0.6296296296296297,0.8641975308641975,0.7777777777777778,0.4074074074074074,0.7152817099245663,0.8122558773183429,0.69996226198957,0.651987994774575,0.7234723252173947,0.8040023324998908
hotel_0,2023-05-11,2023-05-05,0.8271604938271605,0.8641975308641975,0.7160493827160493,0.5061728395061729,0.7529082588393069,0.8122558773183429,0.7535979214551705,0.6574070865810187,0.7394094500095233,0.8026636522148366
hotel_0,2023-05-12,2023-05-05,0.8765432098765432,0.8641975308641975,0.8641975308641975,0.4444444444444444,0.857886427696318,0.8122558773183429,0.8594661768413394,0.6865568510755928,0.8098932232901928,0.7963298830839313
hotel_0,2023-05-13,2023-05-05,0.9876543209876543,0.8641975308641975,0.7160493827160493,0.4567901234567901,0.8788435094634766,0.8122558773183429,0.804540156658532,0.6927155276603432,0.7664784709136471,0.7968230865970107
hotel_0,2023-05-14,2023-05-05,0.43209876543209874,0.8641975308641975,0.5185185185185185,0.7654320987654321,0.6676040617419561,0.8122558773183429,0.5404103614940869,0.7798337901333843,0.6758906713629066,0.732251328881262
hotel_0,2023-05-15,2023-05-05,0.5802469135802469,0.8641975308641975,0.691358024691358,0.7654320987654321,0.6920502879398459,0.8122558773183429,0.6147378861412212,0.7563430857633642,0.7263126432177409,0.7320162823440981
hotel_0,2023-05-16,2023-05-05,0.7037037037037037,0.8641975308641975,0.7160493827160493,0.4074074074074074,0.7206769599967487,0.8122558773183429,0.7484262687989067,0.7238395098496712,0.7442131783522709,0.7979425984938345
hotel_0,2023-05-17,2023-05-05,0.691358024691358,0.8641975308641975,0.7777777777777778,0.35802469135802467,0.7152817099245663,0.8122558773183429,0.69996226198957,0.6700400791618772,0.7441387216362817,0.8231644665071876
hotel_0,2023-05-18,2023-05-05,0.7654320987654321,0.8641975308641975,0.7160493827160493,0.7160493827160493,0.7529082588393069,0.8122558773183429,0.7535979214551705,0.6942103965634036,0.7370715091576586,0.8361707234206683
hotel_0,2023-05-19,2023-05-05,0.6666666666666666,0.8641975308641975,0.8641975308641975,0.6172839506172839,0.857886427696318,0.8122558773183429,0.8594661768413394,0.7303971327294753,0.7875429622453819,0.7950524027338762
hotel_0,2023-05-20,2023-05-05,0.8024691358024691,0.8641975308641975,0.7160493827160493,0.7407407407407407,0.8788435094634766,0.8122558773183429,0.804540156658532,0.7450140157892764,0.7669958642389264,0.757885001989268
hotel_0,2023-05-21,2023-05-05,0.3333333333333333,0.8641975308641975,0.5185185185185185,0.7283950617283951,0.6676040617419561,0.8122558773183429,0.5404103614940869,0.7482800228582004,0.706700857287115,0.7529668501112985
hotel_0,2023-05-22,2023-05-05,0.3950617283950617,0.8641975308641975,0.691358024691358,0.9629629629629629,0.6920502879398459,0.8122558773183429,0.6147378861412212,0.7690246942020696,0.7332496622565564,0.713283781332871
hotel_0,2023-05-23,2023-05-05,0.6172839506172839,0.8641975308641975,0.7160493827160493,0.5185185185185185,0.7206769599967487,0.8122558773183429,0.7484262687989067,0.7346625627342376,0.7471353223901631,0.7808968952654218
hotel_0,2023-05-24,2023-05-05,0.7654320987654321,0.8641975308641975,0.7777777777777778,0.5925925925925926,0.7152817099245663,0.8122558773183429,0.69996226198957,0.7427739705695879,0.7397904572369368,0.7618374062935376
hotel_0,2023-05-25,2023-05-05,0.7407407407407407,0.8641975308641975,0.7160493827160493,0.8148148148148148,0.7529082588393069,0.8122558773183429,0.7535979214551705,0.7511736695436981,0.7406607476967717,0.7585886254996199
hotel_0,2023-05-26,2023-05-05,0.8518518518518519,0.8641975308641975,0.8641975308641975,0.5432098765432098,0.857886427696318,0.8122558773183429,0.8594661768413394,0.6732339406179468,0.7699806030148013,0.81948219966636
hotel_0,2023-05-27,2023-05-05,0.9753086419753086,0.8641975308641975,0.7160493827160493,0.7407407407407407,0.8788435094634766,0.8122558773183429,0.804540156658532,0.748476242105859,0.7552002361659026,0.7668613938736183
hotel_0,2023-05-28,2023-05-05,0.8888888888888888,0.8641975308641975,0.5185185185185185,0.8765432098765432,0.6676040617419561,0.8122558773183429,0.5404103614940869,0.7532048653995528,0.718936657352694,0.7418071850617202
hotel_0,2023-05-29,2023-05-05,0.2716049382716049,0.8641975308641975,0.691358024691358,0.7160493827160493,0.6920502879398459,0.8122558773183429,0.6147378861412212,0.7245920740842405,0.7369360922167866,0.7516431207767288
hotel_0,2023-05-30,2023-05-05,0.2962962962962963,0.8641975308641975,0.7160493827160493,0.5185185185185185,0.7206769599967487,0.8122558773183429,0.7484262687989067,0.8051599173262407,0.7447151349601904,0.777299960942644
hotel_0,2023-05-31,2023-05-05,0.3950617283950617,0.8641975308641975,0.7777777777777778,0.691358024691358,0.7152817099245663,0.8122558773183429,0.69996226198957,0.8034814904094658,0.742412959486358,0.7454128616732654
hotel_0,2023-06-01,2023-05-05,0.43209876543209874,0.8641975308641975,0.7160493827160493,0.7160493827160493,0.7529082588393069,0.8122558773183429,0.7535979214551705,0.7964120352087796,0.7413198180126425,0.7426551457649143
hotel_0,2023-06-02,2023-05-05,0.691358024691358,0.8641975308641975,0.8641975308641975,0.7777777777777778,0.857886427696318,0.8122558773183429,0.8594661768413394,0.7741191136677947,0.7601924430171454,0.7294693087609316
hotel_0,2023-06-03,2023-06-02,0.8641975308641975,0.691358024691358,0.9753086419753086,0.7160493827160493,0.6651701798416771,0.5865726423130304,0.693412687707496,0.5556839595141089,0.7614669646375853,0.6521267273218601
hotel_0,2023-06-04,2023-06-02,0.5061728395061729,0.691358024691358,0.8888888888888888,0.8641975308641975,0.44619812577350415,0.5865726423130304,0.360612610054986,0.6375712175629884,0.6296959760732175,0.6115081177573021
hotel_0,2023-06-05,2023-06-02,0.7407407407407407,0.691358024691358,0.2716049382716049,0.9876543209876543,0.4630176387175448,0.5865726423130304,0.3150958909568498,0.6513937513196222,0.45532184308368506,0.5723453353510648
hotel_0,2023-06-06,2023-06-02,0.7530864197530864,0.691358024691358,0.2962962962962963,0.6049382716049383,0.4974787656284047,0.5865726423130304,0.4633887895701146,0.588413115238606,0.5135273475678103,0.6432167184657047
hotel_0,2023-06-07,2023-06-02,0.7530864197530864,0.691358024691358,0.3950617283950617,0.49382716049382713,0.49463782357505137,0.5865726423130304,0.4692753011614107,0.45832294495387943,0.5774924787404514,0.7245793087879561
hotel_0,2023-06-08,2023-06-02,0.6049382716049383,0.691358024691358,0.43209876543209874,0.6666666666666666,0.5302349726523373,0.5865726423130304,0.5423157586409435,0.4932477165436117,0.5833452278559478,0.7286610261454538
hotel_0,2023-06-09,2023-06-02,0.7901234567901234,0.691358024691358,0.691358024691358,0.6296296296296297,0.6383032223681587,0.5865726423130304,0.6497985784383532,0.4583304825747814,0.6879126384512525,0.7178346595056173
hotel_0,2023-06-10,2023-06-02,0.8518518518518519,0.691358024691358,0.9753086419753086,0.8271604938271605,0.6651701798416771,0.5865726423130304,0.693412687707496,0.49075185777898545,0.7373661697258576,0.6695630818524245
hotel_0,2023-06-11,2023-06-02,0.5308641975308642,0.691358024691358,0.8888888888888888,0.8765432098765432,0.44619812577350415,0.5865726423130304,0.360612610054986,0.5260458650303843,0.6774922597626593,0.6669083949768488
hotel_0,2023-06-12,2023-06-02,0.7407407407407407,0.691358024691358,0.2716049382716049,0.9876543209876543,0.4630176387175448,0.5865726423130304,0.3150958909568498,0.5455410673309451,0.4843410393184621,0.647389452218613
hotel_0,2023-06-13,2023-06-02,0.7901234567901234,0.691358024691358,0.2962962962962963,0.43209876543209874,0.4974787656284047,0.5865726423130304,0.4633887895701146,0.5441293797804793,0.5077528261053416,0.6917154254280404
hotel_0,2023-06-14,2023-06-02,0.8271604938271605,0.691358024691358,0.3950617283950617,0.5802469135802469,0.49463782357505137,0.5865726423130304,0.4692753011614107,0.5434928982539339,0.5497003149909873,0.6671802669328604
hotel_0,2023-06-15,2023-06-02,0.7901234567901234,0.691358024691358,0.43209876543209874,0.7037037037037037,0.5302349726523373,0.5865726423130304,0.5423157586409435,0.5408447728380925,0.5598822537283229,0.7009251532076326
hotel_0,2023-06-16,2023-06-02,0.8395061728395061,0.691358024691358,0.691358024691358,0.691358024691358,0.6383032223681587,0.5865726423130304,0.6497985784383532,0.4896871681317594,0.6506005217585316,0.712179925071881
hotel_0,2023-06-17,2023-06-02,1.0246913580246915,0.691358024691358,0.9753086419753086,0.7654320987654321,0.6651701798416771,0.5865726423130304,0.693412687707496,0.5131752777559275,0.6816134012701105,0.6387678882601353
hotel_0,2023-06-18,2023-06-02,0.6419753086419753,0.691358024691358,0.8888888888888888,0.6666666666666666,0.44619812577350415,0.5865726423130304,0.360612610054986,0.5323726965518587,0.6334479132585082,0.6728730841934847
hotel_0,2023-06-19,2023-06-02,0.5308641975308642,0.691358024691358,0.2716049382716049,0.8024691358024691,0.4630176387175448,0.5865726423130304,0.3150958909568498,0.581074054779167,0.5348483615230845,0.6270179422513288
hotel_0,2023-06-20,2023-06-02,0.7283950617283951,0.691358024691358,0.2962962962962963,0.3333333333333333,0.4974787656284047,0.5865726423130304,0.4633887895701146,0.5052497782837371,0.5551953920316474,0.7119114445236627
hotel_0,2023-06-21,2023-06-02,0.7160493827160493,0.691358024691358,0.3950617283950617,0.3950617283950617,0.49463782357505137,0.5865726423130304,0.4692753011614107,0.5390783629604644,0.5825190173918362,0.6612954160366772
hotel_0,2023-06-22,2023-06-02,0.7654320987654321,0.691358024691358,0.43209876543209874,0.6172839506172839,0.5302349726523373,0.5865726423130304,0.5423157586409435,0.5415173993660622,0.5869604600982833,0.6945822360795836
hotel_0,2023-06-23,2023-06-02,0.8148148148148148,0.691358024691358,0.691358024691358,0.7654320987654321,0.6383032223681587,0.5865726423130304,0.6497985784383532,0.576295951910424,0.63840431628001,0.6550354952268318
hotel_0,2023-06-24,2023-06-02,0.9506172839506173,0.691358024691358,0.9753086419753086,0.7407407407407407,0.6651701798416771,0.5865726423130304,0.693412687707496,0.5867407029355552,0.6590950793147456,0.6233093454415923
hotel_0,2023-06-25,2023-06-02,0.5061728395061729,0.691358024691358,0.8888888888888888,0.8518518518518519,0.44619812577350415,0.5865726423130304,0.360612610054986,0.5354717338564219,0.630795355668039,0.6465570754965031
hotel_0,2023-06-26,2023-06-02,0.5802469135802469,0.691358024691358,0.2716049382716049,0.9753086419753086,0.4630176387175448,0.5865726423130304,0.3150958909568498,0.6183618341738806,0.556877179219299,0.5926530185353607
hotel_0,2023-06-27,2023-06-02,0.691358024691358,0.691358024691358,0.2962962962962963,0.8888888888888888,0.4974787656284047,0.5865726423130304,0.4633887895701146,0.6125682974744487,0.5684060355212646,0.5846087833364937
hotel_0,2023-06-28,2023-06-02,0.654320987654321,0.691358024691358,0.3950617283950617,0.2716049382716049,0.49463782357505137,0.5865726423130304,0.4692753011614107,0.48529741754596256,0.5862678292072079,0.7189276368842131
hotel_0,2023-06-29,2023-06-02,0.7160493827160493,0.691358024691358,0.43209876543209874,0.2962962962962963,0.5302349726523373,0.5865726423130304,0.5423157586409435,0.554270372891085,0.5899330021062128,0.745571472925678
hotel_0,2023-06-30,2023-06-02,0.8271604938271605,0.691358024691358,0.691358024691358,0.3950617283950617,0.6383032223681587,0.5865726423130304,0.6497985784383532,0.5657183000399402,0.6262216409270527,0.6998107084808433
hotel_105,2023-02-11,2023-02-10,0.9685534591194969,0.9433962264150944,0.9119496855345912,0.5157232704402516,0.9260820488454063,0.7639704432778769,0.9867545069910223,0.7171525765453436,0.9178108327353515,0.8246280000921118
hotel_105,2023-02-12,2023-02-10,0.46540880503144655,0.9433962264150944,0.4968553459119497,1.0188679245283019,0.5517982936093386,0.7639704432778769,0.5983289466653171,0.8253454042792779,0.6505530268819544,0.7264017699367263
hotel_105,2023-02-13,2023-02-10,0.44025157232704404,0.9433962264150944,0.6037735849056604,0.9371069182389937,0.6394936643878099,0.7639704432778769,0.6691495897581141,0.8001211365063786,0.6828800208878891,0.7264017699367263
hotel_105,2023-02-14,2023-02-10,0.6163522012578616,0.9433962264150944,0.6666666666666666,0.4528301886792453,0.6854896589112977,0.7639704432778769,0.7019766438729406,0.7343588739230655,0.6797820869529935,0.7264017699367263
hotel_105,2023-02-15,2023-02-10,0.6729559748427673,0.9433962264150944,0.6226415094339622,0.4088050314465409,0.705083712004108,0.7639704432778769,0.713502928408172,0.7811194543157932,0.6840961537743396,0.7264017699367263
hotel_105,2023-02-16,2023-02-10,0.6792452830188679,0.9433962264150944,0.6918238993710691,0.5094339622641509,0.7421543909588261,0.7639704432778769,0.7252469989067298,0.7515381027942649,0.687469108210312,0.7264017699367263
hotel_105,2023-02-17,2023-02-10,0.8616352201257862,0.9433962264150944,0.9433962264150944,0.4716981132075472,0.9129781210034612,0.7639704432778769,0.9200876768194469,0.7972593752722839,0.8587617545245917,0.7264017699367263
hotel_105,2023-02-18,2023-02-10,0.9811320754716981,0.9433962264150944,0.9119496855345912,0.5094339622641509,0.9260820488454063,0.7639704432778769,0.9867545069910223,0.8134751155063931,0.8424827537290812,0.7264017699367263
hotel_105,2023-02-19,2023-02-10,0.9056603773584906,0.9433962264150944,0.4968553459119497,0.8050314465408805,0.5517982936093386,0.7639704432778769,0.5983289466653171,0.8741349722043559,0.6382645314362025,0.7264017699367263
hotel_105,2023-02-20,2023-02-10,0.7547169811320755,0.9433962264150944,0.6037735849056604,0.8364779874213837,0.6394936643878099,0.7639704432778769,0.6691495897581141,0.8614554660772518,0.6764209052396402,0.7264017699367263
hotel_105,2023-02-21,2023-02-10,0.8427672955974843,0.9433962264150944,0.6666666666666666,0.4339622641509434,0.6854896589112977,0.7639704432778769,0.7019766438729406,0.7343513438277387,0.6907769739447687,0.7264017699367263
hotel_105,2023-02-22,2023-02-10,0.9685534591194969,0.9433962264150944,0.6226415094339622,0.5094339622641509,0.705083712004108,0.7639704432778769,0.713502928408172,0.7356530297816305,0.6809075782499299,0.7264017699367263
hotel_105,2023-02-23,2023-02-10,0.8301886792452831,0.9433962264150944,0.6918238993710691,0.5408805031446541,0.7421543909588261,0.7639704432778769,0.7252469989067298,0.8121252361452087,0.6995200742648183,0.7264017699367263
hotel_105,2023-02-24,2023-02-10,0.9245283018867925,0.9433962264150944,0.9433962264150944,0.5094339622641509,0.9129781210034612,0.7639704432778769,0.9200876768194469,0.8340685369487814,0.8258118363159623,0.7264017699367263
hotel_105,2023-02-25,2023-02-10,0.9056603773584906,0.9433962264150944,0.9119496855345912,0.5723270440251572,0.9260820488454063,0.7639704432778769,0.9867545069910223,0.8109323660703759,0.8133142775385876,0.7264017699367263
hotel_105,2023-02-26,2023-02-10,0.5974842767295597,0.9433962264150944,0.4968553459119497,0.5911949685534591,0.5517982936093386,0.7639704432778769,0.5983289466653171,0.7837676137763998,0.6708776501872976,0.7264017699367263
hotel_105,2023-02-27,2023-02-10,0.6666666666666666,0.9433962264150944,0.6037735849056604,0.779874213836478,0.6394936643878099,0.7639704432778769,0.6691495897581141,0.7606234757776306,0.6929960488627113,0.7264017699367263
hotel_105,2023-02-28,2023-02-10,0.660377358490566,0.9433962264150944,0.6666666666666666,0.5031446540880503,0.6854896589112977,0.7639704432778769,0.7019766438729406,0.6978465305004891,0.6974422815428425,0.7264017699367263
hotel_105,2023-03-01,2023-02-10,0.7672955974842768,0.9433962264150944,0.6226415094339622,0.5849056603773585,0.705083712004108,0.7639704432778769,0.713502928408172,0.7584069811091714,0.6949228255131669,0.7264017699367263
hotel_105,2023-03-02,2023-02-10,0.8427672955974843,0.9433962264150944,0.6918238993710691,0.5471698113207547,0.7421543909588261,0.7639704432778769,0.7252469989067298,0.715358069579149,0.7025738220564931,0.7264017699367263
hotel_105,2023-03-03,2023-02-10,0.8679245283018868,0.9433962264150944,0.9433962264150944,0.6666666666666666,0.9129781210034612,0.7639704432778769,0.9200876768194469,0.7307575956204648,0.7921595952280654,0.7264017699367263
hotel_105,2023-03-04,2023-02-10,0.7924528301886793,0.9433962264150944,0.9119496855345912,0.6037735849056604,0.9260820488454063,0.7639704432778769,0.9867545069910223,0.6789675895337488,0.783462786574999,0.7264017699367263
hotel_105,2023-03-05,2023-02-10,0.5283018867924528,0.9433962264150944,0.4968553459119497,0.9308176100628931,0.5517982936093386,0.7639704432778769,0.5983289466653171,0.7331230014162866,0.6796232024070875,0.7264017699367263
hotel_105,2023-03-06,2023-02-10,0.6540880503144654,0.9433962264150944,0.6037735849056604,0.9119496855345912,0.6394936643878099,0.7639704432778769,0.6691495897581141,0.6935103519244005,0.6973817711407413,0.7264017699367263
hotel_105,2023-03-07,2023-02-10,0.7295597484276729,0.9433962264150944,0.6666666666666666,0.4968553459119497,0.6854896589112977,0.7639704432778769,0.7019766438729406,0.6704302223640339,0.7026471762884434,0.7264017699367263
hotel_105,2023-03-08,2023-02-10,0.7358490566037735,0.9433962264150944,0.6226415094339622,0.6037735849056604,0.705083712004108,0.7639704432778769,0.713502928408172,0.7941326609104503,0.6992231545964238,0.7264017699367263
hotel_105,2023-03-09,2023-02-10,0.6729559748427673,0.9433962264150944,0.6918238993710691,0.6666666666666666,0.7421543909588261,0.7639704432778769,0.7252469989067298,0.7102321664660659,0.706739286860835,0.7264017699367263
hotel_105,2023-03-10,2023-02-10,0.7924528301886793,0.9433962264150944,0.9433962264150944,0.6226415094339622,0.9129781210034612,0.7639704432778769,0.9200876768194469,0.7697333214929493,0.7715029063896854,0.7264017699367263
hotel_105,2023-03-11,2023-03-10,0.9245283018867925,0.7924528301886793,0.7924528301886793,0.6918238993710691,0.8397709552326075,0.732384075706064,0.8526964612528469,0.7407205315707251,0.7751300478391477,0.7756795172270103
hotel_105,2023-03-12,2023-03-10,0.8930817610062893,0.7924528301886793,0.5283018867924528,0.9433962264150944,0.518081431428418,0.732384075706064,0.523468666987813,0.7589674115634253,0.607929301503534,0.719935933840759
hotel_105,2023-03-13,2023-03-10,0.9245283018867925,0.7924528301886793,0.6540880503144654,0.9685534591194969,0.5659025851301425,0.732384075706064,0.5550594876214336,0.7513178254278454,0.6750842356862433,0.7182710903756202
hotel_105,2023-03-14,2023-03-10,0.9559748427672956,0.7924528301886793,0.7295597484276729,0.46540880503144655,0.6287578292615941,0.732384075706064,0.6173106728903295,0.7767308348283339,0.7033184305873058,0.752808641102006
hotel_105,2023-03-15,2023-03-10,0.9937106918238994,0.7924528301886793,0.7358490566037735,0.44025157232704404,0.6679457099322537,0.732384075706064,0.6661661096502104,0.7514619192790891,0.7337728575490391,0.7550963186801435
hotel_105,2023-03-16,2023-03-10,0.9811320754716981,0.7924528301886793,0.6729559748427673,0.6163522012578616,0.6692336583860319,0.732384075706064,0.6554092582232269,0.7104692494618752,0.7305080994287089,0.7446647498693844
hotel_105,2023-03-17,2023-03-10,0.8301886792452831,0.7924528301886793,0.7924528301886793,0.6729559748427673,0.8109428356365567,0.732384075706064,0.8107389522639938,0.7631078213928709,0.7809451716196075,0.7406388968078602
hotel_105,2023-03-18,2023-03-10,0.7735849056603774,0.7924528301886793,0.7924528301886793,0.6792452830188679,0.8397709552326075,0.732384075706064,0.8526964612528469,0.7364951850611067,0.7559294867908841,0.7397807740683516
hotel_105,2023-03-19,2023-03-10,0.6226415094339622,0.7924528301886793,0.5283018867924528,0.8616352201257862,0.518081431428418,0.732384075706064,0.523468666987813,0.8138049104770908,0.6286575654213078,0.7263633234095754
hotel_105,2023-03-20,2023-03-10,0.5786163522012578,0.7924528301886793,0.6540880503144654,0.9811320754716981,0.5659025851301425,0.732384075706064,0.5550594876214336,0.8473451151753679,0.6848734704682362,0.7172706337186912
hotel_105,2023-03-21,2023-03-10,0.660377358490566,0.7924528301886793,0.7295597484276729,0.9056603773584906,0.6287578292615941,0.732384075706064,0.6173106728903295,0.893977560218741,0.7141950472652213,0.7212330479690356
hotel_105,2023-03-22,2023-03-10,0.6918238993710691,0.7924528301886793,0.7358490566037735,0.7547169811320755,0.6679457099322537,0.732384075706064,0.6661661096502104,0.8565872253934058,0.7269349586897582,0.7322316980905659
hotel_105,2023-03-23,2023-03-10,0.7169811320754716,0.7924528301886793,0.6729559748427673,0.8427672955974843,0.6692336583860319,0.732384075706064,0.6554092582232269,0.7494735209242385,0.7099685902240571,0.7280099835374538
hotel_105,2023-03-24,2023-03-10,0.8176100628930818,0.7924528301886793,0.7924528301886793,0.9685534591194969,0.8109428356365567,0.732384075706064,0.8107389522639938,0.7699386811892429,0.7584155114579806,0.7182918084311742
hotel_105,2023-03-25,2023-03-10,0.8301886792452831,0.7924528301886793,0.7924528301886793,0.8301886792452831,0.8397709552326075,0.732384075706064,0.8526964612528469,0.821941553056404,0.7449305445971753,0.7283548714127919
hotel_105,2023-03-26,2023-03-10,0.559748427672956,0.7924528301886793,0.5283018867924528,0.9245283018867925,0.518081431428418,0.732384075706064,0.523468666987813,0.8621082264914172,0.656441638166802,0.7214272158382138
hotel_105,2023-03-27,2023-03-10,0.7735849056603774,0.7924528301886793,0.6540880503144654,0.9056603773584906,0.5659025851301425,0.732384075706064,0.5550594876214336,0.8340107669823409,0.6938492866824698,0.7224770515677477
hotel_105,2023-03-28,2023-03-10,0.8679245283018868,0.7924528301886793,0.7295597484276729,0.5974842767295597,0.6287578292615941,0.732384075706064,0.6173106728903295,0.7618594412257215,0.7116551749817402,0.7452318389511638
hotel_105,2023-03-29,2023-03-10,0.8176100628930818,0.7924528301886793,0.7358490566037735,0.6666666666666666,0.6679457099322537,0.732384075706064,0.6661661096502104,0.7512718605008752,0.7239583801252824,0.7390596140249677
hotel_105,2023-03-30,2023-03-10,0.6415094339622641,0.7924528301886793,0.6729559748427673,0.660377358490566,0.6692336583860319,0.732384075706064,0.6554092582232269,0.6883582693256702,0.7169388651440678,0.741050386724324
hotel_105,2023-03-31,2023-03-10,0.7987421383647799,0.7924528301886793,0.7924528301886793,0.7672955974842768,0.8109428356365567,0.732384075706064,0.8107389522639938,0.7657222597821954,0.7473078113144148,0.7326559563713757
hotel_105,2023-04-01,2023-03-10,0.8301886792452831,0.7924528301886793,0.7924528301886793,0.8427672955974843,0.8397709552326075,0.732384075706064,0.8526964612528469,0.7383925644609541,0.7360988446633324,0.7273813982631099
hotel_105,2023-04-02,2023-03-10,0.5723270440251572,0.7924528301886793,0.5283018867924528,0.8679245283018868,0.518081431428418,0.732384075706064,0.523468666987813,0.750159807780702,0.6718048919263537,0.7249214365941848
hotel_105,2023-04-03,2023-03-10,0.7735849056603774,0.7924528301886793,0.6540880503144654,0.7924528301886793,0.5659025851301425,0.732384075706064,0.5550594876214336,0.6914492319692935,0.6995904224063219,0.7308932431465899
hotel_105,2023-04-04,2023-03-10,0.7924528301886793,0.7924528301886793,0.7295597484276729,0.5283018867924528,0.6287578292615941,0.732384075706064,0.6173106728903295,0.7031518367993596,0.7134597764433778,0.7486674148243039
hotel_105,2023-04-05,2023-03-10,0.8805031446540881,0.7924528301886793,0.7358490566037735,0.6540880503144654,0.6679457099322537,0.732384075706064,0.6661661096502104,0.6839033362628767,0.7211547420444159,0.7394525576969415
hotel_105,2023-04-06,2023-03-10,0.6352201257861635,0.7924528301886793,0.6729559748427673,0.7295597484276729,0.6692336583860319,0.732384075706064,0.6554092582232269,0.6653797527302866,0.7143294692016525,0.7361363431770144
hotel_105,2023-04-07,2023-03-10,0.9685534591194969,0.7924528301886793,0.7924528301886793,0.7358490566037735,0.8109428356365567,0.732384075706064,0.8107389522639938,0.7855433970671536,0.737592016616615,0.7348807473371404
hotel_105,2023-04-08,2023-04-07,0.9056603773584906,0.9685534591194969,0.8301886792452831,0.6729559748427673,0.9392546359785798,0.8241561835546682,0.9229655603211433,0.7689317916112985,0.9267651760330675,0.8679025727151959
hotel_105,2023-04-09,2023-04-07,0.5534591194968553,0.9685534591194969,0.5723270440251572,0.7924528301886793,0.7261514528895958,0.8241561835546682,0.705121869627962,0.8399661164923554,0.718681277837378,0.7633911256899343
hotel_105,2023-04-10,2023-04-07,0.6666666666666666,0.9685534591194969,0.7735849056603774,0.9245283018867925,0.7548586400087209,0.8241561835546682,0.7813607742490495,0.8327966557720524,0.8200660493062839,0.7840289074507
hotel_105,2023-04-11,2023-04-07,0.7421383647798742,0.9685534591194969,0.7924528301886793,0.8930817610062893,0.8101107073259887,0.8241561835546682,0.8411056521434396,0.8555996559053315,0.8349246251239715,0.8731393686759497
hotel_105,2023-04-12,2023-04-07,0.7924528301886793,0.9685534591194969,0.8805031446540881,0.9245283018867925,0.8275872162408401,0.8241561835546682,0.8803325089228722,0.8475057920016217,0.8450264052711222,0.7543936634712118
hotel_105,2023-04-13,2023-04-07,0.7610062893081762,0.9685534591194969,0.6352201257861635,0.9559748427672956,0.8263361612933595,0.8241561835546682,0.8041766841799656,0.8756779864040933,0.7043844111675955,0.7212176448283921
hotel_105,2023-04-14,2023-04-07,0.8301886792452831,0.9685534591194969,0.9685534591194969,0.9937106918238994,0.9081339175483477,0.8241561835546682,0.9128888682571517,0.8587243974701525,0.8636348426463701,0.848743264974094
hotel_105,2023-04-15,2023-04-07,0.8742138364779874,0.9685534591194969,0.8301886792452831,0.9811320754716981,0.9424615704656303,0.8241561835546682,0.9229655603211433,0.8168842382015707,0.8542542910189179,0.824829608557649
hotel_105,2023-04-16,2023-04-07,0.6415094339622641,0.9685534591194969,0.5723270440251572,0.8301886792452831,0.7293583873766463,0.8241561835546682,0.705121869627962,0.8397727886497435,0.7110056612287243,0.7137920772090044
hotel_105,2023-04-17,2023-04-07,0.7861635220125787,0.9685534591194969,0.7735849056603774,0.7735849056603774,0.7580655744957714,0.8241561835546682,0.7813607742490495,0.8043652434664469,0.7987315479999842,0.7848971491140199
hotel_105,2023-04-18,2023-04-07,0.9371069182389937,0.9685534591194969,0.7924528301886793,0.6226415094339622,0.813317641813039,0.8241561835546682,0.8411056521434396,0.8577432677618302,0.8085762032184817,0.8596915417257901
hotel_105,2023-04-19,2023-04-07,0.9056603773584906,0.9685534591194969,0.8805031446540881,0.5786163522012578,0.8307941507278905,0.8241561835546682,0.8803325089228722,0.8812557633622554,0.8344104396555334,0.7594202562289275
hotel_105,2023-04-20,2023-04-07,0.779874213836478,0.9685534591194969,0.6352201257861635,0.660377358490566,0.82954309578041,0.8241561835546682,0.8041766841799656,0.937708572877488,0.7202094897655054,0.7318364822941871
hotel_105,2023-04-21,2023-04-07,0.9371069182389937,0.9685534591194969,0.9685534591194969,0.6918238993710691,0.9113408520353982,0.8241561835546682,0.9128888682571517,0.9073911004776528,0.8633886322014246,0.8393342221160731
hotel_105,2023-04-22,2023-04-07,0.8553459119496856,0.9685534591194969,0.8301886792452831,0.7169811320754716,0.9456685049526807,0.8241561835546682,0.9229655603211433,0.8118249553427153,0.8492715345506987,0.8188124541735341
hotel_105,2023-04-23,2023-04-07,0.6477987421383647,0.9685534591194969,0.5723270440251572,0.8176100628930818,0.7325653218636967,0.8241561835546682,0.705121869627962,0.8484914164679354,0.7436749913796316,0.7253716799474041
hotel_105,2023-04-24,2023-04-07,0.8930817610062893,0.9685534591194969,0.7735849056603774,0.8301886792452831,0.7612725089828218,0.8241561835546682,0.7813607742490495,0.8950642720109488,0.8016904399627427,0.7855872025373597
hotel_105,2023-04-25,2023-04-07,1.0,0.9685534591194969,0.7924528301886793,0.559748427672956,0.8165245763000895,0.8241561835546682,0.8411056521434396,0.8937178766096473,0.8090763902736845,0.8483635811818674
hotel_105,2023-04-26,2023-04-07,1.0062893081761006,0.9685534591194969,0.8805031446540881,0.7735849056603774,0.8340010852149409,0.8241561835546682,0.8803325089228722,0.8999549073740978,0.8211428212991018,0.7636938272036384
hotel_105,2023-04-27,2023-04-07,0.7484276729559748,0.9685534591194969,0.6352201257861635,0.8679245283018868,0.8327500302674604,0.8241561835546682,0.8041766841799656,0.8479886505922933,0.7433918318039296,0.7407642761805581
hotel_105,2023-04-28,2023-04-07,0.8616352201257862,0.9685534591194969,0.9685534591194969,0.8176100628930818,0.9145477865224486,0.8241561835546682,0.9128888682571517,0.8356278855458397,0.8365271380342414,0.8313783660601585
hotel_105,2023-04-29,2023-04-07,1.0,0.9685534591194969,0.8301886792452831,0.6415094339622641,0.9488754394397312,0.8241561835546682,0.9229655603211433,0.7496390771416349,0.8289481392812336,0.8137732012984129
hotel_105,2023-04-30,2023-04-07,0.5283018867924528,0.9685534591194969,0.5723270440251572,0.7987421383647799,0.7357722563507472,0.8241561835546682,0.705121869627962,0.8468829164211853,0.7537045724340055,0.7351417177400557
hotel_105,2023-05-01,2023-04-07,0.6666666666666666,0.9685534591194969,0.7735849056603774,0.8301886792452831,0.7644794434698723,0.8241561835546682,0.7813607742490495,0.826230400611796,0.7973349620965267,0.7861336218477842
hotel_105,2023-05-02,2023-04-07,0.8238993710691824,0.9685534591194969,0.7924528301886793,0.5723270440251572,0.8197315107871399,0.8241561835546682,0.8411056521434396,0.793021516969907,0.80255312553474,0.8388214429424702
hotel_105,2023-05-03,2023-04-07,0.7358490566037735,0.9685534591194969,0.8805031446540881,0.7735849056603774,0.8372080197019913,0.8241561835546682,0.8803325089228722,0.774820210865225,0.8135549226826231,0.7673268690836118
hotel_105,2023-05-04,2023-04-07,0.8238993710691824,0.9685534591194969,0.6352201257861635,0.7924528301886793,0.8359569647545108,0.8241561835546682,0.8041766841799656,0.7889365855687731,0.7559369712269938,0.748270181860661
hotel_105,2023-05-05,2023-04-07,0.89937106918239,0.9685534591194969,0.9685534591194969,0.8805031446540881,0.9177547210094991,0.8241561835546682,0.9128888682571517,0.7886371287259808,0.8265762391402686,0.8246514112198932
hotel_105,2023-05-06,2023-05-05,0.9056603773584906,0.89937106918239,1.0,0.6352201257861635,0.9301193254786717,0.8200870350637951,0.9022397384441587,0.7324995379693213,0.8897470472269623,0.8665925048520934
hotel_105,2023-05-07,2023-05-05,0.7672955974842768,0.89937106918239,0.5283018867924528,0.9685534591194969,0.6543867587653927,0.8200870350637951,0.6243031630503622,0.8979783595828019,0.6709356001203869,0.7981425622411839
hotel_105,2023-05-08,2023-05-05,1.0125786163522013,0.89937106918239,0.6666666666666666,0.9056603773584906,0.7534388290304801,0.8200870350637951,0.7730961551588265,0.801822665946397,0.7954476294982393,0.8046892189100873
hotel_105,2023-05-09,2023-05-05,0.9937106918238994,0.89937106918239,0.8238993710691824,0.5534591194968553,0.812687153359074,0.8200870350637951,0.8706947758310568,0.8072368763876246,0.8793912136213635,0.8413504962559465
hotel_105,2023-05-10,2023-05-05,1.0,0.89937106918239,0.7358490566037735,0.6666666666666666,0.8123584283339613,0.8200870350637951,0.8711624202146303,0.8184921090630101,0.849520093985997,0.8295665142519203
hotel_105,2023-05-11,2023-05-05,0.7924528301886793,0.89937106918239,0.8238993710691824,0.7421383647798742,0.7738843672302238,0.8200870350637951,0.7705291600426426,0.8600478512952134,0.8058518887660107,0.8217105262492361
hotel_105,2023-05-12,2023-05-05,1.0062893081761006,0.89937106918239,0.89937106918239,0.7924528301886793,0.9052821285200687,0.8200870350637951,0.8995300970035681,0.8574722667093645,0.8662690159048215,0.8164732009141134
hotel_105,2023-05-13,2023-05-05,0.9685534591194969,0.89937106918239,1.0,0.7610062893081762,0.9301193254786717,0.8200870350637951,0.9022397384441587,0.8752879635433968,0.9035804974929682,0.8197465292485651
hotel_105,2023-05-14,2023-05-05,0.6415094339622641,0.89937106918239,0.5283018867924528,0.8301886792452831,0.6543867587653927,0.8200870350637951,0.6243031630503622,0.8719989930112657,0.6846607594520553,0.8125452069127713
hotel_105,2023-05-15,2023-05-05,0.9622641509433962,0.89937106918239,0.6666666666666666,0.8742138364779874,0.7534388290304801,0.8200870350637951,0.7730961551588265,0.8406453176238275,0.7709877703828032,0.8079625472445389
hotel_105,2023-05-16,2023-05-05,1.0314465408805031,0.89937106918239,0.8238993710691824,0.6415094339622641,0.812687153359074,0.8200870350637951,0.8706947758310568,0.8184753799255998,0.8481538146581313,0.8321851769194816
hotel_105,2023-05-17,2023-05-05,1.0,0.89937106918239,0.7358490566037735,0.7861635220125787,0.8123584283339613,0.8200870350637951,0.8711624202146303,0.8071624911369517,0.8114472589764729,0.8171278665810037
hotel_105,2023-05-18,2023-05-05,0.8867924528301887,0.89937106918239,0.8238993710691824,0.9371069182389937,0.7738843672302238,0.8200870350637951,0.7705291600426426,0.8795902028449674,0.8217224704192203,0.8014158905756354
hotel_105,2023-05-19,2023-05-05,0.949685534591195,0.89937106918239,0.89937106918239,0.9056603773584906,0.9052821285200687,0.8200870350637951,0.8995300970035681,0.8942140917549527,0.8662441303042103,0.8046892189100872
hotel_105,2023-05-20,2023-05-05,0.9937106918238994,0.89937106918239,1.0,0.779874213836478,0.9301193254786717,0.8200870350637951,0.9022397384441587,0.9255139756378205,0.8772286014515747,0.817782532247894
hotel_105,2023-05-21,2023-05-05,0.8553459119496856,0.89937106918239,0.5283018867924528,0.9371069182389937,0.6543867587653927,0.8200870350637951,0.6243031630503622,0.9240378148178334,0.7330373767886912,0.8014158905756354
hotel_105,2023-05-22,2023-05-05,0.9622641509433962,0.89937106918239,0.6666666666666666,0.8553459119496856,0.7534388290304801,0.8200870350637951,0.7730961551588265,0.8252597663117447,0.8015134818388837,0.8099265442452099
hotel_105,2023-05-23,2023-05-05,0.9559748427672956,0.89937106918239,0.8238993710691824,0.6477987421383647,0.812687153359074,0.8200870350637951,0.8706947758310568,0.8289077381654435,0.854675190554238,0.8315305112525913
hotel_105,2023-05-24,2023-05-05,1.0,0.89937106918239,0.7358490566037735,0.8930817610062893,0.8123584283339613,0.8200870350637951,0.8711624202146303,0.9025195525029959,0.8327180930957161,0.8059985502438678
hotel_105,2023-05-25,2023-05-05,0.9433962264150944,0.89937106918239,0.8238993710691824,1.0,0.7738843672302238,0.8200870350637951,0.7705291600426426,0.917275855959773,0.8238171518001143,0.7948692339067319
hotel_105,2023-05-26,2023-05-05,1.0062893081761006,0.89937106918239,0.89937106918239,1.0062893081761006,0.9052821285200687,0.8200870350637951,0.8995300970035681,0.9271097297391329,0.8581381410190794,0.7942145682398416
hotel_105,2023-05-27,2023-05-05,1.0,0.89937106918239,1.0,0.7484276729559748,0.9301193254786717,0.8200870350637951,0.9022397384441587,0.8411164760088445,0.8734111016859509,0.8210558605823457
hotel_105,2023-05-28,2023-05-05,0.9056603773584906,0.89937106918239,0.5283018867924528,0.8616352201257862,0.6543867587653927,0.8200870350637951,0.6243031630503622,0.8557431943508358,0.7564514209883013,0.8092718785783195
hotel_105,2023-05-29,2023-05-05,0.9182389937106918,0.89937106918239,0.6666666666666666,1.0,0.7534388290304801,0.8200870350637951,0.7730961551588265,0.7985886088358963,0.8071591181716272,0.7948692339067319
hotel_105,2023-05-30,2023-05-05,0.9748427672955975,0.89937106918239,0.8238993710691824,0.5283018867924528,0.812687153359074,0.8200870350637951,0.8706947758310568,0.8097520469131911,0.8495790940376351,0.8439691589235078
hotel_105,2023-05-31,2023-05-05,1.0125786163522013,0.89937106918239,0.7358490566037735,0.6666666666666666,0.8123584283339613,0.8200870350637951,0.8711624202146303,0.8125420371955343,0.8309885585987821,0.8295665142519202
hotel_105,2023-06-01,2023-05-05,0.8930817610062893,0.89937106918239,0.8238993710691824,0.8238993710691824,0.7738843672302238,0.8200870350637951,0.7705291600426426,0.8024615714671792,0.8310312386894867,0.8131998725796615
hotel_105,2023-06-02,2023-05-05,0.949685534591195,0.89937106918239,0.89937106918239,0.7358490566037735,0.9052821285200687,0.8200870350637951,0.8995300970035681,0.7780855551301684,0.8569438799335178,0.8223651919161263
hotel_105,2023-06-03,2023-06-02,1.0125786163522013,0.949685534591195,1.0,0.8238993710691824,1.0167414209470118,0.9480926516993626,0.9823635665822438,0.9362289301707047,0.9664051522215634,0.9766858882843135
hotel_105,2023-06-04,2023-06-02,0.9119496855345912,0.949685534591195,0.9056603773584906,0.89937106918239,0.799594433828028,0.9480926516993626,0.74887860816564,0.9541655580838516,0.8834538070662175,0.9681141122307403
hotel_105,2023-06-05,2023-06-02,0.9937106918238994,0.949685534591195,0.9182389937106918,0.9056603773584906,0.9239283380250877,0.9480926516993626,0.9157482004380688,0.8853317013510567,0.9218135910520798,0.9350625959771617
hotel_105,2023-06-06,2023-06-02,1.0062893081761006,0.949685534591195,0.9748427672955975,0.7672955974842768,0.9641710582387015,0.9480926516993626,0.9766988400561515,1.0148540726719306,0.9391855832286642,0.9576178980767001
hotel_105,2023-06-07,2023-06-02,0.9811320754716981,0.949685534591195,1.0125786163522013,1.0125786163522013,0.9588699457111701,0.9480926516993626,0.9735683791982502,0.9669112329161212,0.9653105251136085,0.9688017172648468
hotel_105,2023-06-08,2023-06-02,0.9559748427672956,0.949685534591195,0.8930817610062893,0.9937106918238994,0.8574510781853502,0.9480926516993626,0.8628707029420624,0.9585415913008123,0.9061021467594694,0.9477419162926917
hotel_105,2023-06-09,2023-06-02,0.9811320754716981,0.949685534591195,0.949685534591195,1.0,0.9748835792868034,0.9480926516993626,0.9647893857249147,0.9740650277736385,0.9453847176615147,0.9507419111618864
hotel_105,2023-06-10,2023-06-02,1.0062893081761006,0.949685534591195,1.0,0.7924528301886793,1.0167414209470118,0.9480926516993626,0.9823635665822438,0.984395073516838,0.9488474520653651,0.9636136462235741
hotel_105,2023-06-11,2023-06-02,0.9811320754716981,0.949685534591195,0.9056603773584906,1.0062893081761006,0.799594433828028,0.9480926516993626,0.74887860816564,1.0166788903338397,0.8901813081122013,0.9550606797020659
hotel_105,2023-06-12,2023-06-02,0.9937106918238994,0.949685534591195,0.9182389937106918,0.9685534591194969,0.9239283380250877,0.9480926516993626,0.9157482004380688,1.0197394091057006,0.9071840030546596,0.9505884510343401
hotel_105,2023-06-13,2023-06-02,1.0377358490566038,0.949685534591195,0.9748427672955975,0.6415094339622641,0.9641710582387015,0.9480926516993626,0.9766988400561515,0.9676041464041059,0.9311973249588025,0.9586912016077134
hotel_105,2023-06-14,2023-06-02,1.0125786163522013,0.949685534591195,1.0125786163522013,0.9622641509433962,0.9588699457111701,0.9480926516993626,0.9735683791982502,0.9918313685095171,0.9521516016804489,0.9576525874459471
hotel_105,2023-06-15,2023-06-02,1.0188679245283019,0.949685534591195,0.8930817610062893,1.0314465408805031,0.8574510781853502,0.9480926516993626,0.8628707029420624,0.9711588793467139,0.8935932669603428,0.9526417686684588
hotel_105,2023-06-16,2023-06-02,0.9622641509433962,0.949685534591195,0.949685534591195,1.0,0.9748835792868034,0.9480926516993626,0.9647893857249147,0.9577077380592142,0.9251095444834792,0.9558830407092911
hotel_105,2023-06-17,2023-06-02,0.9245283018867925,0.949685534591195,1.0,0.8867924528301887,1.0167414209470118,0.9480926516993626,0.9823635665822438,1.0010458436979561,0.931635558530508,0.9576686414893217
hotel_105,2023-06-18,2023-06-02,0.9937106918238994,0.949685534591195,0.9056603773584906,0.949685534591195,0.799594433828028,0.9480926516993626,0.74887860816564,1.0217576925419576,0.8850186905368669,0.954552116628919
hotel_105,2023-06-19,2023-06-02,1.0062893081761006,0.949685534591195,0.9182389937106918,0.9937106918238994,0.9239283380250877,0.9480926516993626,0.9157482004380688,1.0523880724455623,0.9031111401501738,0.9549068686254092
hotel_105,2023-06-20,2023-06-02,1.0062893081761006,0.949685534591195,0.9748427672955975,0.8553459119496856,0.9641710582387015,0.9480926516993626,0.9766988400561515,1.0340008051231442,0.9168541729385536,0.956856755137477
hotel_105,2023-06-21,2023-06-02,1.0125786163522013,0.949685534591195,1.0125786163522013,0.9622641509433962,0.9588699457111701,0.9480926516993626,0.9735683791982502,0.9658569482344539,0.9323685112897018,0.9556292169330185
hotel_105,2023-06-22,2023-06-02,1.0566037735849056,0.949685534591195,0.8930817610062893,0.9559748427672956,0.8574510781853502,0.9480926516993626,0.8628707029420624,0.9671562339365904,0.8934223462250191,0.9549173217922071
hotel_105,2023-06-23,2023-06-02,0.9874213836477987,0.949685534591195,0.949685534591195,1.0,0.9748835792868034,0.9480926516993626,0.9647893857249147,1.0330683804013103,0.9167590079766118,0.9561156279880259
hotel_105,2023-06-24,2023-06-02,0.9874213836477987,0.949685534591195,1.0,0.9433962264150944,1.0167414209470118,0.9480926516993626,0.9823635665822438,1.033802670816076,0.9200897558827076,0.9559965305285641
hotel_105,2023-06-25,2023-06-02,0.9937106918238994,0.949685534591195,0.9056603773584906,1.0062893081761006,0.799594433828028,0.9480926516993626,0.74887860816564,1.05831327498498,0.8853848716307224,0.9552380543328868
hotel_105,2023-06-26,2023-06-02,1.0188679245283019,0.949685534591195,0.9182389937106918,1.0,0.9239283380250877,0.9480926516993626,0.9157482004380688,0.9791318741011589,0.8970009041061822,0.955702639014077
hotel_105,2023-06-27,2023-06-02,1.0314465408805031,0.949685534591195,0.9748427672955975,0.9056603773584906,0.9641710582387015,0.9480926516993626,0.9766988400561515,0.9866505353549602,0.9093877682869764,0.9559860776805148
hotel_105,2023-06-28,2023-06-02,1.0440251572327044,0.949685534591195,1.0125786163522013,0.9182389937106918,0.9588699457111701,0.9480926516993626,0.9735683791982502,0.939581231426318,0.9213956038921053,0.9555254784933285
hotel_105,2023-06-29,2023-06-02,1.0062893081761006,0.949685534591195,0.8930817610062893,0.9748427672955975,0.8574510781853502,0.9480926516993626,0.8628707029420624,0.9447708158837613,0.8893374398080129,0.9555645588949225
hotel_105,2023-06-30,2023-06-02,1.0,0.949685534591195,0.949685534591195,1.0125786163522013,0.9748835792868034,0.9480926516993626,0.9647893857249147,0.9562069485831085,0.9073992562805455,0.9558594823576212
hotel_112,2023-02-11,2023-02-10,0.75,0.9625,0.91875,0.73125,0.9174207062726428,0.932058006207673,0.8807567972312434,0.9557684445442244,0.8984697829373249,0.9148606294687178
hotel_112,2023-02-12,2023-02-10,0.93125,0.9625,0.7875,0.5625,0.8805144390911736,0.932058006207673,0.8882223241506855,0.9395556581290573,0.876582365181759,0.8991766784248485
hotel_112,2023-02-13,2023-02-10,0.84375,0.9625,0.8875,0.525,0.9370642710473704,0.932058006207673,0.9568333451000728,0.9275340679983489,0.8825667947703382,0.8913849209636449
hotel_112,2023-02-14,2023-02-10,0.8875,0.9625,0.9875,0.575,0.9383178765193693,0.932058006207673,0.9801429589483236,0.9337915269074186,0.8814676155925272,0.8881084855820358
hotel_112,2023-02-15,2023-02-10,0.84375,0.9625,0.89375,0.93125,0.9688077858715541,0.932058006207673,0.9977174181227397,0.9186301956434774,0.8769397267144623,0.8866416312128308
hotel_112,2023-02-16,2023-02-10,0.96875,0.9625,1.0,0.89375,0.9588843218440615,0.932058006207673,0.9853628093853127,1.0139762894905051,0.9090391466383185,0.8860007044613305
hotel_112,2023-02-17,2023-02-10,0.99375,0.9625,0.9625,0.98125,0.9143477058197839,0.932058006207673,0.9133766016000623,0.9857539974047893,0.8854686078739793,0.8857180331782921
hotel_112,2023-02-18,2023-02-10,0.80625,0.9625,0.91875,0.9125,0.9174207062726428,0.932058006207673,0.8807567972312434,0.9149191939549033,0.8992002927300065,0.8855938125656946
hotel_112,2023-02-19,2023-02-10,0.61875,0.9625,0.7875,0.83125,0.8805144390911736,0.932058006207673,0.8882223241506855,0.9034805508641685,0.8702581466918894,0.8855391479619734
hotel_112,2023-02-20,2023-02-10,0.84375,0.9625,0.8875,0.81875,0.9370642710473704,0.932058006207673,0.9568333451000728,0.8741891499729675,0.8915492944895657,0.8855151050216706
hotel_112,2023-02-21,2023-02-10,0.76875,0.9625,0.9875,0.95625,0.9383178765193693,0.932058006207673,0.9801429589483236,0.9319249255754647,0.912342567994472,0.8855045281336469
hotel_112,2023-02-22,2023-02-10,0.65625,0.9625,0.89375,0.71875,0.9688077858715541,0.932058006207673,0.9977174181227397,0.873901471720836,0.8924563546660199,0.8854998755520254
hotel_112,2023-02-23,2023-02-10,0.6625,0.9625,1.0,0.95,0.9588843218440615,0.932058006207673,0.9853628093853127,0.9164332072002607,0.9168942352927661,0.8854978289034872
hotel_112,2023-02-24,2023-02-10,0.86875,0.9625,0.9625,0.975,0.9143477058197839,0.932058006207673,0.9133766016000623,0.9368074589469205,0.907406382697545,0.8854969286030349
hotel_112,2023-02-25,2023-02-10,0.93125,0.9625,0.91875,0.96875,0.9174207062726428,0.932058006207673,0.8807567972312434,0.9021288115753796,0.8950100885212685,0.8854965325679899
hotel_112,2023-02-26,2023-02-10,0.84375,0.9625,0.7875,0.9125,0.8805144390911736,0.932058006207673,0.8882223241506855,0.9143432696745455,0.8884022682516574,0.8854963583556086
hotel_112,2023-02-27,2023-02-10,0.875,0.9625,0.8875,0.8,0.9370642710473704,0.932058006207673,0.9568333451000728,0.9428036171165768,0.8911517313606823,0.8854962817210421
hotel_112,2023-02-28,2023-02-10,0.9375,0.9625,0.9875,0.8125,0.9383178765193693,0.932058006207673,0.9801429589483236,0.9081427943424443,0.8923876621746515,0.8854962480101471
hotel_112,2023-03-01,2023-02-10,0.8875,0.9625,0.89375,0.83125,0.9688077858715541,0.932058006207673,0.9977174181227397,0.8834772829553845,0.8900412069210795,0.8854962331810093
hotel_112,2023-03-02,2023-02-10,0.7625,0.9625,1.0,0.8,0.9588843218440615,0.932058006207673,0.9853628093853127,0.919385656656062,0.8984629852392053,0.8854962266577971
hotel_112,2023-03-03,2023-02-10,0.81875,0.9625,0.9625,0.8125,0.9143477058197839,0.932058006207673,0.9133766016000623,0.9031325095218566,0.8928748610199158,0.8854962237882913
hotel_112,2023-03-04,2023-02-10,0.88125,0.9625,0.91875,0.93125,0.9174207062726428,0.932058006207673,0.8807567972312434,0.9414554247900718,0.8948672601081924,0.88549622252602
hotel_112,2023-03-05,2023-02-10,0.90625,0.9625,0.7875,0.83125,0.8805144390911736,0.932058006207673,0.8882223241506855,0.9368049021268743,0.8883609693891584,0.8854962219707575
hotel_112,2023-03-06,2023-02-10,0.8875,0.9625,0.8875,0.91875,0.9370642710473704,0.932058006207673,0.9568333451000728,0.9187300246546314,0.892998485141947,0.8854962217265022
hotel_112,2023-03-07,2023-02-10,0.79375,0.9625,0.9875,0.7875,0.9383178765193693,0.932058006207673,0.9801429589483236,0.9208820158559876,0.8974254259382546,0.8854962216190564
hotel_112,2023-03-08,2023-02-10,0.975,0.9625,0.89375,0.8875,0.9688077858715541,0.932058006207673,0.9977174181227397,1.0040050430431848,0.8931095401294079,0.8854962215717919
hotel_112,2023-03-09,2023-02-10,0.7875,0.9625,1.0,0.9875,0.9588843218440615,0.932058006207673,0.9853628093853127,0.9613406603414767,0.898803562063662,0.8854962215510006
hotel_112,2023-03-10,2023-02-10,0.925,0.9625,0.9625,0.89375,0.9143477058197839,0.932058006207673,0.9133766016000623,0.9397532561966941,0.8964295100748046,0.8854962215418547
hotel_112,2023-03-11,2023-03-10,0.95,0.925,0.88125,1.0,0.8573408812573675,0.874513931233296,0.8491141400397975,0.8744482347810016,0.8908091875032964,0.8728005796262458
hotel_112,2023-03-12,2023-03-10,0.9875,0.925,0.90625,0.9625,0.8218680002930833,0.874513931233296,0.8307438247564146,0.8393607131600336,0.8595197166439176,0.8680180099695157
hotel_112,2023-03-13,2023-03-10,0.96875,0.925,0.8875,0.75,0.8774251694450572,0.874513931233296,0.8696717575211331,0.8534151848758443,0.8651458785770056,0.8631583439682489
hotel_112,2023-03-14,2023-03-10,1.01875,0.925,0.79375,0.93125,0.8777594397534961,0.874513931233296,0.8826832762057514,0.8674361716148133,0.8615171366408552,0.8615132721476312
hotel_112,2023-03-15,2023-03-10,1.0,0.925,0.975,0.84375,0.9060411912578406,0.874513931233296,0.8732211709623653,0.8371249572962112,0.8631600486993634,0.8607352595315214
hotel_112,2023-03-16,2023-03-10,0.975,0.925,0.7875,0.8875,0.8940039269877725,0.874513931233296,0.8635416051925403,0.8524019407884363,0.8198135361129029,0.8604118837867565
hotel_112,2023-03-17,2023-03-10,0.975,0.925,0.925,0.84375,0.8593304642253671,0.874513931233296,0.9025870931099151,0.8405335590971108,0.8483580709124681,0.86027104365179
hotel_112,2023-03-18,2023-03-10,0.91875,0.925,0.88125,0.96875,0.8573408812573675,0.874513931233296,0.8491141400397975,0.9373382357553788,0.8655402801970448,0.8602107592139313
hotel_112,2023-03-19,2023-03-10,0.99375,0.925,0.90625,0.99375,0.8218680002930833,0.874513931233296,0.8307438247564146,0.9178490995793402,0.8662344582329883,0.8601847899805231
hotel_112,2023-03-20,2023-03-10,0.89375,0.925,0.8875,0.80625,0.8774251694450572,0.874513931233296,0.8696717575211331,0.8390737982067353,0.860376674368421,0.8601736293654221
hotel_112,2023-03-21,2023-03-10,0.94375,0.925,0.79375,0.61875,0.8777594397534961,0.874513931233296,0.8826832762057514,0.7901595211437618,0.845951430064222,0.8601688287692735
hotel_112,2023-03-22,2023-03-10,0.8125,0.925,0.975,0.84375,0.9060411912578406,0.874513931233296,0.8732211709623653,0.7882691665270778,0.8810761137057909,0.8601667645173039
hotel_112,2023-03-23,2023-03-10,0.80625,0.925,0.7875,0.76875,0.8940039269877725,0.874513931233296,0.8635416051925403,0.8358874978412245,0.8365339593718012,0.8601658767856307
hotel_112,2023-03-24,2023-03-10,0.99375,0.925,0.925,0.65625,0.8593304642253671,0.874513931233296,0.9025870931099151,0.7568081231729802,0.8617893344217908,0.8601654950332709
hotel_112,2023-03-25,2023-03-10,0.81875,0.925,0.88125,0.6625,0.8573408812573675,0.874513931233296,0.8491141400397975,0.8014064586841071,0.8599910699688125,0.8601653308651779
hotel_112,2023-03-26,2023-03-10,0.9875,0.925,0.90625,0.86875,0.8218680002930833,0.874513931233296,0.8307438247564146,0.8600996469178636,0.8589262055539205,0.8601652602670491
hotel_112,2023-03-27,2023-03-10,0.89375,0.925,0.8875,0.93125,0.8774251694450572,0.874513931233296,0.8696717575211331,0.8359904526366342,0.855699686892504,0.8601652299072717
hotel_112,2023-03-28,2023-03-10,0.9,0.925,0.79375,0.84375,0.8777594397534961,0.874513931233296,0.8826832762057514,0.8427585258217614,0.8501292015989756,0.8601652168514677
hotel_112,2023-03-29,2023-03-10,0.99375,0.925,0.975,0.875,0.9060411912578406,0.874513931233296,0.8732211709623653,0.8585022826283382,0.8620936654772966,0.8601652112369974
hotel_112,2023-03-30,2023-03-10,0.9625,0.925,0.7875,0.9375,0.8940039269877725,0.874513931233296,0.8635416051925403,0.8411388446927222,0.8463912136368448,0.8601652088225713
hotel_112,2023-03-31,2023-03-10,0.75625,0.925,0.925,0.8875,0.8593304642253671,0.874513931233296,0.9025870931099151,0.8108873338176453,0.8551260880578951,0.8601652077842804
hotel_112,2023-04-01,2023-03-10,0.825,0.925,0.88125,0.7625,0.8573408812573675,0.874513931233296,0.8491141400397975,0.8246204570136969,0.8544556236742632,0.8601652073377776
hotel_112,2023-04-02,2023-03-10,0.74375,0.925,0.90625,0.81875,0.8218680002930833,0.874513931233296,0.8307438247564146,0.8210980405497026,0.8540613953869459,0.8601652071457652
hotel_112,2023-04-03,2023-03-10,0.81875,0.925,0.8875,0.88125,0.8774251694450572,0.874513931233296,0.8696717575211331,0.8653255292471866,0.8529232330282882,0.8601652070631929
hotel_112,2023-04-04,2023-03-10,0.75625,0.925,0.79375,0.90625,0.8777594397534961,0.874513931233296,0.8826832762057514,0.8667467805019242,0.8509724424492523,0.8601652070276838
hotel_112,2023-04-05,2023-03-10,0.75625,0.925,0.975,0.8875,0.9060411912578406,0.874513931233296,0.8732211709623653,0.8479447452466194,0.8551457404529689,0.8601652070124136
hotel_112,2023-04-06,2023-03-10,0.675,0.925,0.7875,0.79375,0.8940039269877725,0.874513931233296,0.8635416051925403,0.8398161382251568,0.8496625691792,0.8601652070058469
hotel_112,2023-04-07,2023-03-10,0.65625,0.925,0.925,0.975,0.8593304642253671,0.874513931233296,0.9025870931099151,0.9347933165368909,0.8527108477532055,0.8601652070030229
hotel_112,2023-04-08,2023-04-07,0.79375,0.65625,0.825,0.7875,0.7075550748125726,0.7311507497642278,0.6945277983750104,0.7509256322495671,0.738092531541371,0.7598369872595242
hotel_112,2023-04-09,2023-04-07,0.66875,0.65625,0.74375,0.925,0.6776747726123896,0.7311507497642278,0.713444850508802,0.7628013538416811,0.796536754843036,0.7871117026726264
hotel_112,2023-04-10,2023-04-07,0.7125,0.65625,0.81875,0.95,0.7280915124807438,0.7311507497642278,0.7118117089278154,0.7622412592271278,0.8106251880090819,0.8034067641789421
hotel_112,2023-04-11,2023-04-07,0.6375,0.65625,0.75625,0.9875,0.7292830100985017,0.7311507497642278,0.7151288092120272,0.7415598894313855,0.8204233698200729,0.8102354493483451
hotel_112,2023-04-12,2023-04-07,0.95625,0.65625,0.75625,0.96875,0.7554592472760712,0.7311507497642278,0.7187040634266835,0.7421003911810419,0.8404539001766731,0.8135056765687104
hotel_112,2023-04-13,2023-04-07,0.95,0.65625,0.675,1.01875,0.7422239141952185,0.7311507497642278,0.673074300916676,0.7660933062039259,0.8342022278791794,0.8149899003346206
hotel_112,2023-04-14,2023-04-07,0.8,0.65625,0.65625,1.0,0.7093570842756894,0.7311507497642278,0.7128463870875229,0.7304015245806692,0.8022924403609716,0.8156778864957197
hotel_112,2023-04-15,2023-04-07,0.7125,0.65625,0.825,0.975,0.7075550748125726,0.7311507497642278,0.6945277983750104,0.7428315227777714,0.8201792405442072,0.8159941340546344
hotel_112,2023-04-16,2023-04-07,0.70625,0.65625,0.74375,0.975,0.6776747726123896,0.7311507497642278,0.713444850508802,0.7407801552832681,0.8129785471924968,0.8161399852820308
hotel_112,2023-04-17,2023-04-07,0.875,0.65625,0.81875,0.91875,0.7280915124807438,0.7311507497642278,0.7118117089278154,0.81195073224071,0.8282748773413294,0.8162071629546276
hotel_112,2023-04-18,2023-04-07,0.875,0.65625,0.75625,0.99375,0.7292830100985017,0.7311507497642278,0.7151288092120272,0.8105079550628022,0.8168018326771576,0.8162381203542732
hotel_112,2023-04-19,2023-04-07,0.78125,0.65625,0.75625,0.89375,0.7554592472760712,0.7311507497642278,0.7187040634266835,0.7353255576856794,0.8242081644696699,0.8162523834935741
hotel_112,2023-04-20,2023-04-07,0.76875,0.65625,0.675,0.94375,0.7422239141952185,0.7311507497642278,0.673074300916676,0.6907540657700306,0.8085250563553216,0.8162589555445938
hotel_112,2023-04-21,2023-04-07,0.7875,0.65625,0.65625,0.8125,0.7093570842756894,0.7311507497642278,0.7128463870875229,0.663711998790311,0.7941220657120702,0.8162619836627957
hotel_112,2023-04-22,2023-04-07,0.85625,0.65625,0.825,0.80625,0.7075550748125726,0.7311507497642278,0.6945277983750104,0.708705737745983,0.8163068761291002,0.8162633789069815
hotel_112,2023-04-23,2023-04-07,0.79375,0.65625,0.74375,0.99375,0.6776747726123896,0.7311507497642278,0.713444850508802,0.6591718576087792,0.8197898551170717,0.8162640217803624
hotel_112,2023-04-24,2023-04-07,0.83125,0.65625,0.81875,0.81875,0.7280915124807438,0.7311507497642278,0.7118117089278154,0.6728741335431339,0.8280649439514254,0.8162643179915969
hotel_112,2023-04-25,2023-04-07,0.93125,0.65625,0.75625,0.9875,0.7292830100985017,0.7311507497642278,0.7151288092120272,0.7620356490182012,0.8268993466902652,0.816264454474191
hotel_112,2023-04-26,2023-04-07,0.88125,0.65625,0.75625,0.89375,0.7554592472760712,0.7311507497642278,0.7187040634266835,0.7254328223789109,0.8301848817313625,0.8162645173600714
hotel_112,2023-04-27,2023-04-07,0.91875,0.65625,0.675,0.9,0.7422239141952185,0.7311507497642278,0.673074300916676,0.7360473038853862,0.826441584342689,0.81626454633544
hotel_112,2023-04-28,2023-04-07,0.9,0.65625,0.65625,0.99375,0.7093570842756894,0.7311507497642278,0.7128463870875229,0.7539770783508016,0.8227680945581546,0.8162645596861638
hotel_112,2023-04-29,2023-04-07,0.91875,0.65625,0.825,0.9625,0.7075550748125726,0.7311507497642278,0.6945277983750104,0.7365911372460582,0.8292256772532762,0.8162645658376585
hotel_112,2023-04-30,2023-04-07,0.775,0.65625,0.74375,0.75625,0.6776747726123896,0.7311507497642278,0.713444850508802,0.6783136788793092,0.830326808800255,0.8162645686720281
hotel_112,2023-05-01,2023-04-07,0.89375,0.65625,0.81875,0.825,0.7280915124807438,0.7311507497642278,0.7118117089278154,0.6974197871847722,0.8327238978286639,0.8162645699779955
hotel_112,2023-05-02,2023-04-07,0.93125,0.65625,0.75625,0.74375,0.7292830100985017,0.7311507497642278,0.7151288092120272,0.68501574722279,0.8324343790064042,0.8162645705797344
hotel_112,2023-05-03,2023-04-07,0.725,0.65625,0.75625,0.81875,0.7554592472760712,0.7311507497642278,0.7187040634266835,0.73740816588535,0.8333807635259838,0.8162645708569924
hotel_112,2023-05-04,2023-04-07,0.8,0.65625,0.675,0.75625,0.7422239141952185,0.7311507497642278,0.673074300916676,0.7300403165321558,0.8323395577949059,0.8162645709847421
hotel_112,2023-05-05,2023-04-07,0.70625,0.65625,0.65625,0.75625,0.7093570842756894,0.7311507497642278,0.7128463870875229,0.7114163270466832,0.8313126536997392,0.8162645710436043
hotel_112,2023-05-06,2023-05-05,0.7875,0.70625,0.91875,0.675,0.7754307456340193,0.7962615783532215,0.7674962533793975,0.7783445210433961,0.7981514095054704,0.7861132248511502
hotel_112,2023-05-07,2023-05-05,0.8125,0.70625,0.775,0.65625,0.7421322218037947,0.7962615783532215,0.7333697628324215,0.8541242182759022,0.7978812567830853,0.8012526041734015
hotel_112,2023-05-08,2023-05-05,0.8625,0.70625,0.89375,0.79375,0.7947342229800098,0.7962615783532215,0.7848160543817718,0.8278313571188333,0.8205155009515729,0.8116574430704016
hotel_112,2023-05-09,2023-05-05,0.9125,0.70625,0.93125,0.66875,0.7969522787423006,0.7962615783532215,0.7954420428534852,0.8279832646873913,0.8473611153901589,0.8157408334144831
hotel_112,2023-05-10,2023-05-05,0.775,0.70625,0.725,0.7125,0.8206597688824399,0.7962615783532215,0.7922877424981938,0.8276998401515994,0.8218430018846988,0.8176878222688893
hotel_112,2023-05-11,2023-05-05,0.8625,0.70625,0.8,0.6375,0.8095410545291793,0.7962615783532215,0.7915375396748949,0.8010859046990599,0.8347345824998117,0.8185484234488515
hotel_112,2023-05-12,2023-05-05,0.85625,0.70625,0.70625,0.95625,0.7750604517638435,0.7962615783532215,0.7512305531473912,0.8416960006798315,0.8283214628514801,0.8189397869792856
hotel_112,2023-05-13,2023-05-05,0.9625,0.70625,0.91875,0.95,0.7754307456340193,0.7962615783532215,0.7674962533793975,0.8654952647181847,0.8404571184722817,0.8191158476794613
hotel_112,2023-05-14,2023-05-05,0.70625,0.70625,0.775,0.8,0.7421322218037947,0.7962615783532215,0.7333697628324215,0.806042866209016,0.8167359576447798,0.8191953760518337
hotel_112,2023-05-15,2023-05-05,0.9875,0.70625,0.89375,0.7125,0.7947342229800098,0.7962615783532215,0.7848160543817718,0.8028091238654856,0.833646413849165,0.8192312440819485
hotel_112,2023-05-16,2023-05-05,1.01875,0.70625,0.93125,0.70625,0.7969522787423006,0.7962615783532215,0.7954420428534852,0.806857282968477,0.8387455898404026,0.8192474304157463
hotel_112,2023-05-17,2023-05-05,0.99375,0.70625,0.725,0.875,0.8206597688824399,0.7962615783532215,0.7922877424981938,0.8899439324661917,0.8079327803285851,0.8192547332691446
hotel_112,2023-05-18,2023-05-05,1.025,0.70625,0.8,0.875,0.8095410545291793,0.7962615783532215,0.7915375396748949,0.8940893891886511,0.8205639662037394,0.8192580284055354
hotel_112,2023-05-19,2023-05-05,0.925,0.70625,0.70625,0.78125,0.7750604517638435,0.7962615783532215,0.7512305531473912,0.8189813376953218,0.8034451784219373,0.8192595151635468
hotel_112,2023-05-20,2023-05-05,0.90625,0.70625,0.91875,0.76875,0.7754307456340193,0.7962615783532215,0.7674962533793975,0.7725044290330714,0.8175039794821038,0.8192601859935161
hotel_112,2023-05-21,2023-05-05,1.00625,0.70625,0.775,0.7875,0.7421322218037947,0.7962615783532215,0.7333697628324215,0.7496185814350917,0.8203830436827875,0.8192604886727494
hotel_112,2023-05-22,2023-05-05,0.93125,0.70625,0.89375,0.85625,0.7947342229800098,0.7962615783532215,0.7848160543817718,0.7997044652160666,0.8226605179935567,0.8192606252421968
hotel_112,2023-05-23,2023-05-05,0.9625,0.70625,0.93125,0.79375,0.7969522787423006,0.7962615783532215,0.7954420428534852,0.7438329437780882,0.8236700737317698,0.8192606868625512
hotel_112,2023-05-24,2023-05-05,0.95625,0.70625,0.725,0.83125,0.8206597688824399,0.7962615783532215,0.7922877424981938,0.7577908578689151,0.8242138039830311,0.8192607146657611
hotel_112,2023-05-25,2023-05-05,0.96875,0.70625,0.8,0.93125,0.8095410545291793,0.7962615783532215,0.7915375396748949,0.8637163256619468,0.8244857901414079,0.8192607272106162
hotel_112,2023-05-26,2023-05-05,0.99375,0.70625,0.70625,0.88125,0.7750604517638435,0.7962615783532215,0.7512305531473912,0.8232299592456227,0.8246255653350557,0.819260732870876
hotel_112,2023-05-27,2023-05-05,1.0125,0.70625,0.91875,0.91875,0.7754307456340193,0.7962615783532215,0.7674962533793975,0.8374541246588667,0.8246966816439001,0.8192607354247948
hotel_112,2023-05-28,2023-05-05,0.93125,0.70625,0.775,0.9,0.7421322218037947,0.7962615783532215,0.7333697628324215,0.8455585738291633,0.8247329986427081,0.8192607365771273
hotel_112,2023-05-29,2023-05-05,0.9375,0.70625,0.89375,0.91875,0.7947342229800098,0.7962615783532215,0.7848160543817718,0.8346358943405608,0.8247515194118502,0.8192607370970616
hotel_112,2023-05-30,2023-05-05,0.7875,0.70625,0.93125,0.775,0.7969522787423006,0.7962615783532215,0.7954420428534852,0.7587773396588704,0.8247609692963926,0.8192607373316568
hotel_112,2023-05-31,2023-05-05,0.98125,0.70625,0.725,0.89375,0.8206597688824399,0.7962615783532215,0.7922877424981938,0.7892159171306093,0.824765790032251,0.8192607374375066
hotel_112,2023-06-01,2023-05-05,0.75,0.70625,0.8,0.93125,0.8095410545291793,0.7962615783532215,0.7915375396748949,0.7873108260852638,0.8247682494366563,0.8192607374852662
hotel_112,2023-06-02,2023-05-05,0.75625,0.70625,0.70625,0.725,0.7750604517638435,0.7962615783532215,0.7512305531473912,0.8015737469380966,0.8247695041241317,0.8192607375068154
hotel_112,2023-06-03,2023-06-02,0.7375,0.75625,1.0125,0.8,0.8246688943418579,0.845078558588896,0.833993917368074,0.8616198619416362,0.8184367012370352,0.8363690994554174
hotel_112,2023-06-04,2023-06-02,0.7375,0.75625,0.93125,0.70625,0.7903376527173144,0.845078558588896,0.7691417531366664,0.8276240983344625,0.8465974916226842,0.853022918277685
hotel_112,2023-06-05,2023-06-02,0.83125,0.75625,0.9375,0.7875,0.8434935376375269,0.845078558588896,0.8450753832663516,0.82482364111808,0.8433010669402644,0.8567924292849814
hotel_112,2023-06-06,2023-06-02,0.83125,0.75625,0.7875,0.8125,0.8447242050752105,0.845078558588896,0.849708534441631,0.8905089373067903,0.8464552192485792,0.8579244072831601
hotel_112,2023-06-07,2023-06-02,0.81875,0.75625,0.98125,0.8625,0.8678157012113104,0.845078558588896,0.8312618806284423,0.8788678180903714,0.8676329026301967,0.8584962013252267
hotel_112,2023-06-08,2023-06-02,0.85,0.75625,0.75,0.9125,0.8556846176835139,0.845078558588896,0.8264927428902261,0.8901283754929765,0.8570558434304916,0.8589303885263339
hotel_112,2023-06-09,2023-06-02,0.675,0.75625,0.75625,0.775,0.8218651744936931,0.845078558588896,0.7971650964036173,0.8662385254702453,0.8668330986818801,0.859314259876842
hotel_112,2023-06-10,2023-06-02,0.91875,0.75625,1.0125,0.8625,0.8246688943418579,0.845078558588896,0.833993917368074,0.8589259067827774,0.8789042153113595,0.8596670776036355
hotel_112,2023-06-11,2023-06-02,0.84375,0.75625,0.93125,0.85625,0.7903376527173144,0.845078558588896,0.7691417531366664,0.8907487441628331,0.8673573957352597,0.8599942138562446
hotel_112,2023-06-12,2023-06-02,0.7375,0.75625,0.9375,0.9625,0.8434935376375269,0.845078558588896,0.8450753832663516,0.9312618961245741,0.8703776118778166,0.8602981238042562
hotel_112,2023-06-13,2023-06-02,0.9875,0.75625,0.7875,0.70625,0.8447242050752105,0.845078558588896,0.849708534441631,0.8344370325674462,0.8419546840976101,0.8605805754349812
hotel_112,2023-06-14,2023-06-02,1.00625,0.75625,0.98125,0.9875,0.8678157012113104,0.845078558588896,0.8312618806284423,0.8736838225661085,0.8839694794552869,0.8608431079704967
hotel_112,2023-06-15,2023-06-02,1.0125,0.75625,0.75,1.01875,0.8556846176835139,0.845078558588896,0.8264927428902261,0.8873889808701744,0.8374428198593962,0.8610871310307882
hotel_112,2023-06-16,2023-06-02,1.00625,0.75625,0.75625,0.99375,0.8218651744936931,0.845078558588896,0.7971650964036173,0.9514762612922871,0.8402423284241279,0.8613139505884848
hotel_112,2023-06-17,2023-06-02,1.00625,0.75625,1.0125,1.025,0.8246688943418579,0.845078558588896,0.833993917368074,0.9649282413408642,0.8543438741588468,0.8615247796821406
hotel_112,2023-06-18,2023-06-02,0.90625,0.75625,0.93125,0.925,0.7903376527173144,0.845078558588896,0.7691417531366664,0.884592078979279,0.8595620292827493,0.8617207456578484
hotel_112,2023-06-19,2023-06-02,0.95,0.75625,0.9375,0.90625,0.8434935376375269,0.845078558588896,0.8450753832663516,0.8389583159410955,0.8595001831098615,0.8619028963501538
hotel_112,2023-06-20,2023-06-02,0.99375,0.75625,0.7875,1.00625,0.8447242050752105,0.845078558588896,0.849708534441631,0.8372388163913617,0.8581433435702921,0.8620722057157906
hotel_112,2023-06-21,2023-06-02,0.9375,0.75625,0.98125,0.93125,0.8678157012113104,0.845078558588896,0.8312618806284423,0.8654033715558493,0.8659997913014285,0.8622295790476779
hotel_112,2023-06-22,2023-06-02,0.99375,0.75625,0.75,0.9625,0.8556846176835139,0.845078558588896,0.8264927428902261,0.8217250795719532,0.8603139433375421,0.8623758578167688
hotel_112,2023-06-23,2023-06-02,0.7375,0.75625,0.75625,0.95625,0.8218651744936931,0.845078558588896,0.7971650964036173,0.8276705872235325,0.8626452946540568,0.862511824171629
hotel_112,2023-06-24,2023-06-02,0.75625,0.75625,1.0125,0.96875,0.8246688943418579,0.845078558588896,0.833993917368074,0.9305514240172684,0.8663147498780112,0.8626382051206161
hotel_112,2023-06-25,2023-06-02,0.7625,0.75625,0.93125,0.99375,0.7903376527173144,0.845078558588896,0.7691417531366664,0.8987201316111424,0.8644858539436918,0.8627556764191838
hotel_112,2023-06-26,2023-06-02,0.76875,0.75625,0.9375,1.0125,0.8434935376375269,0.845078558588896,0.8450753832663516,0.9107618364593422,0.8651546408439413,0.8628648661831302
hotel_112,2023-06-27,2023-06-02,0.8625,0.75625,0.7875,0.93125,0.8447242050752105,0.845078558588896,0.849708534441631,0.9024720453359026,0.8593630887709381,0.8629663582471153
hotel_112,2023-06-28,2023-06-02,0.89375,0.75625,0.98125,0.9375,0.8678157012113104,0.845078558588896,0.8312618806284423,0.8946007272833273,0.8685065714366373,0.8630606952864099
hotel_112,2023-06-29,2023-06-02,1.0,0.75625,0.75,0.7875,0.8556846176835139,0.845078558588896,0.8264927428902261,0.8001299238092419,0.8586970164296783,0.8631483817185645
hotel_112,2023-06-30,2023-06-02,0.96875,0.75625,0.75625,0.98125,0.8218651744936931,0.845078558588896,0.7971650964036173,0.8535727610103726,0.8594724753019775,0.8632298864005165
hotel_126,2023-02-11,2023-02-10,0.9880478087649402,0.9123505976095617,0.8087649402390438,0.7729083665338645,0.9297860227004939,0.9215670112375666,0.9780641113583974,0.8892486562920986,0.8847528452757548,0.8939525614309495
hotel_126,2023-02-12,2023-02-10,0.7649402390438247,0.9123505976095617,0.7609561752988048,0.9043824701195219,0.7634198242681002,0.9215670112375666,0.8216073727362514,0.9050436417642549,0.8036740900164954,0.8596168774670624
hotel_126,2023-02-13,2023-02-10,0.7250996015936255,0.9123505976095617,0.9561752988047809,0.8326693227091634,0.8342606271342254,0.9215670112375666,0.852625753628806,0.8826913600829438,0.8351245954183047,0.9169889330012183
hotel_126,2023-02-14,2023-02-10,0.7290836653386454,0.9123505976095617,1.0,0.7888446215139442,0.8824033724258087,0.9215670112375666,0.9010045330472211,0.9266697305756306,0.8788680353486346,0.9579827664283602
hotel_126,2023-02-15,2023-02-10,0.6374501992031872,0.9123505976095617,0.9880478087649402,0.6932270916334662,0.8617026116766866,0.9215670112375666,0.8743938765043319,0.9155182014575066,0.8728775793633872,0.9386754049942099
hotel_126,2023-02-16,2023-02-10,0.9920318725099602,0.9123505976095617,0.9960159362549801,0.896414342629482,0.8874816711225549,0.9215670112375666,0.8944174012391384,0.9389766999734473,0.8764623719527079,0.9167452893880937
hotel_126,2023-02-17,2023-02-10,0.9760956175298805,0.9123505976095617,0.9123505976095617,0.9083665338645418,0.9136920578053359,0.9215670112375666,0.9292460372566448,0.9375593857055079,0.8928805976645481,0.9301024346373947
hotel_126,2023-02-18,2023-02-10,0.9960159362549801,0.9123505976095617,0.8087649402390438,0.952191235059761,0.9297860227004939,0.9215670112375666,0.9780641113583974,0.9447486191311726,0.9182096899856935,0.9235896238924531
hotel_126,2023-02-19,2023-02-10,1.0,0.9123505976095617,0.7609561752988048,0.9561752988047809,0.7634198242681002,0.9215670112375666,0.8216073727362514,0.9469979042978334,0.82877137481601,0.9054860959712893
hotel_126,2023-02-20,2023-02-10,1.0,0.9123505976095617,0.9561752988047809,0.9800796812749004,0.8342606271342254,0.9215670112375666,0.852625753628806,0.9447922512949559,0.8680912986854639,0.9244220814481597
hotel_126,2023-02-21,2023-02-10,0.9960159362549801,0.9123505976095617,1.0,0.5577689243027888,0.8824033724258087,0.9215670112375666,0.9010045330472211,0.8880318610446948,0.905761880826648,0.9371485787086969
hotel_126,2023-02-22,2023-02-10,0.9920318725099602,0.9123505976095617,0.9880478087649402,0.5617529880478087,0.8617026116766866,0.9215670112375666,0.8743938765043319,0.884587088402203,0.8894044039306626,0.9181918002745189
hotel_126,2023-02-23,2023-02-10,0.9920318725099602,0.9123505976095617,0.9960159362549801,0.7529880478087649,0.8874816711225549,0.9215670112375666,0.8944174012391384,0.9185596536755568,0.9035024724209244,0.9110689054142763
hotel_126,2023-02-24,2023-02-10,0.9681274900398407,0.9123505976095617,0.9123505976095617,0.7330677290836654,0.9136920578053359,0.9215670112375666,0.9292460372566448,0.9132485435640072,0.9088036988793814,0.9281519177927869
hotel_126,2023-02-25,2023-02-10,0.9920318725099602,0.9123505976095617,0.8087649402390438,0.7689243027888446,0.9297860227004939,0.9215670112375666,0.9780641113583974,0.8678416690408287,0.9234097329272584,0.9269617733092084
hotel_126,2023-02-26,2023-02-10,0.7848605577689243,0.9123505976095617,0.7609561752988048,0.9800796812749004,0.7634198242681002,0.9215670112375666,0.8216073727362514,0.9018816773361384,0.8436897882825285,0.9143695856506271
hotel_126,2023-02-27,2023-02-10,0.701195219123506,0.9123505976095617,0.9561752988047809,0.9960159362549801,0.8342606271342254,0.9215670112375666,0.852625753628806,0.8873778239696991,0.874119622020348,0.9250106241164354
hotel_126,2023-02-28,2023-02-10,0.6533864541832669,0.9123505976095617,1.0,0.701195219123506,0.8824033724258087,0.9215670112375666,0.9010045330472211,0.8410285158979016,0.9037985803598042,0.932542638981383
hotel_126,2023-03-01,2023-02-10,0.7171314741035857,0.9123505976095617,0.9880478087649402,0.7250996015936255,0.8617026116766866,0.9215670112375666,0.8743938765043319,0.8848172647567739,0.8904718926663363,0.9188359655826377
hotel_126,2023-03-02,2023-02-10,0.9760956175298805,0.9123505976095617,0.9960159362549801,0.7131474103585658,0.8874816711225549,0.9215670112375666,0.8944174012391384,0.9189304713229601,0.9021604258645383,0.9125175067798602
hotel_126,2023-03-03,2023-02-10,0.9840637450199203,0.9123505976095617,0.9123505976095617,0.5657370517928287,0.9136920578053359,0.9215670112375666,0.9292460372566448,0.8984779597010885,0.911424599746726,0.9246470833053616
hotel_126,2023-03-04,2023-02-10,1.00398406374502,0.9123505976095617,0.8087649402390438,0.649402390438247,0.9297860227004939,0.9215670112375666,0.9780641113583974,0.8687225598807695,0.9269112170095553,0.9248147558263762
hotel_126,2023-03-05,2023-02-10,0.9920318725099602,0.9123505976095617,0.7609561752988048,0.6215139442231076,0.7634198242681002,0.9215670112375666,0.8216073727362514,0.8600183423660361,0.8562068993428251,0.9113482142209468
hotel_126,2023-03-06,2023-02-10,0.9721115537848606,0.9123505976095617,0.9561752988047809,0.8087649402390438,0.8342606271342254,0.9215670112375666,0.852625753628806,0.8419163923804581,0.883529702041916,0.9217998008616977
hotel_126,2023-03-07,2023-02-10,0.9960159362549801,0.9123505976095617,1.0,0.7609561752988048,0.8824033724258087,0.9215670112375666,0.9010045330472211,0.8768253062338296,0.909857556756062,0.9302357276254042
hotel_126,2023-03-08,2023-02-10,0.9760956175298805,0.9123505976095617,0.9880478087649402,0.9561752988047809,0.8617026116766866,0.9215670112375666,0.8743938765043319,0.9099481577161801,0.8972803110044313,0.9230671737380509
hotel_126,2023-03-09,2023-02-10,1.0,0.9123505976095617,0.9960159362549801,1.0,0.8874816711225549,0.9215670112375666,0.8944174012391384,0.9477772115834404,0.9081592272440959,0.9196466736914977
hotel_126,2023-03-10,2023-02-10,0.9920318725099602,0.9123505976095617,0.9123505976095617,0.9880478087649402,0.9136920578053359,0.9215670112375666,0.9292460372566448,0.9610832526760776,0.9157543949049667,0.9308120544459666
hotel_126,2023-03-11,2023-03-10,0.9960159362549801,0.9920318725099602,1.00398406374502,0.9960159362549801,1.0124156421896686,0.9926230006482943,1.049916099227746,0.9320976911220277,1.023063930018008,0.9590443932232375
hotel_126,2023-03-12,2023-03-10,0.9920318725099602,0.9920318725099602,0.9920318725099602,0.9123505976095617,0.8656168514192787,0.9926230006482943,0.9056031209834475,0.9550478527507552,0.9183566495591085,0.9462028067224152
hotel_126,2023-03-13,2023-03-10,0.9800796812749004,0.9920318725099602,0.9721115537848606,0.9880478087649402,0.8703480561605027,0.9926230006482943,0.9049619584840541,0.9479082583744394,0.9075415967205704,0.930697679250431
hotel_126,2023-03-14,2023-03-10,1.00398406374502,0.9920318725099602,0.9960159362549801,0.7649402390438247,0.9216918294103369,0.9926230006482943,0.9235209227322211,0.9282401633937221,0.9070573756020679,0.9500561081498605
hotel_126,2023-03-15,2023-03-10,1.00398406374502,0.9920318725099602,0.9760956175298805,0.7250996015936255,0.9290260776770333,0.9926230006482943,0.8939641787737332,0.8994578949444376,0.9052616027464091,0.9563584695770913
hotel_126,2023-03-16,2023-03-10,0.9960159362549801,0.9920318725099602,1.0,0.7290836653386454,1.0068331424443775,0.9926230006482943,1.0000411641106626,0.9399890703554005,1.0001312604546038,0.9592700779407042
hotel_126,2023-03-17,2023-03-10,1.0,0.9920318725099602,0.9920318725099602,0.6374501992031872,0.9918797139902282,0.9926230006482943,0.993460284515133,0.9139600826216984,1.0056504228703966,0.9699888853332853
hotel_126,2023-03-18,2023-03-10,0.9960159362549801,0.9920318725099602,1.00398406374502,0.9920318725099602,1.0124156421896686,0.9926230006482943,1.049916099227746,0.9959538654480287,1.025126365075756,0.9391335523821501
hotel_126,2023-03-19,2023-03-10,0.9960159362549801,0.9920318725099602,0.9920318725099602,0.9760956175298805,0.8656168514192787,0.9926230006482943,0.9056031209834475,0.9946282444214666,0.9755103725483454,0.9409269349485476
hotel_126,2023-03-20,2023-03-10,0.9960159362549801,0.9920318725099602,0.9721115537848606,0.9960159362549801,0.8703480561605027,0.9926230006482943,0.9049619584840541,1.0048874600056084,0.9759642437679201,0.9389779376332308
hotel_126,2023-03-21,2023-03-10,0.9601593625498008,0.9920318725099602,0.9960159362549801,1.0,0.9216918294103369,0.9926230006482943,0.9235209227322211,1.0064852786867031,0.9880327218204137,0.9383138539930949
hotel_126,2023-03-22,2023-03-10,0.9840637450199203,0.9920318725099602,0.9760956175298805,1.0,0.9290260776770333,0.9926230006482943,0.8939641787737332,1.003816946499594,0.9775853548667239,0.9380458165449742
hotel_126,2023-03-23,2023-03-10,0.9920318725099602,0.9920318725099602,1.0,0.9960159362549801,1.0068331424443775,0.9926230006482943,1.0000411641106626,0.9419025798986898,1.0146470853211944,0.9382428511348504
hotel_126,2023-03-24,2023-03-10,0.9960159362549801,0.9920318725099602,0.9920318725099602,0.9920318725099602,0.9918797139902282,0.9926230006482943,0.993460284515133,0.9366223568431288,1.0146449002452345,0.9385381364304872
hotel_126,2023-03-25,2023-03-10,0.9960159362549801,0.9920318725099602,1.00398406374502,0.9920318725099602,1.0124156421896686,0.9926230006482943,1.049916099227746,0.9696701071585428,1.0343160334317365,0.9385355305835477
hotel_126,2023-03-26,2023-03-10,0.9960159362549801,0.9920318725099602,0.9920318725099602,0.9681274900398407,0.8656168514192787,0.9926230006482943,0.9056031209834475,0.960722588613778,0.9591200437547198,0.9407248671645948
hotel_126,2023-03-27,2023-03-10,0.9880478087649402,0.9920318725099602,0.9721115537848606,0.9920318725099602,0.8703480561605027,0.9926230006482943,0.9049619584840541,0.922325509711144,0.9523111773365612,0.9385877238353184
hotel_126,2023-03-28,2023-03-10,1.0,0.9920318725099602,0.9960159362549801,0.7848605577689243,0.9216918294103369,0.9926230006482943,0.9235209227322211,0.9277319356663448,0.9551704791744389,0.9573691102277244
hotel_126,2023-03-29,2023-03-10,1.0,0.9920318725099602,0.9760956175298805,0.701195219123506,0.9290260776770333,0.9926230006482943,0.8939641787737332,0.9002112795968922,0.9514666666074223,0.9649557578109172
hotel_126,2023-03-30,2023-03-10,0.9641434262948207,0.9920318725099602,1.0,0.6533864541832669,1.0068331424443775,0.9926230006482943,1.0000411641106626,0.8447527743979818,1.0186431694533233,0.9692877778123034
hotel_126,2023-03-31,2023-03-10,1.0,0.9920318725099602,0.9920318725099602,0.7171314741035857,0.9918797139902282,0.9926230006482943,0.993460284515133,0.8897923805069521,1.0218540048012779,0.963513465772327
hotel_126,2023-04-01,2023-03-10,0.9960159362549801,0.9920318725099602,1.00398406374502,0.9760956175298805,1.0124156421896686,0.9926230006482943,1.049916099227746,0.9597029153701644,1.0382851400202715,0.9400587699888886
hotel_126,2023-04-02,2023-03-10,1.0,0.9920318725099602,0.9920318725099602,0.9840637450199203,0.8656168514192787,0.9926230006482943,0.9056031209834475,0.9400211149342451,0.9900208595998679,0.9393349491625298
hotel_126,2023-04-03,2023-03-10,0.9920318725099602,0.9920318725099602,0.9721115537848606,1.00398406374502,0.8703480561605027,0.9926230006482943,0.9049619584840541,0.9216499060596196,0.9886142868555476,0.9375296354134272
hotel_126,2023-04-04,2023-03-10,1.0,0.9920318725099602,0.9960159362549801,0.9920318725099602,0.9216918294103369,0.9926230006482943,0.9235209227322211,0.9123727198797577,0.9965088328850903,0.9386115477263827
hotel_126,2023-04-05,2023-03-10,0.9840637450199203,0.9920318725099602,0.9760956175298805,0.9721115537848606,0.9290260776770333,0.9926230006482943,0.8939641787737332,0.8942008211577444,0.9893937507217985,0.9404155674932335
hotel_126,2023-04-06,2023-03-10,1.0,0.9920318725099602,1.0,0.9960159362549801,1.0068331424443775,0.9926230006482943,1.0000411641106626,0.9203177292866924,1.0280256901950628,0.9382509812476338
hotel_126,2023-04-07,2023-03-10,0.9920318725099602,0.9920318725099602,0.9920318725099602,0.9760956175298805,0.9918797139902282,0.9926230006482943,0.993460284515133,0.9526977380998175,1.0288284653642148,0.940055219641371
hotel_126,2023-04-08,2023-04-07,1.0,0.9920318725099602,0.9960159362549801,1.0,1.0056942816261165,0.9927149914916438,1.008738528468733,1.026946367850641,1.0008837512537052,0.9871907381171968
hotel_126,2023-04-09,2023-04-07,0.9960159362549801,0.9920318725099602,1.0,0.9920318725099602,0.9195613611366934,0.9927149914916438,0.9710435222608452,1.0369648774449742,0.9929601062595736,0.986709340762879
hotel_126,2023-04-10,2023-04-07,0.9402390438247012,0.9920318725099602,0.9920318725099602,0.9960159362549801,0.8878491956608303,0.9927149914916438,0.9553110670492669,0.9764773960328936,0.9912436241501873,0.9862946785412425
hotel_126,2023-04-11,2023-04-07,0.9800796812749004,0.9920318725099602,1.0,0.9920318725099602,0.9143506390459059,0.9927149914916438,0.9535462188252491,0.9960073123073047,0.9963163306412044,0.9870260084432445
hotel_126,2023-04-12,2023-04-07,1.00398406374502,0.9920318725099602,0.9840637450199203,0.9800796812749004,0.9286994703376521,0.9927149914916438,0.9520030884962396,0.9894275912974613,0.9963559447043998,0.9884933439574051
hotel_126,2023-04-13,2023-04-07,0.9681274900398407,0.9920318725099602,1.0,1.00398406374502,0.9778784006387398,0.9927149914916438,0.9940322490099507,0.9719791753014493,1.003447998940773,0.9867984772936309
hotel_126,2023-04-14,2023-04-07,1.0,0.9920318725099602,0.9920318725099602,1.00398406374502,0.9932088936059456,0.9927149914916438,0.993260091102852,0.9452028416501869,1.0103376458245807,0.9869622460343042
hotel_126,2023-04-15,2023-04-07,0.9800796812749004,0.9920318725099602,0.9960159362549801,0.9960159362549801,1.0056942816261165,0.9927149914916438,1.008738528468733,0.9796990637701957,1.0126119316807076,0.9876771126953865
hotel_126,2023-04-16,2023-04-07,0.9641434262948207,0.9920318725099602,1.0,1.0,0.9195613611366934,0.9927149914916438,0.9710435222608452,0.9541182310190981,1.004782930507737,0.9873161293317979
hotel_126,2023-04-17,2023-04-07,0.9362549800796812,0.9920318725099602,0.9920318725099602,0.9960159362549801,0.8878491956608303,0.9927149914916438,0.9553110670492669,1.03504221287553,1.0005955823657433,0.9876106563425919
hotel_126,2023-04-18,2023-04-07,0.9760956175298805,0.9920318725099602,1.0,0.9960159362549801,0.9143506390459059,0.9927149914916438,0.9535462188252491,1.034706529687863,1.002383751752632,0.9875747787243209
hotel_126,2023-04-19,2023-04-07,0.9641434262948207,0.9920318725099602,0.9840637450199203,0.9960159362549801,0.9286994703376521,0.9927149914916438,0.9520030884962396,1.043969672363539,1.0000341585215125,0.9875537801330482
hotel_126,2023-04-20,2023-04-07,0.9760956175298805,0.9920318725099602,1.0,0.9601593625498008,0.9778784006387398,0.9927149914916438,0.9940322490099507,1.038873044279478,1.0098933415449962,0.9905796981182574
hotel_126,2023-04-21,2023-04-07,0.9880478087649402,0.9920318725099602,0.9920318725099602,0.9840637450199203,0.9932088936059456,0.9927149914916438,0.993260091102852,1.040084926614564,1.0114260808436804,0.988557593033586
hotel_126,2023-04-22,2023-04-07,1.0079681274900398,0.9920318725099602,0.9960159362549801,0.9920318725099602,1.0056942816261165,0.9927149914916438,1.008738528468733,0.9793129254225242,1.0149500706990662,0.9878870170841532
hotel_126,2023-04-23,2023-04-07,0.7808764940239044,0.9920318725099602,1.0,0.9960159362549801,0.9195613611366934,0.9927149914916438,0.9710435222608452,0.9739657324668162,1.0074312414680957,0.9875536441248857
hotel_126,2023-04-24,2023-04-07,0.896414342629482,0.9920318725099602,0.9920318725099602,0.9960159362549801,0.8878491956608303,0.9927149914916438,0.9553110670492669,1.0063329017701488,1.0042521875522545,0.9875561481869566
hotel_126,2023-04-25,2023-04-07,0.9561752988047809,0.9920318725099602,1.0,0.9960159362549801,0.9143506390459059,0.9927149914916438,0.9535462188252491,0.9980764854078324,1.0066954744939038,0.9875573111626654
hotel_126,2023-04-26,2023-04-07,0.9681274900398407,0.9920318725099602,0.9840637450199203,0.9880478087649402,0.9286994703376521,0.9927149914916438,0.9520030884962396,0.9631121935841214,1.005832095764215,0.9882316759075636
hotel_126,2023-04-27,2023-04-07,0.9840637450199203,0.9920318725099602,1.0,1.0,0.9778784006387398,0.9927149914916438,0.9940322490099507,0.972135078608019,1.0122147957594245,0.9872202034155813
hotel_126,2023-04-28,2023-04-07,0.9840637450199203,0.9920318725099602,0.9920318725099602,1.0,0.9932088936059456,0.9927149914916438,0.993260091102852,0.9491307397972708,1.0160766862127537,0.9872198466295413
hotel_126,2023-04-29,2023-04-07,0.9960159362549801,0.9920318725099602,0.9960159362549801,0.9641434262948207,1.0056942816261165,0.9927149914916438,1.008738528468733,0.8894135337432991,1.0182905907914122,0.9902532367156809
hotel_126,2023-04-30,2023-04-07,0.9123505976095617,0.9920318725099602,1.0,1.0,0.9195613611366934,0.9927149914916438,0.9710435222608452,0.9309004824456512,1.012293957305294,0.9872194111765002
hotel_126,2023-05-01,2023-04-07,0.9840637450199203,0.9920318725099602,0.9920318725099602,0.9960159362549801,0.8878491956608303,0.9927149914916438,0.9553110670492669,0.9941884140212189,1.0093334014600288,0.9875564355728418
hotel_126,2023-05-02,2023-04-07,0.9960159362549801,0.9920318725099602,1.0,1.0,0.9143506390459059,0.9927149914916438,0.9535462188252491,0.9758173495800425,1.0109307814506618,0.987219370986442
hotel_126,2023-05-03,2023-04-07,1.0,0.9920318725099602,0.9840637450199203,0.9920318725099602,0.9286994703376521,0.9927149914916438,0.9520030884962396,0.965594367406987,1.0095326015432404,0.9878935515371429
hotel_126,2023-05-04,2023-04-07,0.9840637450199203,0.9920318725099602,1.0,1.0,0.9778784006387398,0.9927149914916438,0.9940322490099507,0.9599813475853906,1.0162085352567352,0.9872194321434732
hotel_126,2023-05-05,2023-04-07,0.9960159362549801,0.9920318725099602,0.9920318725099602,0.9840637450199203,0.9932088936059456,0.9927149914916438,0.993260091102852,0.9456484922306189,1.0180996992347513,0.9885677492938306
hotel_126,2023-05-06,2023-05-05,0.9960159362549801,0.9960159362549801,0.9960159362549801,1.0,1.010304537760837,0.9948278419121593,0.9998164368056601,0.9936708187208316,0.9948238036521941,0.9844892553548276
hotel_126,2023-05-07,2023-05-05,0.9243027888446215,0.9960159362549801,0.9123505976095617,0.9920318725099602,0.9232971717047441,0.9948278419121593,0.9468544597627436,1.026713479714673,0.931998810241431,0.9781673970072688
hotel_126,2023-05-08,2023-05-05,1.0,0.9960159362549801,0.9840637450199203,1.0,0.9231418053759061,0.9948278419121593,0.9608008338910773,1.0498318168691148,0.9536217480925809,0.9741302592061538
hotel_126,2023-05-09,2023-05-05,1.00398406374502,0.9960159362549801,0.9960159362549801,0.9960159362549801,0.9415878423042987,0.9948278419121593,0.984799228418035,1.0578234125148935,0.9729022667873551,0.9737478357333392
hotel_126,2023-05-10,2023-05-05,0.9840637450199203,0.9960159362549801,1.0,0.9402390438247012,0.9462927842178456,0.9948278419121593,0.9885068370956959,0.9945136195384089,0.9762913559958305,0.9791348171135088
hotel_126,2023-05-11,2023-05-05,0.9123505976095617,0.9960159362549801,0.9840637450199203,0.9800796812749004,0.9740340577237088,0.9948278419121593,0.9848194377252422,1.016918156430027,0.9783464380958995,0.9766560005533865
hotel_126,2023-05-12,2023-05-05,1.0,0.9960159362549801,0.9960159362549801,1.00398406374502,0.9970179573424626,0.9948278419121593,0.9961331806129169,1.017970328775503,0.9837808716723923,0.9753689154429293
hotel_126,2023-05-13,2023-05-05,1.00398406374502,0.9960159362549801,0.9960159362549801,0.9681274900398407,1.010304537760837,0.9948278419121593,0.9998164368056601,0.9934331971112353,0.9868740687338182,0.978881918655757
hotel_126,2023-05-14,2023-05-05,0.9681274900398407,0.9960159362549801,0.9123505976095617,1.0,0.9232971717047441,0.9948278419121593,0.9468544597627436,0.9748624246909384,0.9443337312598601,0.9762991894032447
hotel_126,2023-05-15,2023-05-05,0.9800796812749004,0.9960159362549801,0.9840637450199203,0.9800796812749004,0.9231418053759061,0.9948278419121593,0.9608008338910773,1.000361921166942,0.9649178977713923,0.9779950180570187
hotel_126,2023-05-16,2023-05-05,0.9880478087649402,0.9960159362549801,0.9960159362549801,0.9641434262948207,0.9415878423042987,0.9948278419121593,0.984799228418035,0.9729511050267434,0.9783286578839071,0.9792848794881358
hotel_126,2023-05-17,2023-05-05,0.9800796812749004,0.9960159362549801,1.0,0.9362549800796812,0.9462927842178456,0.9948278419121593,0.9885068370956959,1.0469414575053666,0.9799835593100092,0.9816007236945979
hotel_126,2023-05-18,2023-05-05,0.9880478087649402,0.9960159362549801,0.9840637450199203,0.9760956175298805,0.9740340577237088,0.9948278419121593,0.9848194377252422,1.0538710930546502,0.9789871229868966,0.9781289943050245
hotel_126,2023-05-19,2023-05-05,0.9960159362549801,0.9960159362549801,0.9960159362549801,0.9641434262948207,0.9970179573424626,0.9948278419121593,0.9961331806129169,1.0603708471744935,0.9844805180231211,0.9791313899930093
hotel_126,2023-05-20,2023-05-05,1.0,0.9960159362549801,0.9960159362549801,0.9760956175298805,1.010304537760837,0.9948278419121593,0.9998164368056601,1.0570814257353458,0.9866532132075584,0.9781013669722916
hotel_126,2023-05-21,2023-05-05,1.0,0.9960159362549801,0.9123505976095617,0.9880478087649402,0.9232971717047441,0.9948278419121593,0.9468544597627436,1.060941165821922,0.9444077970240403,0.9770807285500187
hotel_126,2023-05-22,2023-05-05,1.0,0.9960159362549801,0.9840637450199203,1.0079681274900398,0.9231418053759061,0.9948278419121593,0.9608008338910773,1.0066474783935937,0.9617380619655094,0.9753781653655835
hotel_126,2023-05-23,2023-05-05,0.9920318725099602,0.9960159362549801,0.9960159362549801,0.7808764940239044,0.9415878423042987,0.9948278419121593,0.984799228418035,0.9656366623992727,0.9753461402952154,0.994877444861254
hotel_126,2023-05-24,2023-05-05,0.9920318725099602,0.9960159362549801,1.0,0.896414342629482,0.9462927842178456,0.9948278419121593,0.9885068370956959,1.015417263275946,0.9775202917502994,0.9849628267954333
hotel_126,2023-05-25,2023-05-05,0.9561752988047809,0.9960159362549801,0.9840637450199203,0.9561752988047809,0.9740340577237088,0.9948278419121593,0.9848194377252422,1.018259078798003,0.9781640200518618,0.9798339631242788
hotel_126,2023-05-26,2023-05-05,0.9800796812749004,0.9960159362549801,0.9960159362549801,0.9681274900398407,0.9970179573424626,0.9948278419121593,0.9961331806129169,0.9923288049343424,0.9823894920051529,0.9788077847218609
hotel_126,2023-05-27,2023-05-05,1.0079681274900398,0.9960159362549801,0.9960159362549801,0.9840637450199203,1.010304537760837,0.9948278419121593,0.9998164368056601,1.0037409613170218,0.9845004274620969,0.9774391838824061
hotel_126,2023-05-28,2023-05-05,0.9880478087649402,0.9960159362549801,0.9123505976095617,0.9840637450199203,0.9232971717047441,0.9948278419121593,0.9468544597627436,0.9868094047751799,0.951179879023456,0.9774385863198806
hotel_126,2023-05-29,2023-05-05,0.9641434262948207,0.9960159362549801,0.9840637450199203,0.9960159362549801,0.9231418053759061,0.9948278419121593,0.9608008338910773,0.9327636794078444,0.9663507519994231,0.9764122297023742
hotel_126,2023-05-30,2023-05-05,0.9641434262948207,0.9960159362549801,0.9960159362549801,0.9123505976095617,0.9415878423042987,0.9948278419121593,0.984799228418035,0.95229070751082,0.9769377185880501,0.9835938912010522
hotel_126,2023-05-31,2023-05-05,1.00398406374502,0.9960159362549801,1.0,0.9840637450199203,0.9462927842178456,0.9948278419121593,0.9885068370956959,1.0196761979472928,0.9783959891966929,0.9774380205981266
hotel_126,2023-06-01,2023-05-05,0.8047808764940239,0.9960159362549801,0.9840637450199203,0.9960159362549801,0.9740340577237088,0.9948278419121593,0.9848194377252422,1.004729876593623,0.9781105385489878,0.976412091646106
hotel_126,2023-06-02,2023-05-05,1.00398406374502,0.9960159362549801,0.9960159362549801,1.0,0.9970179573424626,0.9948278419121593,0.9961331806129169,1.0040321473102285,0.9820415008374762,0.9760701576949435
hotel_126,2023-06-03,2023-06-02,0.9482071713147411,1.00398406374502,1.0079681274900398,0.9840637450199203,0.997042006636073,0.9801622052007244,0.9871529112015359,0.972710005071837,1.0149028955436625,1.013081817592345
hotel_126,2023-06-04,2023-06-02,0.9880478087649402,1.00398406374502,0.9880478087649402,0.9960159362549801,0.9309823494265196,0.9801622052007244,0.9327110710183386,0.9685847170334813,1.0007805782199937,1.0033525806562251
hotel_126,2023-06-05,2023-06-02,1.0159362549800797,1.00398406374502,0.9641434262948207,0.9960159362549801,0.9204551391003566,0.9801622052007244,0.9598141041980242,0.9775251398947044,0.9974317075837668,0.990753633551537
hotel_126,2023-06-06,2023-06-02,1.0159362549800797,1.00398406374502,0.9641434262948207,0.9243027888446215,0.9251424968147317,0.9801622052007244,0.9743586776834292,0.9970172754671301,0.9906267961111206,0.9867628997997796
hotel_126,2023-06-07,2023-06-02,1.0079681274900398,1.00398406374502,1.00398406374502,1.0,0.9306592414986323,0.9801622052007244,0.9789730170838147,1.0228653484975156,0.9871551041173476,0.9747046435900129
hotel_126,2023-06-08,2023-06-02,0.9960159362549801,1.00398406374502,0.8047808764940239,1.00398406374502,0.9211975136756855,0.9801622052007244,0.9321652766723958,1.0293583794427559,0.9519928298135885,0.9723480827633887
hotel_126,2023-06-09,2023-06-02,0.9920318725099602,1.00398406374502,1.00398406374502,0.9840637450199203,0.9943267550499054,0.9801622052007244,0.986651079929336,0.9718130213473001,0.9851454983998267,0.9741709456036193
hotel_126,2023-06-10,2023-06-02,1.0,1.00398406374502,1.0079681274900398,0.9123505976095617,0.997042006636073,0.9801622052007244,0.9871529112015359,0.9780843793791253,0.9936614283874734,0.9811990595361789
hotel_126,2023-06-11,2023-06-02,1.0,1.00398406374502,0.9880478087649402,1.0,0.9309823494265196,0.9801622052007244,0.9327110710183386,0.9970240404629601,0.9768991073748914,0.974814318388178
hotel_126,2023-06-12,2023-06-02,0.9920318725099602,1.00398406374502,0.9641434262948207,1.00398406374502,0.9204551391003566,0.9801622052007244,0.9598141041980242,0.9725448087924611,0.9784922002354948,0.975159327479311
hotel_126,2023-06-13,2023-06-02,1.00398406374502,1.00398406374502,0.9641434262948207,0.9681274900398407,0.9251424968147317,0.9801622052007244,0.9743586776834292,0.9518088558375369,0.980173008642765,0.9785060158853859
hotel_126,2023-06-14,2023-06-02,1.0,1.00398406374502,1.00398406374502,0.9800796812749004,0.9306592414986323,0.9801622052007244,0.9789730170838147,0.9720747364932273,0.9872893769114807,0.9775698821114215
hotel_126,2023-06-15,2023-06-02,1.00398406374502,1.00398406374502,0.8047808764940239,0.9880478087649402,0.9211975136756855,0.9801622052007244,0.9321652766723958,0.9476529828628103,0.936826049874959,0.9768423971715738
hotel_126,2023-06-16,2023-06-02,1.0079681274900398,1.00398406374502,1.00398406374502,0.9800796812749004,0.9943267550499054,0.9801622052007244,0.986651079929336,1.0147287628552677,0.9885937743174418,0.9774244864065268
hotel_126,2023-06-17,2023-06-02,1.00398406374502,1.00398406374502,1.0079681274900398,0.9880478087649402,0.997042006636073,0.9801622052007244,0.9871529112015359,1.0232204009756205,0.9945654799090596,0.9766789946695698
hotel_126,2023-06-18,2023-06-02,1.00398406374502,1.00398406374502,0.9880478087649402,0.9960159362549801,0.9309823494265196,0.9801622052007244,0.9327110710183386,1.0298065315576135,0.9809781069413006,0.9759642757370315
hotel_126,2023-06-19,2023-06-02,0.9960159362549801,1.00398406374502,0.9641434262948207,1.0,0.9204551391003566,0.9801622052007244,0.9598141041980242,1.027349537690464,0.9831738524936491,0.9756121844533113
hotel_126,2023-06-20,2023-06-02,0.9960159362549801,1.00398406374502,0.9641434262948207,1.0,0.9251424968147317,0.9801622052007244,0.9743586776834292,1.0317623213414355,0.9830459321890344,0.9756122609768709
hotel_126,2023-06-21,2023-06-02,1.00398406374502,1.00398406374502,1.00398406374502,1.0,0.9306592414986323,0.9801622052007244,0.9789730170838147,0.9833577101151462,0.9852771174518387,0.9756190110635415
hotel_126,2023-06-22,2023-06-02,0.9880478087649402,1.00398406374502,0.8047808764940239,0.9920318725099602,0.9211975136756855,0.9801622052007244,0.9321652766723958,0.9418373733888631,0.9537958754135049,0.9762979121078512
hotel_126,2023-06-23,2023-06-02,1.00398406374502,1.00398406374502,1.00398406374502,0.9920318725099602,0.9943267550499054,0.9801622052007244,0.986651079929336,0.9883978845590837,0.9855491846375704,0.9763029885429435
hotel_126,2023-06-24,2023-06-02,1.00398406374502,1.00398406374502,1.0079681274900398,0.9561752988047809,0.997042006636073,0.9801622052007244,0.9871529112015359,0.9868039979295694,0.9913056218630104,0.9793278811572287
hotel_126,2023-06-25,2023-06-02,1.00398406374502,1.00398406374502,0.9880478087649402,0.9800796812749004,0.9309823494265196,0.9801622052007244,0.9327110710183386,0.9728598027348461,0.9790756302419779,0.9773135880186705
hotel_126,2023-06-26,2023-06-02,1.00398406374502,1.00398406374502,0.9641434262948207,1.0079681274900398,0.9204551391003566,0.9801622052007244,0.9598141041980242,0.9855899282525868,0.9804073177198378,0.9749624969728463
hotel_126,2023-06-27,2023-06-02,0.9840637450199203,1.00398406374502,0.9641434262948207,0.9880478087649402,0.9251424968147317,0.9801622052007244,0.9743586776834292,0.970443320171836,0.9811101505534894,0.9766409654433394
hotel_126,2023-06-28,2023-06-02,1.00398406374502,1.00398406374502,1.00398406374502,0.9641434262948207,0.9306592414986323,0.9801622052007244,0.9789730170838147,0.9179350597793625,0.9851352823718864,0.9786553460890308
hotel_126,2023-06-29,2023-06-02,1.00398406374502,1.00398406374502,0.8047808764940239,0.9641434262948207,0.9211975136756855,0.9801622052007244,0.9321652766723958,0.9296807430085644,0.9516431826659618,0.9786550202656628
hotel_126,2023-06-30,2023-06-02,0.9880478087649402,1.00398406374502,1.00398406374502,1.00398406374502,0.9943267550499054,0.9801622052007244,0.986651079929336,0.9939359285226914,0.9858412399330687,0.9752966859296248
hotel_133,2023-02-11,2023-02-10,0.7540983606557377,0.6065573770491803,0.639344262295082,0.5901639344262295,0.7037037499028185,0.6687466334469224,0.698464140091242,0.6685527572201817,0.6718914969759417,0.6472215454846169
hotel_133,2023-02-12,2023-02-10,0.5573770491803278,0.6065573770491803,0.5901639344262295,0.45901639344262296,0.5211403946251055,0.6687466334469224,0.5915308521063397,0.6432213295852103,0.6088133824116192,0.6820343544603719
hotel_133,2023-02-13,2023-02-10,0.5737704918032787,0.6065573770491803,0.7049180327868853,0.6065573770491803,0.5606917093898941,0.6687466334469224,0.6713465287673939,0.6949069083884648,0.6880671602242063,0.677416611663353
hotel_133,2023-02-14,2023-02-10,0.7213114754098361,0.6065573770491803,0.7540983606557377,0.5245901639344263,0.5717387218356356,0.6687466334469224,0.6905108790720687,0.7062191438454207,0.7035025434942096,0.6908622596372386
hotel_133,2023-02-15,2023-02-10,0.7049180327868853,0.6065573770491803,0.7704918032786885,0.6557377049180327,0.5858655623427986,0.6687466334469224,0.7042814596203414,0.7456626194292932,0.7141539488277137,0.679955674187168
hotel_133,2023-02-16,2023-02-10,0.6885245901639344,0.6065573770491803,0.7213114754098361,0.639344262295082,0.5960068718917255,0.6687466334469224,0.6884794659033209,0.7389191000846631,0.7023790735036962,0.6828335572971672
hotel_133,2023-02-17,2023-02-10,0.9836065573770492,0.6065573770491803,0.6065573770491803,0.7213114754098361,0.6677484002561368,0.6687466334469224,0.6253712896196847,0.7997340352814969,0.6518176758768844,0.6750570297112226
hotel_133,2023-02-18,2023-02-10,0.9836065573770492,0.6065573770491803,0.639344262295082,0.7868852459016393,0.7037037499028185,0.6687466334469224,0.698464140091242,0.7917761656539876,0.6951802561403927,0.668652091780695
hotel_133,2023-02-19,2023-02-10,0.9672131147540983,0.6065573770491803,0.5901639344262295,0.6557377049180327,0.5211403946251055,0.6687466334469224,0.5915308521063397,0.7629649629729714,0.6278958012836501,0.6821727454255365
hotel_133,2023-02-20,2023-02-10,0.4426229508196721,0.6065573770491803,0.7049180327868853,0.7049180327868853,0.5606917093898941,0.6687466334469224,0.6713465287673939,0.7162502262374884,0.6949927883792575,0.6772224662192761
hotel_133,2023-02-21,2023-02-10,0.36065573770491804,0.6065573770491803,0.7540983606557377,0.639344262295082,0.5717387218356356,0.6687466334469224,0.6905108790720687,0.7534460551068827,0.7094138181766051,0.6839462091227297
hotel_133,2023-02-22,2023-02-10,0.39344262295081966,0.6065573770491803,0.7704918032786885,0.9180327868852459,0.5858655623427986,0.6687466334469224,0.7042814596203414,0.7948876266637144,0.7182460680655156,0.6555266420952792
hotel_133,2023-02-23,2023-02-10,0.5737704918032787,0.6065573770491803,0.7213114754098361,0.8688524590163934,0.5960068718917255,0.6687466334469224,0.6884794659033209,0.7411418629391191,0.703481575650262,0.6605525226933634
hotel_133,2023-02-24,2023-02-10,0.7377049180327869,0.6065573770491803,0.6065573770491803,0.8688524590163934,0.6677484002561368,0.6687466334469224,0.6253712896196847,0.7805458423519156,0.6511145240421641,0.6605563340306309
hotel_133,2023-02-25,2023-02-10,0.7704918032786885,0.6065573770491803,0.639344262295082,0.8360655737704918,0.7037037499028185,0.6687466334469224,0.698464140091242,0.749588029986743,0.6923413155584264,0.6639035593474958
hotel_133,2023-02-26,2023-02-10,0.5245901639344263,0.6065573770491803,0.5901639344262295,0.8032786885245902,0.5211403946251055,0.6687466334469224,0.5915308521063397,0.7637898242056663,0.6311193502060348,0.66724983247712
hotel_133,2023-02-27,2023-02-10,0.8360655737704918,0.6065573770491803,0.7049180327868853,0.8360655737704918,0.5606917093898941,0.6687466334469224,0.6713465287673939,0.7361263759397837,0.6933393620664279,0.6639049033012947
hotel_133,2023-02-28,2023-02-10,0.6721311475409836,0.6065573770491803,0.7540983606557377,0.6885245901639344,0.5717387218356356,0.6687466334469224,0.6905108790720687,0.681481763502416,0.7065333173986331,0.6789592795251997
hotel_133,2023-03-01,2023-02-10,0.6557377049180327,0.6065573770491803,0.7704918032786885,0.7049180327868853,0.5858655623427986,0.6687466334469224,0.7042814596203414,0.6295560093899767,0.7147228433764824,0.6772866992437653
hotel_133,2023-03-02,2023-02-10,0.6557377049180327,0.6065573770491803,0.7213114754098361,0.7213114754098361,0.5960068718917255,0.6687466334469224,0.6884794659033209,0.6474627725739989,0.7014931341846518,0.6756140654157474
hotel_133,2023-03-03,2023-02-10,0.819672131147541,0.6065573770491803,0.6065573770491803,0.7049180327868853,0.6677484002561368,0.6687466334469224,0.6253712896196847,0.6393569502222435,0.6538458733301131,0.6772867748214784
hotel_133,2023-03-04,2023-02-10,0.9344262295081968,0.6065573770491803,0.639344262295082,0.6721311475409836,0.7037037499028185,0.6687466334469224,0.698464140091242,0.5852287726822389,0.6916575280328325,0.6806321561838444
hotel_133,2023-03-05,2023-02-10,0.819672131147541,0.6065573770491803,0.5901639344262295,0.5901639344262295,0.5211403946251055,0.6687466334469224,0.5915308521063397,0.6288495724026237,0.6352361077299308,0.6889955853266528
hotel_133,2023-03-06,2023-02-10,0.819672131147541,0.6065573770491803,0.7049180327868853,0.639344262295082,0.5606917093898941,0.6687466334469224,0.6713465287673939,0.6395234775885795,0.6924568885532144,0.6839775342209016
hotel_133,2023-03-07,2023-02-10,0.8032786885245902,0.6065573770491803,0.7540983606557377,0.5901639344262295,0.5717387218356356,0.6687466334469224,0.6905108790720687,0.638643450498938,0.70460706576315,0.6889955895767921
hotel_133,2023-03-08,2023-02-10,0.8360655737704918,0.6065573770491803,0.7704918032786885,0.7049180327868853,0.5858655623427986,0.6687466334469224,0.7042814596203414,0.7119740611006956,0.7121381907296803,0.6772867976719182
hotel_133,2023-03-09,2023-02-10,0.819672131147541,0.6065573770491803,0.7213114754098361,0.7540983606557377,0.5960068718917255,0.6687466334469224,0.6884794659033209,0.6784510467094872,0.6999262641559159,0.6722687440379839
hotel_133,2023-03-10,2023-02-10,0.8688524590163934,0.6065573770491803,0.6065573770491803,0.7704918032786885,0.6677484002561368,0.6687466334469224,0.6253712896196847,0.6738303115085317,0.6560177577044224,0.6705960595440502
hotel_133,2023-03-11,2023-03-10,1.0,0.8688524590163934,0.9344262295081968,0.7213114754098361,0.9167538330782539,0.8475197855748585,0.9351180676935664,0.8682065751964759,0.8591890198296426,0.8074943986745238
hotel_133,2023-03-12,2023-03-10,0.8360655737704918,0.8688524590163934,0.819672131147541,0.6065573770491803,0.7361321830784421,0.8475197855748585,0.8080950756012252,0.8796750703235502,0.7311954588930184,0.7856112609220209
hotel_133,2023-03-13,2023-03-10,0.9836065573770492,0.8688524590163934,0.819672131147541,0.7540983606557377,0.7697694863066419,0.8475197855748585,0.8169161517741917,0.8324910455243021,0.7242593241363191,0.7565168091955421
hotel_133,2023-03-14,2023-03-10,0.9672131147540983,0.8688524590163934,0.8032786885245902,0.5573770491803278,0.7774315886140009,0.8475197855748585,0.7979617384227993,0.7683340801277595,0.690786620628885,0.76652121345363
hotel_133,2023-03-15,2023-03-10,0.9344262295081968,0.8688524590163934,0.8360655737704918,0.5737704918032787,0.7904897176780941,0.8475197855748585,0.802722990150801,0.8183119660687596,0.6934663437200085,0.7612535135252829
hotel_133,2023-03-16,2023-03-10,1.0,0.8688524590163934,0.819672131147541,0.7213114754098361,0.8021400740290894,0.8475197855748585,0.8114244211898113,0.8539650346909131,0.7066649021931182,0.7460924125969254
hotel_133,2023-03-17,2023-03-10,0.9672131147540983,0.8688524590163934,0.8688524590163934,0.7049180327868853,0.8795180853492531,0.8475197855748585,0.8745157962954043,0.8885701158125835,0.7746614874147542,0.7466612920887011
hotel_133,2023-03-18,2023-03-10,0.9344262295081968,0.8688524590163934,0.9344262295081968,0.6885245901639344,0.9167538330782539,0.8475197855748585,0.9351180676935664,0.8848551529474471,0.8137901512552196,0.7476940779141101
hotel_133,2023-03-19,2023-03-10,0.8032786885245902,0.8688524590163934,0.819672131147541,0.9836065573770492,0.7361321830784421,0.8475197855748585,0.8080950756012252,0.9868033239683914,0.7183250424988669,0.720866391593086
hotel_133,2023-03-20,2023-03-10,0.7704918032786885,0.8688524590163934,0.819672131147541,0.9836065573770492,0.7697694863066419,0.8475197855748585,0.8169161517741917,0.9797830055089015,0.7240389409874795,0.7207594716561416
hotel_133,2023-03-21,2023-03-10,0.819672131147541,0.8688524590163934,0.8032786885245902,0.9672131147540983,0.7774315886140009,0.8475197855748585,0.7979617384227993,0.9501531986521006,0.6999027724031847,0.7221853945840292
hotel_133,2023-03-22,2023-03-10,0.8852459016393442,0.8688524590163934,0.8360655737704918,0.4426229508196721,0.7904897176780941,0.8475197855748585,0.802722990150801,0.819333443778969,0.707622511154026,0.7694653932768447
hotel_133,2023-03-23,2023-03-10,0.9508196721311475,0.8688524590163934,0.819672131147541,0.36065573770491804,0.8021400740290894,0.8475197855748585,0.8114244211898113,0.8470774403505934,0.7181780376734327,0.776844331946466
hotel_133,2023-03-24,2023-03-10,0.9672131147540983,0.8688524590163934,0.8688524590163934,0.39344262295081966,0.8795180853492531,0.8475197855748585,0.8745157962954043,0.8886815845585032,0.7790622610176805,0.7738815701490186
hotel_133,2023-03-25,2023-03-10,0.9836065573770492,0.8688524590163934,0.9344262295081968,0.5737704918032787,0.9167538330782539,0.8475197855748585,0.9351180676935664,0.8663915888709854,0.8105634737997611,0.7576172332212194
hotel_133,2023-03-26,2023-03-10,0.8032786885245902,0.8688524590163934,0.819672131147541,0.7377049180327869,0.7361321830784421,0.8475197855748585,0.8080950756012252,0.9270567260215942,0.7209411473712486,0.7428327370279212
hotel_133,2023-03-27,2023-03-10,0.819672131147541,0.8688524590163934,0.819672131147541,0.7704918032786885,0.7697694863066419,0.8475197855748585,0.8169161517741917,0.905856723874455,0.7250930301172877,0.7398754093625004
hotel_133,2023-03-28,2023-03-10,0.9672131147540983,0.8688524590163934,0.8032786885245902,0.5245901639344263,0.7774315886140009,0.8475197855748585,0.7979617384227993,0.8780760272815921,0.7023391165765447,0.762049582120594
hotel_133,2023-03-29,2023-03-10,0.9508196721311475,0.8688524590163934,0.8360655737704918,0.8360655737704918,0.7904897176780941,0.8475197855748585,0.802722990150801,0.9039561104726673,0.7089315146925357,0.7339616736067766
hotel_133,2023-03-30,2023-03-10,0.9836065573770492,0.8688524590163934,0.819672131147541,0.6721311475409836,0.8021400740290894,0.8475197855748585,0.8114244211898113,0.826389366270036,0.718798983325604,0.7487446067799777
hotel_133,2023-03-31,2023-03-10,0.9672131147540983,0.8688524590163934,0.8688524590163934,0.6557377049180327,0.8795180853492531,0.8475197855748585,0.8745157962954043,0.7807092465602486,0.7748558984199333,0.7502228669096399
hotel_133,2023-04-01,2023-03-10,1.0,0.8688524590163934,0.9344262295081968,0.6557377049180327,0.9167538330782539,0.8475197855748585,0.9351180676935664,0.7969203346706577,0.8042255998117539,0.7502228464813976
hotel_133,2023-04-02,2023-03-10,0.9180327868852459,0.8688524590163934,0.819672131147541,0.819672131147541,0.7361321830784421,0.8475197855748585,0.8080950756012252,0.8127447641593017,0.7221572562100681,0.7354398181798409
hotel_133,2023-04-03,2023-03-10,1.0,0.8688524590163934,0.819672131147541,0.9344262295081968,0.7697694863066419,0.8475197855748585,0.8169161517741917,0.7797237809529433,0.7260807717160768,0.725091700471452
hotel_133,2023-04-04,2023-03-10,1.0,0.8688524590163934,0.8032786885245902,0.819672131147541,0.7774315886140009,0.8475197855748585,0.7979617384227993,0.799578963657748,0.7052542218658016,0.7354398108755124
hotel_133,2023-04-05,2023-03-10,1.0163934426229508,0.8688524590163934,0.8360655737704918,0.819672131147541,0.7904897176780941,0.8475197855748585,0.802722990150801,0.8047391861864055,0.7113563694652071,0.7354398096989315
hotel_133,2023-04-06,2023-03-10,0.9836065573770492,0.8688524590163934,0.819672131147541,0.8032786885245902,0.8021400740290894,0.8475197855748585,0.8114244211898113,0.8098126659726597,0.7203969311363208,0.736918110951936
hotel_133,2023-04-07,2023-03-10,1.0,0.8688524590163934,0.8688524590163934,0.8360655737704918,0.8795180853492531,0.8475197855748585,0.8745157962954043,0.8794738405042549,0.7718398504461745,0.7339615070107699
hotel_133,2023-04-08,2023-04-07,0.9508196721311475,1.0,1.0,0.819672131147541,1.0569500143940356,0.9967392836248662,1.062390294654123,0.9920410595477714,1.0069257705978414,0.9617217435468233
hotel_133,2023-04-09,2023-04-07,0.8360655737704918,1.0,0.9180327868852459,0.8688524590163934,0.8783565166466328,0.9967392836248662,0.9169020129707347,0.9926348821667761,0.8970227132968246,0.9370472070622354
hotel_133,2023-04-10,2023-04-07,0.8852459016393442,1.0,1.0,1.0,0.9128159461427618,0.9967392836248662,0.938999903583496,1.0421759346166184,0.9157417251226684,0.9139476977501263
hotel_133,2023-04-11,2023-04-07,1.0,1.0,1.0,0.8360655737704918,0.9227054037711245,0.9967392836248662,0.9441100988238758,1.0236132359250782,0.9385757021014515,0.9260367582907566
hotel_133,2023-04-12,2023-04-07,1.0,1.0,1.0163934426229508,0.9836065573770492,0.9353932149151043,0.9967392836248662,0.9489279435708426,1.0094146334639709,0.944366249672369,0.9085694618410598
hotel_133,2023-04-13,2023-04-07,1.0,1.0,0.9836065573770492,0.9672131147540983,0.9478955821540707,0.9967392836248662,0.9727693224385756,0.9408151730159688,0.9624419477876432,0.9091095795800257
hotel_133,2023-04-14,2023-04-07,1.0,1.0,1.0,0.9344262295081968,1.0201543652110685,0.9967392836248662,1.0111063291217182,0.9807085933379079,0.9778885581794693,0.911913335062635
hotel_133,2023-04-15,2023-04-07,1.0,1.0,1.0,1.0,1.0569500143940356,0.9967392836248662,1.062390294654123,1.0246946145350486,1.0015094879204676,0.9049081495112199
hotel_133,2023-04-16,2023-04-07,0.7704918032786885,1.0,0.9180327868852459,0.9672131147540983,0.8783565166466328,0.9967392836248662,0.9169020129707347,1.0511878025177976,0.9092207101926564,0.9081376066954524
hotel_133,2023-04-17,2023-04-07,0.7213114754098361,1.0,1.0,0.9344262295081968,0.9128159461427618,0.9967392836248662,0.938999903583496,1.0429006474986953,0.9363651888485918,0.9114359348570714
hotel_133,2023-04-18,2023-04-07,0.8032786885245902,1.0,1.0,0.8032786885245902,0.9227054037711245,0.9967392836248662,0.9441100988238758,1.1157966284431287,0.9568557120359145,0.9248625135491751
hotel_133,2023-04-19,2023-04-07,0.8360655737704918,1.0,1.0163934426229508,0.7704918032786885,0.9353932149151043,0.9967392836248662,0.9489279435708426,1.103399376409282,0.9640198147807041,0.9282112835301889
hotel_133,2023-04-20,2023-04-07,1.0,1.0,0.9836065573770492,0.819672131147541,0.9478955821540707,0.9967392836248662,0.9727693224385756,1.0837887676257107,0.9764225432811565,0.9231561945721692
hotel_133,2023-04-21,2023-04-07,0.9672131147540983,1.0,1.0,0.8852459016393442,1.0201543652110685,0.9967392836248662,1.0111063291217182,0.9657955612145149,0.9908987535059599,0.9164227099143746
hotel_133,2023-04-22,2023-04-07,0.9344262295081968,1.0,1.0,0.9508196721311475,1.0569500143940356,0.9967392836248662,1.062390294654123,1.002777409843576,1.0111724918754303,0.9096911939518935
hotel_133,2023-04-23,2023-04-07,0.6721311475409836,1.0,0.9180327868852459,0.9672131147540983,0.8783565166466328,0.9967392836248662,0.9169020129707347,1.04330903218389,0.9250477269999633,0.9080078566638811
hotel_133,2023-04-24,2023-04-07,0.7377049180327869,1.0,1.0,0.9836065573770492,0.9128159461427618,0.9967392836248662,0.938999903583496,1.0284307016552083,0.9492101517096223,0.9063249943122205
hotel_133,2023-04-25,2023-04-07,0.8360655737704918,1.0,1.0,0.8032786885245902,0.9227054037711245,0.9967392836248662,0.9441100988238758,1.0540212147715677,0.9682225620213448,0.9248312121049057
hotel_133,2023-04-26,2023-04-07,1.0,1.0,1.0163934426229508,0.819672131147541,0.9353932149151043,0.9967392836248662,0.9489279435708426,1.0373012350764592,0.9746758371719735,0.9231486976015637
hotel_133,2023-04-27,2023-04-07,0.8360655737704918,1.0,0.9836065573770492,0.9672131147540983,0.9478955821540707,0.9967392836248662,0.9727693224385756,1.028709579133347,0.9865595531718651,0.9080070081261215
hotel_133,2023-04-28,2023-04-07,1.0,1.0,1.0,0.9508196721311475,1.0201543652110685,0.9967392836248662,1.0111063291217182,1.0575177758822585,0.9999204842015305,0.909689385351119
hotel_133,2023-04-29,2023-04-07,1.0,1.0,1.0,0.9836065573770492,1.0569500143940356,0.9967392836248662,1.062390294654123,0.9900029517456086,1.0188085473594635,0.9063245644343807
hotel_133,2023-04-30,2023-04-07,0.6557377049180327,1.0,0.9180327868852459,0.9672131147540983,0.8783565166466328,0.9967392836248662,0.9169020129707347,0.9500161833419629,0.9392980515749865,0.9080069619037227
hotel_133,2023-05-01,2023-04-07,0.639344262295082,1.0,1.0,1.0,0.9128159461427618,0.9967392836248662,0.938999903583496,0.9648582925648466,0.9617176305279828,0.9046421509303216
hotel_133,2023-05-02,2023-04-07,0.7704918032786885,1.0,1.0,0.9180327868852459,0.9227054037711245,0.9967392836248662,0.9441100988238758,0.9649219929823534,0.9792807334845581,0.9130541689073858
hotel_133,2023-05-03,2023-04-07,0.8032786885245902,1.0,1.0163934426229508,1.0,0.9353932149151043,0.9967392836248662,0.9489279435708426,0.9486100440258923,0.9852608554443197,0.9046421486148389
hotel_133,2023-05-04,2023-04-07,1.0,1.0,0.9836065573770492,1.0,0.9478955821540707,0.9967392836248662,0.9727693224385756,0.9584604012236368,0.9962023244478575,0.9046421482402349
hotel_133,2023-05-05,2023-04-07,1.0,1.0,1.0,1.0163934426229508,1.0201543652110685,0.9967392836248662,1.0111063291217182,0.9596855665723463,1.0085515276586956,0.9029597441502693
hotel_133,2023-05-06,2023-05-05,0.9016393442622951,1.0,1.0,0.9836065573770492,1.0364456709350442,0.9566329204565822,0.9775089106942874,0.940641473996088,0.9830100557464057,0.9330646474631891
hotel_133,2023-05-07,2023-05-05,0.7540983606557377,1.0,0.6557377049180327,1.0,0.8544513647363058,0.9566329204565822,0.7790120930904966,1.0064304778282487,0.7986893521815366,0.894212304847298
hotel_133,2023-05-08,2023-05-05,0.7704918032786885,1.0,0.639344262295082,0.9508196721311475,0.8872098147626668,0.9566329204565822,0.8038637537888159,0.9623852683179885,0.8105059398537626,0.8853280352917623
hotel_133,2023-05-09,2023-05-05,0.8524590163934426,1.0,0.7704918032786885,0.8360655737704918,0.9035628598907179,0.9566329204565822,0.8878218525701924,0.9446531538728348,0.8722232128206586,0.8917192374384323
hotel_133,2023-05-10,2023-05-05,0.8524590163934426,1.0,0.8032786885245902,0.8852459016393442,0.9190865104957263,0.9566329204565822,0.9290930103257912,0.9947321331320017,0.9138430414491286,0.8842962498413485
hotel_133,2023-05-11,2023-05-05,0.8688524590163934,1.0,1.0,1.0,0.9347052208728469,0.9566329204565822,0.9681989972736226,0.9911939206193254,0.9345290095747119,0.8743005067925155
hotel_133,2023-05-12,2023-05-05,0.9836065573770492,1.0,1.0,1.0,1.0037875035346495,0.9566329204565822,0.9927980055612543,0.9881076545193135,0.9647503404259505,0.872624408334532
hotel_133,2023-05-13,2023-05-05,1.0,1.0,1.0,1.0,1.0364456709350442,0.9566329204565822,0.9775089106942874,0.9238485530979432,0.9596174593524556,0.8729736029373609
hotel_133,2023-05-14,2023-05-05,0.7540983606557377,1.0,0.6557377049180327,1.0,0.8544513647363058,0.9566329204565822,0.7790120930904966,0.9599701888083817,0.7895287265079934,0.8732616474643753
hotel_133,2023-05-15,2023-05-05,0.7049180327868853,1.0,0.639344262295082,1.0,0.8872098147626668,0.9566329204565822,0.8038637537888159,0.999499666690519,0.8005768086568733,0.8724821034945784
hotel_133,2023-05-16,2023-05-05,0.7704918032786885,1.0,0.7704918032786885,0.7704918032786885,0.9035628598907179,0.9566329204565822,0.8878218525701924,0.9866257505599061,0.8651468615285919,0.8955507461674705
hotel_133,2023-05-17,2023-05-05,0.8688524590163934,1.0,0.8032786885245902,0.7213114754098361,0.9190865104957263,0.9566329204565822,0.9290930103257912,0.9705599682466373,0.9028671830473467,0.9007639529522643
hotel_133,2023-05-18,2023-05-05,0.9344262295081968,1.0,1.0,0.8032786885245902,0.9347052208728469,0.9566329204565822,0.9681989972736226,1.0484782864766018,0.9385518778363224,0.8936328209892774
hotel_133,2023-05-19,2023-05-05,0.9672131147540983,1.0,1.0,0.8360655737704918,1.0037875035346495,0.9566329204565822,0.9927980055612543,1.0433769811766316,0.9638177732304998,0.8906990805759932
hotel_133,2023-05-20,2023-05-05,0.9016393442622951,1.0,1.0,1.0,1.0364456709350442,0.9566329204565822,0.9775089106942874,1.053314221351997,0.9582396454285569,0.8739995675210669
hotel_133,2023-05-21,2023-05-05,0.8360655737704918,1.0,0.6557377049180327,0.9672131147540983,0.8544513647363058,0.9566329204565822,0.7790120930904966,0.9403181418592307,0.800962109134932,0.8771127686591251
hotel_133,2023-05-22,2023-05-05,0.9016393442622951,1.0,0.639344262295082,0.9344262295081968,0.8872098147626668,0.9566329204565822,0.8038637537888159,0.9666078197351635,0.8112366768329141,0.87980218891408
hotel_133,2023-05-23,2023-05-05,0.9016393442622951,1.0,0.7704918032786885,0.6721311475409836,0.9035628598907179,0.9566329204565822,0.8878218525701924,0.96435304512744,0.8702630211753325,0.9055766329144673
hotel_133,2023-05-24,2023-05-05,1.0,1.0,0.8032786885245902,0.7377049180327869,0.9190865104957263,0.9566329204565822,0.9290930103257912,0.9701525548899596,0.9052579786795912,0.8987471560629855
hotel_133,2023-05-25,2023-05-05,0.9672131147540983,1.0,1.0,0.8360655737704918,0.9347052208728469,0.9566329204565822,0.9681989972736226,1.0075661739744817,0.9366377074103022,0.8906088697016266
hotel_133,2023-05-26,2023-05-05,0.9836065573770492,1.0,1.0,1.0,1.0037875035346495,0.9566329204565822,0.9927980055612543,1.0215819513756543,0.960286641891946,0.8741724854283504
hotel_133,2023-05-27,2023-05-05,1.0,1.0,1.0,0.8360655737704918,1.0364456709350442,0.9566329204565822,0.9775089106942874,0.9855427150817668,0.9552134605288765,0.88921181077572
hotel_133,2023-05-28,2023-05-05,0.9016393442622951,1.0,0.6557377049180327,1.0,0.8544513647363058,0.9566329204565822,0.7790120930904966,1.048420162458227,0.8097124035848147,0.872820378652536
hotel_133,2023-05-29,2023-05-05,0.8524590163934426,1.0,0.639344262295082,1.0,0.8872098147626668,0.9566329204565822,0.8038637537888159,0.9904784402059876,0.8192135793456973,0.8726724344921383
hotel_133,2023-05-30,2023-05-05,0.8688524590163934,1.0,0.7704918032786885,0.6557377049180327,0.9035628598907179,0.9566329204565822,0.8878218525701924,0.9063756485386667,0.8738898283173213,0.9069661045197855
hotel_133,2023-05-31,2023-05-05,1.0,1.0,0.8032786885245902,0.639344262295082,0.9190865104957263,0.9566329204565822,0.9290930103257912,0.9141417351861262,0.9062541126796544,0.9082686336913626
hotel_133,2023-06-01,2023-05-05,1.0,1.0,1.0,0.7704918032786885,0.9347052208728469,0.9566329204565822,0.9681989972736226,0.9355723430828208,0.9354459431994836,0.8959202532784355
hotel_133,2023-06-02,2023-05-05,0.9836065573770492,1.0,1.0,0.8032786885245902,1.0037875035346495,0.9566329204565822,0.9927980055612543,0.9341703141341088,0.9572962613945162,0.8917579062464818
hotel_133,2023-06-03,2023-06-02,1.0163934426229508,0.9836065573770492,1.0,1.0,1.037077370061083,0.9804895498205373,0.9815674279094525,0.9924158234568828,0.9541769534989293,0.927073666471635
hotel_133,2023-06-04,2023-06-02,0.9180327868852459,0.9836065573770492,0.9016393442622951,1.0,0.8576544559535373,0.9804895498205373,0.7972750186140319,0.991590757133613,0.836293923736315,0.871587067846515
hotel_133,2023-06-05,2023-06-02,0.9508196721311475,0.9836065573770492,0.8524590163934426,0.9016393442622951,0.889043604439115,0.9804895498205373,0.7992831980955847,0.9803606528925404,0.8411596126812646,0.8570818151136308
hotel_133,2023-06-06,2023-06-02,0.9672131147540983,0.9836065573770492,0.8688524590163934,0.7540983606557377,0.9057531881610257,0.9804895498205373,0.863465049523214,1.0179714585992417,0.8762922351605167,0.8893875690239995
hotel_133,2023-06-07,2023-06-02,0.8852459016393442,0.9836065573770492,1.0,0.7704918032786885,0.9245417494255395,0.9804895498205373,0.9390486105349586,0.979421297277783,0.9357113476547007,0.9492678973494516
hotel_133,2023-06-08,2023-06-02,0.9508196721311475,0.9836065573770492,1.0,0.8524590163934426,0.9386354692108162,0.9804895498205373,0.9654420103266443,0.974304414256557,0.9491327353032332,0.9848707980899392
hotel_133,2023-06-09,2023-06-02,0.9836065573770492,0.9836065573770492,0.9836065573770492,0.8524590163934426,1.0068598429153672,0.9804895498205373,1.0013719837953712,1.015177444079075,0.9705728227570338,0.971565288761162
hotel_133,2023-06-10,2023-06-02,1.0,0.9836065573770492,1.0,0.8688524590163934,1.037077370061083,0.9804895498205373,0.9815674279094525,1.009075467321978,0.955955063629221,0.9217586780260276
hotel_133,2023-06-11,2023-06-02,0.8032786885245902,0.9836065573770492,0.9016393442622951,0.9836065573770492,0.8576544559535373,0.9804895498205373,0.7972750186140319,1.0354313604795786,0.8509669066641548,0.8711253895298605
hotel_133,2023-06-12,2023-06-02,0.9344262295081968,0.9836065573770492,0.8524590163934426,1.0,0.889043604439115,0.9804895498205373,0.7992831980955847,0.9795788493661942,0.849382756970236,0.8616827803595781
hotel_133,2023-06-13,2023-06-02,0.9836065573770492,0.9836065573770492,0.8688524590163934,0.7540983606557377,0.9057531881610257,0.9804895498205373,0.863465049523214,0.9712405388973454,0.8800059980596097,0.8980171604066187
hotel_133,2023-06-14,2023-06-02,1.0,0.9836065573770492,1.0,0.7049180327868853,0.9245417494255395,0.9804895498205373,0.9390486105349586,0.9954947222290124,0.9415597546735738,0.9513290954382609
hotel_133,2023-06-15,2023-06-02,1.0,0.9836065573770492,1.0,0.7704918032786885,0.9386354692108162,0.9804895498205373,0.9654420103266443,0.9880606609555906,0.9529388140734568,0.9818695552058054
hotel_133,2023-06-16,2023-06-02,1.0,0.9836065573770492,0.9836065573770492,0.8688524590163934,1.0068598429153672,0.9804895498205373,1.0013719837953712,0.9868530105209979,0.9691688133553796,0.9649179350387554
hotel_133,2023-06-17,2023-06-02,1.0,0.9836065573770492,1.0,0.9344262295081968,1.037077370061083,0.9804895498205373,0.9815674279094525,1.0642759890725373,0.9544692142519122,0.9156905644358896
hotel_133,2023-06-18,2023-06-02,0.9836065573770492,0.9836065573770492,0.9016393442622951,0.9672131147540983,0.8576544559535373,0.9804895498205373,0.7972750186140319,1.0661506391833138,0.8571728805761916,0.8722127954673878
hotel_133,2023-06-19,2023-06-02,0.9672131147540983,0.9836065573770492,0.8524590163934426,0.9016393442622951,0.889043604439115,0.9804895498205373,0.7992831980955847,1.0667631567342648,0.8563563964798419,0.8671260470570799
hotel_133,2023-06-20,2023-06-02,0.9344262295081968,0.9836065573770492,0.8688524590163934,0.8360655737704918,0.9057531881610257,0.9804895498205373,0.863465049523214,0.9578840513891902,0.8848354219774826,0.9044794639702678
hotel_133,2023-06-21,2023-06-02,0.8524590163934426,0.9836065573770492,1.0,0.9016393442622951,0.9245417494255395,0.9804895498205373,0.9390486105349586,0.9846896924568576,0.9410011287664284,0.9540043104841063
hotel_133,2023-06-22,2023-06-02,0.819672131147541,0.9836065573770492,1.0,0.9016393442622951,0.9386354692108162,0.9804895498205373,0.9654420103266443,0.9781962914570992,0.9516178887885587,0.9778914863239615
hotel_133,2023-06-23,2023-06-02,0.9344262295081968,0.9836065573770492,0.9836065573770492,1.0,1.0068598429153672,0.9804895498205373,1.0013719837953712,1.0080917745540894,0.966971359129889,0.9585057824110982
hotel_133,2023-06-24,2023-06-02,1.0163934426229508,0.9836065573770492,1.0,0.9672131147540983,1.037077370061083,0.9804895498205373,0.9815674279094525,1.0343269091394156,0.953523111928751,0.9111211857228728
hotel_133,2023-06-25,2023-06-02,0.8852459016393442,0.9836065573770492,0.9016393442622951,0.9836065573770492,0.8576544559535373,0.9804895498205373,0.7972750186140319,1.0549869110543248,0.8637210762910336,0.8730601169619963
hotel_133,2023-06-26,2023-06-02,0.9836065573770492,0.9836065573770492,0.8524590163934426,1.0,0.889043604439115,0.9804895498205373,0.7992831980955847,1.0185865804810335,0.8629021335906312,0.8729931854587653
hotel_133,2023-06-27,2023-06-02,0.9836065573770492,0.9836065573770492,0.8688524590163934,0.9016393442622951,0.9057531881610257,0.9804895498205373,0.863465049523214,1.0687234730185928,0.8891783634157898,0.910220331441884
hotel_133,2023-06-28,2023-06-02,0.9508196721311475,0.9836065573770492,1.0,0.8524590163934426,0.9245417494255395,0.9804895498205373,0.9390486105349586,1.0121186982581862,0.9411081716437931,0.9556730085520773
hotel_133,2023-06-29,2023-06-02,0.9180327868852459,0.9836065573770492,1.0,0.8688524590163934,0.9386354692108162,0.9804895498205373,0.9654420103266443,0.9389758172282103,0.9509002538113212,0.974122946301198
hotel_133,2023-06-30,2023-06-02,0.9672131147540983,0.9836065573770492,0.9836065573770492,1.0,1.0068598429153672,0.9804895498205373,1.0013719837953712,0.961681708059617,0.9650397028990038,0.9521828785172044
hotel_14,2023-02-11,2023-02-10,0.7830188679245284,0.7547169811320755,0.8584905660377359,0.7830188679245284,0.8320672634231122,0.7678094149036668,0.8365162028344132,0.8034722826637117,0.8033134175050862,0.7291055639549393
hotel_14,2023-02-12,2023-02-10,0.4716981132075472,0.7547169811320755,0.4528301886792453,0.8207547169811321,0.614554983554092,0.7678094149036668,0.6366927461853295,0.8359216261944307,0.5808196435991224,0.7391582443641126
hotel_14,2023-02-13,2023-02-10,0.660377358490566,0.7547169811320755,0.6886792452830188,0.839622641509434,0.7113751219938282,0.7678094149036668,0.6886156191121436,0.8154207045863229,0.7210449174041685,0.7254250047744891
hotel_14,2023-02-14,2023-02-10,0.8301886792452831,0.7547169811320755,0.7830188679245284,0.8207547169811321,0.794700667293519,0.7678094149036668,0.7591332029115287,0.8349708668023347,0.7517872436679949,0.7402589317472087
hotel_14,2023-02-15,2023-02-10,0.9245283018867925,0.7547169811320755,0.7641509433962265,0.7264150943396226,0.8161551212420672,0.7678094149036668,0.7964423471882397,0.7508768891675544,0.767578507365904,0.7443888605300699
hotel_14,2023-02-16,2023-02-10,0.9433962264150944,0.7547169811320755,0.8962264150943396,0.7830188679245284,0.7746484503395785,0.7678094149036668,0.7951458273380958,0.7679400568346229,0.8041861951103474,0.7454297822254152
hotel_14,2023-02-17,2023-02-10,0.9716981132075472,0.7547169811320755,0.7547169811320755,0.8773584905660378,0.7946384281986,0.7678094149036668,0.7867735017988589,0.7748297366097241,0.7632242111808204,0.7238981062918303
hotel_14,2023-02-18,2023-02-10,0.9433962264150944,0.7547169811320755,0.8584905660377359,0.7452830188679245,0.8320672634231122,0.7678094149036668,0.8365162028344132,0.7382499279130281,0.7942403694462116,0.7487879868038342
hotel_14,2023-02-19,2023-02-10,0.8962264150943396,0.7547169811320755,0.4528301886792453,0.6698113207547169,0.614554983554092,0.7678094149036668,0.6366927461853295,0.7783270656001215,0.6019525638516792,0.7537293533372413
hotel_14,2023-02-20,2023-02-10,0.9339622641509434,0.7547169811320755,0.6886792452830188,0.839622641509434,0.7113751219938282,0.7678094149036668,0.6886156191121436,0.7006442034441802,0.717913553725702,0.7378904945743666
hotel_14,2023-02-21,2023-02-10,0.9339622641509434,0.7547169811320755,0.7830188679245284,0.7358490566037735,0.794700667293519,0.7678094149036668,0.7591332029115287,0.7161268409361801,0.7550195115614932,0.7458807006678024
hotel_14,2023-02-22,2023-02-10,0.9905660377358491,0.7547169811320755,0.7641509433962265,0.6886792452830188,0.8161551212420672,0.7678094149036668,0.7964423471882397,0.6933427316525853,0.7556728552684537,0.7534573731472287
hotel_14,2023-02-23,2023-02-10,0.9056603773584906,0.7547169811320755,0.8962264150943396,0.7830188679245284,0.7746484503395785,0.7678094149036668,0.7951458273380958,0.7459389681923105,0.805212379535335,0.7372862624010361
hotel_14,2023-02-24,2023-02-10,0.8962264150943396,0.7547169811320755,0.7547169811320755,0.7169811320754716,0.7946384281986,0.7678094149036668,0.7867735017988589,0.7153023598102171,0.7515176527431711,0.7506742962807318
hotel_14,2023-02-25,2023-02-10,0.8773584905660378,0.7547169811320755,0.8584905660377359,0.8207547169811321,0.8320672634231122,0.7678094149036668,0.8365162028344132,0.7934830535322783,0.7761750295834707,0.7309404738207205
hotel_14,2023-02-26,2023-02-10,0.6886792452830188,0.7547169811320755,0.4528301886792453,0.9056603773584906,0.614554983554092,0.7678094149036668,0.6366927461853295,0.8183246710122998,0.6448738714659656,0.7195110623920462
hotel_14,2023-02-27,2023-02-10,0.7830188679245284,0.7547169811320755,0.6886792452830188,0.9245283018867925,0.7113751219938282,0.7678094149036668,0.6886156191121436,0.762802134904928,0.7257121143030946,0.7160318485576895
hotel_14,2023-02-28,2023-02-10,0.7452830188679245,0.7547169811320755,0.7830188679245284,0.6037735849056604,0.794700667293519,0.7678094149036668,0.7591332029115287,0.7692981013994122,0.7477168579690951,0.7584690814125078
hotel_14,2023-03-01,2023-02-10,0.7830188679245284,0.7547169811320755,0.7641509433962265,0.7735849056603774,0.8161551212420672,0.7678094149036668,0.7964423471882397,0.7543203693219177,0.7522739963837711,0.7367130490516959
hotel_14,2023-03-02,2023-02-10,0.660377358490566,0.7547169811320755,0.8962264150943396,0.7452830188679245,0.7746484503395785,0.7678094149036668,0.7951458273380958,0.7566632713127365,0.7804387896510623,0.745412752861873
hotel_14,2023-03-03,2023-02-10,0.8490566037735849,0.7547169811320755,0.7547169811320755,0.8207547169811321,0.7946384281986,0.7678094149036668,0.7867735017988589,0.7698785789970806,0.7495608915059566,0.7355541993406163
hotel_14,2023-03-04,2023-02-10,0.8584905660377359,0.7547169811320755,0.8584905660377359,0.7735849056603774,0.8320672634231122,0.7678094149036668,0.8365162028344132,0.7272641586134335,0.767077669359629,0.7402205641299029
hotel_14,2023-03-05,2023-02-10,0.4528301886792453,0.7547169811320755,0.4528301886792453,0.8113207547169812,0.614554983554092,0.7678094149036668,0.6366927461853295,0.8054861808991686,0.6663842735864169,0.7308539001814558
hotel_14,2023-03-06,2023-02-10,0.6509433962264151,0.7547169811320755,0.6886792452830188,0.8584905660377359,0.7113751219938282,0.7678094149036668,0.6886156191121436,0.7996979463745608,0.7277152614784287,0.7265479306211092
hotel_14,2023-03-07,2023-02-10,0.7547169811320755,0.7547169811320755,0.7830188679245284,0.4528301886792453,0.794700667293519,0.7678094149036668,0.7591332029115287,0.73922159973058,0.7459248068756927,0.7816890403957272
hotel_14,2023-03-08,2023-02-10,0.7830188679245284,0.7547169811320755,0.7641509433962265,0.6886792452830188,0.8161551212420672,0.7678094149036668,0.7964423471882397,0.7359135288582576,0.7477736009123385,0.7485261681766612
hotel_14,2023-03-09,2023-02-10,0.7830188679245284,0.7547169811320755,0.8962264150943396,0.7830188679245284,0.7746484503395785,0.7678094149036668,0.7951458273380958,0.7038483255547093,0.771640154834339,0.7404487610144947
hotel_14,2023-03-10,2023-02-10,0.8867924528301887,0.7547169811320755,0.7547169811320755,0.7641509433962265,0.7946384281986,0.7678094149036668,0.7867735017988589,0.7434735990033394,0.7456432163773622,0.7400024185988713
hotel_14,2023-03-11,2023-03-10,0.8584905660377359,0.8867924528301887,0.8584905660377359,0.8962264150943396,0.8740486839770442,0.776697105045265,0.8711740735244098,0.8347972812811438,0.8562095575905319,0.7891443136869134
hotel_14,2023-03-12,2023-03-10,0.7169811320754716,0.8867924528301887,0.4528301886792453,0.7547169811320755,0.6555190639225442,0.776697105045265,0.6217290667757733,0.8391983455049206,0.6385674177212254,0.7556726703422376
hotel_14,2023-03-13,2023-03-10,0.7547169811320755,0.8867924528301887,0.6509433962264151,0.7830188679245284,0.7539288416685888,0.776697105045265,0.7449033239957756,0.8251143740935757,0.7289199036988129,0.7563688945738214
hotel_14,2023-03-14,2023-03-10,0.7641509433962265,0.8867924528301887,0.7547169811320755,0.4716981132075472,0.8354383180508076,0.776697105045265,0.8002386379408127,0.8166556409298911,0.7534123559916621,0.7743786813125888
hotel_14,2023-03-15,2023-03-10,0.8018867924528302,0.8867924528301887,0.7830188679245284,0.660377358490566,0.8595639240562826,0.776697105045265,0.8385369964097744,0.8262584338991723,0.771269591992864,0.7581664129014613
hotel_14,2023-03-16,2023-03-10,0.8113207547169812,0.8867924528301887,0.7830188679245284,0.8301886792452831,0.8174468756784556,0.776697105045265,0.8241151565393459,0.8690608186485698,0.7379894166275478,0.7317391049347869
hotel_14,2023-03-17,2023-03-10,0.8867924528301887,0.8867924528301887,0.8867924528301887,0.9245283018867925,0.8410274766555175,0.776697105045265,0.8621559486986452,0.8050663133456163,0.8252872314888392,0.7399565557194959
hotel_14,2023-03-18,2023-03-10,0.8867924528301887,0.8867924528301887,0.8584905660377359,0.9433962264150944,0.8740486839770442,0.776697105045265,0.8711740735244098,0.821202828537916,0.815806024569582,0.7269590247804615
hotel_14,2023-03-19,2023-03-10,0.5377358490566038,0.8867924528301887,0.4528301886792453,0.9716981132075472,0.6555190639225442,0.776697105045265,0.6217290667757733,0.8384446351103323,0.6282791834107196,0.7122306008243803
hotel_14,2023-03-20,2023-03-10,0.5,0.8867924528301887,0.6509433962264151,0.9433962264150944,0.7539288416685888,0.776697105045265,0.7449033239957756,0.7885698688624095,0.7136253614633552,0.7343089704372272
hotel_14,2023-03-21,2023-03-10,0.7264150943396226,0.8867924528301887,0.7547169811320755,0.8962264150943396,0.8354383180508076,0.776697105045265,0.8002386379408127,0.8180246538089946,0.7497340963518846,0.7478645510159593
hotel_14,2023-03-22,2023-03-10,0.6792452830188679,0.8867924528301887,0.7830188679245284,0.9339622641509434,0.8595639240562826,0.776697105045265,0.8385369964097744,0.7550547173735604,0.7637696029969558,0.7287356879275806
hotel_14,2023-03-23,2023-03-10,0.6981132075471698,0.8867924528301887,0.7830188679245284,0.9339622641509434,0.8174468756784556,0.776697105045265,0.8241151565393459,0.7803895344418537,0.7512246173630618,0.7373828197445416
hotel_14,2023-03-24,2023-03-10,0.8113207547169812,0.8867924528301887,0.8867924528301887,0.9905660377358491,0.8410274766555175,0.776697105045265,0.8621559486986452,0.7626170103747618,0.8110267776501283,0.7325537744182578
hotel_14,2023-03-25,2023-03-10,0.8113207547169812,0.8867924528301887,0.8584905660377359,0.9056603773584906,0.8740486839770442,0.776697105045265,0.8711740735244098,0.8031124934824434,0.7995071808473933,0.7291505880543949
hotel_14,2023-03-26,2023-03-10,0.49056603773584906,0.8867924528301887,0.4528301886792453,0.8962264150943396,0.6555190639225442,0.776697105045265,0.6217290667757733,0.7702127104742913,0.672388013210131,0.7421331263209274
hotel_14,2023-03-27,2023-03-10,0.5283018867924528,0.8867924528301887,0.6509433962264151,0.8773584905660378,0.7539288416685888,0.776697105045265,0.7449033239957756,0.8331753300126583,0.7279783040823242,0.7274268556704173
hotel_14,2023-03-28,2023-03-10,0.7830188679245284,0.8867924528301887,0.7547169811320755,0.6886792452830188,0.8354383180508076,0.776697105045265,0.8002386379408127,0.8346977013600149,0.7479293632839528,0.7373587724646049
hotel_14,2023-03-29,2023-03-10,0.7547169811320755,0.8867924528301887,0.7830188679245284,0.7830188679245284,0.8595639240562826,0.776697105045265,0.8385369964097744,0.7995946499708879,0.7578501410879135,0.7244583018048135
hotel_14,2023-03-30,2023-03-10,0.5566037735849056,0.8867924528301887,0.7830188679245284,0.7452830188679245,0.8174468756784556,0.776697105045265,0.8241151565393459,0.7922085634584517,0.744482607361393,0.7631551722234087
hotel_14,2023-03-31,2023-03-10,0.7075471698113207,0.8867924528301887,0.8867924528301887,0.7830188679245284,0.8410274766555175,0.776697105045265,0.8621559486986452,0.7925720334011331,0.7896678666993753,0.742211722532791
hotel_14,2023-04-01,2023-03-10,0.8867924528301887,0.8867924528301887,0.8584905660377359,0.660377358490566,0.8740486839770442,0.776697105045265,0.8711740735244098,0.7672926065235186,0.7828693573697829,0.767712072517422
hotel_14,2023-04-02,2023-03-10,0.6037735849056604,0.8867924528301887,0.4528301886792453,0.8490566037735849,0.6555190639225442,0.776697105045265,0.6217290667757733,0.8072004821701666,0.6863108663205932,0.7342130033281287
hotel_14,2023-04-03,2023-03-10,0.6792452830188679,0.8867924528301887,0.6509433962264151,0.8584905660377359,0.7539288416685888,0.776697105045265,0.7449033239957756,0.7719282487036234,0.7294041580684306,0.7380152153966469
hotel_14,2023-04-04,2023-03-10,0.7830188679245284,0.8867924528301887,0.7547169811320755,0.4528301886792453,0.8354383180508076,0.776697105045265,0.8002386379408127,0.7829460840296991,0.7462933959488303,0.7773225942088848
hotel_14,2023-04-05,2023-03-10,0.8679245283018868,0.8867924528301887,0.7830188679245284,0.6509433962264151,0.8595639240562826,0.776697105045265,0.8385369964097744,0.8045879455722975,0.7536733167926354,0.7474473730851865
hotel_14,2023-04-06,2023-03-10,0.7264150943396226,0.8867924528301887,0.7830188679245284,0.7547169811320755,0.8174468756784556,0.776697105045265,0.8241151565393459,0.7627138175386231,0.7453834853122734,0.7838709710540461
hotel_14,2023-04-07,2023-03-10,0.7169811320754716,0.8867924528301887,0.8867924528301887,0.7830188679245284,0.8410274766555175,0.776697105045265,0.8621559486986452,0.7743918032796359,0.7779247415483423,0.7502043737952442
hotel_14,2023-04-08,2023-04-07,0.7452830188679245,0.7169811320754716,0.8867924528301887,0.7830188679245284,0.7828058597207943,0.7352899931741916,0.7960233156971753,0.6884468771343466,0.7989526078572456,0.7432816488582794
hotel_14,2023-04-09,2023-04-07,0.5188679245283019,0.7169811320754716,0.6037735849056604,0.8867924528301887,0.56104881444875,0.7352899931741916,0.5276050856144536,0.7391809141469302,0.613639137060527,0.7168668445886754
hotel_14,2023-04-10,2023-04-07,0.7735849056603774,0.7169811320754716,0.6792452830188679,0.8584905660377359,0.6551063234431023,0.7352899931741916,0.5999408015660394,0.7869257883819715,0.6563604553819213,0.7000639803924057
hotel_14,2023-04-11,2023-04-07,0.8207547169811321,0.7169811320754716,0.7830188679245284,0.7169811320754716,0.7408713026576794,0.7352899931741916,0.7142614337228655,0.7706066014547316,0.7651243905327245,0.7275661732504332
hotel_14,2023-04-12,2023-04-07,0.8113207547169812,0.7169811320754716,0.8679245283018868,0.7547169811320755,0.7644930175278304,0.7352899931741916,0.7388107953851091,0.7618557203602988,0.7913262223120866,0.7210608542568202
hotel_14,2023-04-13,2023-04-07,0.7830188679245284,0.7169811320754716,0.7264150943396226,0.7641509433962265,0.7204528302132626,0.7352899931741916,0.6732358603414474,0.7599645852789526,0.6857513964488372,0.7390733135590659
hotel_14,2023-04-14,2023-04-07,0.8773584905660378,0.7169811320754716,0.7169811320754716,0.8018867924528302,0.7476532335876525,0.7352899931741916,0.7562191817803199,0.7770217042038525,0.7221430158530895,0.7182583202503269
hotel_14,2023-04-15,2023-04-07,0.8584905660377359,0.7169811320754716,0.8867924528301887,0.8113207547169812,0.7828058597207943,0.7352899931741916,0.7960233156971753,0.81543265841509,0.8007885100796774,0.6988371755492707
hotel_14,2023-04-16,2023-04-07,0.5943396226415094,0.7169811320754716,0.6037735849056604,0.8867924528301887,0.56104881444875,0.7352899931741916,0.5276050856144536,0.7747892608607951,0.655618356742246,0.6984578453802082
hotel_14,2023-04-17,2023-04-07,0.7547169811320755,0.7169811320754716,0.6792452830188679,0.8867924528301887,0.6551063234431023,0.7352899931741916,0.5999408015660394,0.7847940850740696,0.6918489046318058,0.6939201179667172
hotel_14,2023-04-18,2023-04-07,0.8867924528301887,0.7169811320754716,0.7830188679245284,0.5377358490566038,0.7408713026576794,0.7352899931741916,0.7142614337228655,0.7536532080079766,0.7607598123283251,0.7345380214159658
hotel_14,2023-04-19,2023-04-07,0.8773584905660378,0.7169811320754716,0.8679245283018868,0.5,0.7644930175278304,0.7352899931741916,0.7388107953851091,0.692716671246972,0.7931108216865626,0.7639732066047299
hotel_14,2023-04-20,2023-04-07,0.7924528301886793,0.7169811320754716,0.7264150943396226,0.7264150943396226,0.7204528302132626,0.7352899931741916,0.6732358603414474,0.7534472481230226,0.7155421101684601,0.7269457056986944
hotel_14,2023-04-21,2023-04-07,0.8584905660377359,0.7169811320754716,0.7169811320754716,0.6792452830188679,0.7476532335876525,0.7352899931741916,0.7562191817803199,0.6955781556465873,0.7269914557195972,0.7446415437599894
hotel_14,2023-04-22,2023-04-07,0.8113207547169812,0.7169811320754716,0.8867924528301887,0.6981132075471698,0.7828058597207943,0.7352899931741916,0.7960233156971753,0.7266897083697408,0.7786234138494009,0.7388920159588219
hotel_14,2023-04-23,2023-04-07,0.6132075471698113,0.7169811320754716,0.6037735849056604,0.8113207547169812,0.56104881444875,0.7352899931741916,0.5276050856144536,0.7310409627043563,0.6743879434372313,0.7193096148733527
hotel_14,2023-04-24,2023-04-07,0.6981132075471698,0.7169811320754716,0.6792452830188679,0.8113207547169812,0.6551063234431023,0.7352899931741916,0.5999408015660394,0.7678245277515718,0.6994763622617415,0.7118436240041046
hotel_14,2023-04-25,2023-04-07,0.7641509433962265,0.7169811320754716,0.7830188679245284,0.49056603773584906,0.7408713026576794,0.7352899931741916,0.7142614337228655,0.6830824110179474,0.7544218321248555,0.7774304784332972
hotel_14,2023-04-26,2023-04-07,0.8207547169811321,0.7169811320754716,0.8679245283018868,0.5283018867924528,0.7644930175278304,0.7352899931741916,0.7388107953851091,0.7405104539228895,0.7736846507454741,0.750969221513944
hotel_14,2023-04-27,2023-04-07,0.7452830188679245,0.7169811320754716,0.7264150943396226,0.7830188679245284,0.7204528302132626,0.7352899931741916,0.6732358603414474,0.7861674987799174,0.7162651616158059,0.7199698795021983
hotel_14,2023-04-28,2023-04-07,0.8490566037735849,0.7169811320754716,0.7169811320754716,0.7547169811320755,0.7476532335876525,0.7352899931741916,0.7562191817803199,0.7571245989074618,0.7302082603767388,0.723510428766279
hotel_14,2023-04-29,2023-04-07,0.9056603773584906,0.7169811320754716,0.8867924528301887,0.5566037735849056,0.7828058597207943,0.7352899931741916,0.7960233156971753,0.7095662592733778,0.7706282657557475,0.7700592973102844
hotel_14,2023-04-30,2023-04-07,0.8490566037735849,0.7169811320754716,0.6037735849056604,0.7075471698113207,0.56104881444875,0.7352899931741916,0.5276050856144536,0.7412600551059519,0.6926015550317282,0.740190768292674
hotel_14,2023-05-01,2023-04-07,0.7169811320754716,0.7169811320754716,0.6792452830188679,0.8867924528301887,0.6551063234431023,0.7352899931741916,0.5999408015660394,0.7368120471780017,0.7117206595673438,0.7348356928503793
hotel_14,2023-05-02,2023-04-07,0.7358490566037735,0.7169811320754716,0.7830188679245284,0.6037735849056604,0.7408713026576794,0.7352899931741916,0.7142614337228655,0.7321448136913218,0.7508504922353985,0.7520072800723724
hotel_14,2023-05-03,2023-04-07,0.839622641509434,0.7169811320754716,0.8679245283018868,0.6792452830188679,0.7644930175278304,0.7352899931741916,0.7388107953851091,0.7179604832186715,0.7667212755280001,0.7484087705896564
hotel_14,2023-05-04,2023-04-07,0.6886792452830188,0.7169811320754716,0.7264150943396226,0.7830188679245284,0.7204528302132626,0.7352899931741916,0.6732358603414474,0.7410637813958731,0.7243699065880138,0.7516719343858537
hotel_14,2023-05-05,2023-04-07,0.8962264150943396,0.7169811320754716,0.7169811320754716,0.8679245283018868,0.7476532335876525,0.7352899931741916,0.7562191817803199,0.7744769501656378,0.7327131027992322,0.7188221072313429
hotel_14,2023-05-06,2023-05-05,0.8490566037735849,0.8962264150943396,0.9056603773584906,0.7264150943396226,0.8663346648069361,0.7980581755989902,0.8831713979569117,0.7661001123097911,0.8683317763092392,0.8449787579284833
hotel_14,2023-05-07,2023-05-05,0.5,0.8962264150943396,0.8490566037735849,0.7169811320754716,0.6461266607877674,0.7980581755989902,0.6566706886623761,0.7876649485534899,0.774898674522962,0.7993642953825453
hotel_14,2023-05-08,2023-05-05,0.7452830188679245,0.8962264150943396,0.7169811320754716,0.7452830188679245,0.7405642235807386,0.7980581755989902,0.727525924652701,0.7544224958776422,0.7346272932980652,0.7922740199110299
hotel_14,2023-05-09,2023-05-05,0.8207547169811321,0.8962264150943396,0.7358490566037735,0.5188679245283019,0.8247546292651876,0.7980581755989902,0.8277003427063766,0.7637384993312385,0.7531462291434414,0.8054457288900345
hotel_14,2023-05-10,2023-05-05,0.7641509433962265,0.8962264150943396,0.839622641509434,0.7735849056603774,0.8491698015052493,0.7980581755989902,0.8553798987714774,0.842444561765822,0.8049153626374846,0.7524086831881535
hotel_14,2023-05-11,2023-05-05,0.8113207547169812,0.8962264150943396,0.6886792452830188,0.8207547169811321,0.802230316630909,0.7980581755989902,0.7621112114660508,0.8316612372077165,0.7250993723631876,0.7625131096497283
hotel_14,2023-05-12,2023-05-05,0.8018867924528302,0.8962264150943396,0.8962264150943396,0.8113207547169812,0.8347587021484625,0.7980581755989902,0.8642271295350239,0.8238089073569201,0.8315992251370036,0.7571329055650831
hotel_14,2023-05-13,2023-05-05,0.6981132075471698,0.8962264150943396,0.9056603773584906,0.7830188679245284,0.8663346648069361,0.7980581755989902,0.8831713979569117,0.815805012825149,0.8348950818026,0.7725903181939734
hotel_14,2023-05-14,2023-05-05,0.4056603773584906,0.8962264150943396,0.8490566037735849,0.8773584905660378,0.6461266607877674,0.7980581755989902,0.6566706886623761,0.8500464986863275,0.7837220941395352,0.7421076172545898
hotel_14,2023-05-15,2023-05-05,0.6792452830188679,0.8962264150943396,0.7169811320754716,0.8584905660377359,0.7405642235807386,0.7980581755989902,0.727525924652701,0.8774984625595854,0.7338238986005247,0.7323434377561904
hotel_14,2023-05-16,2023-05-05,0.6698113207547169,0.8962264150943396,0.7358490566037735,0.5943396226415094,0.8247546292651876,0.7980581755989902,0.8277003427063766,0.8107511647828183,0.7458135353890109,0.7696073066062323
hotel_14,2023-05-17,2023-05-05,0.6981132075471698,0.8962264150943396,0.839622641509434,0.7547169811320755,0.8491698015052493,0.7980581755989902,0.8553798987714774,0.8411380414573146,0.7926836221257172,0.7405325124288755
hotel_14,2023-05-18,2023-05-05,0.7075471698113207,0.8962264150943396,0.6886792452830188,0.8867924528301887,0.802230316630909,0.7980581755989902,0.7621112114660508,0.834849717644925,0.7226733006327485,0.7467210076398566
hotel_14,2023-05-19,2023-05-05,0.8018867924528302,0.8962264150943396,0.8962264150943396,0.8773584905660378,0.8347587021484625,0.7980581755989902,0.8642271295350239,0.7723442105862351,0.8176340474811515,0.764662675165348
hotel_14,2023-05-20,2023-05-05,0.7735849056603774,0.8962264150943396,0.9056603773584906,0.7924528301886793,0.8663346648069361,0.7980581755989902,0.8831713979569117,0.8105139199065601,0.8117024749738995,0.7541451401241418
hotel_14,2023-05-21,2023-05-05,0.49056603773584906,0.8962264150943396,0.8490566037735849,0.8584905660377359,0.6461266607877674,0.7980581755989902,0.6566706886623761,0.7786748284163414,0.7676903247436122,0.7503385025907425
hotel_14,2023-05-22,2023-05-05,0.4716981132075472,0.8962264150943396,0.7169811320754716,0.8113207547169812,0.7405642235807386,0.7980581755989902,0.727525924652701,0.796028767113612,0.7379066353524815,0.7536421933318544
hotel_14,2023-05-23,2023-05-05,0.5849056603773585,0.8962264150943396,0.7358490566037735,0.6132075471698113,0.8247546292651876,0.7980581755989902,0.8277003427063766,0.7764700418557406,0.747345697289759,0.7709941301315718
hotel_14,2023-05-24,2023-05-05,0.5566037735849056,0.8962264150943396,0.839622641509434,0.6981132075471698,0.8491698015052493,0.7980581755989902,0.8553798987714774,0.8186021335118134,0.7789208180390352,0.7533821460356569
hotel_14,2023-05-25,2023-05-05,0.4716981132075472,0.8962264150943396,0.6886792452830188,0.7641509433962265,0.802230316630909,0.7980581755989902,0.7621112114660508,0.7443455105049078,0.7311130209699489,0.7844568644372575
hotel_14,2023-05-26,2023-05-05,0.5660377358490566,0.8962264150943396,0.8962264150943396,0.8207547169811321,0.8347587021484625,0.7980581755989902,0.8642271295350239,0.7989013737434942,0.795503212993695,0.7604025889217615
hotel_14,2023-05-27,2023-05-05,0.6981132075471698,0.8962264150943396,0.9056603773584906,0.7452830188679245,0.8663346648069361,0.7980581755989902,0.8831713979569117,0.8306869938894789,0.7940507255777631,0.7510290419559127
hotel_14,2023-05-28,2023-05-05,0.4811320754716981,0.8962264150943396,0.8490566037735849,0.8490566037735849,0.6461266607877674,0.7980581755989902,0.6566706886623761,0.8303145521252553,0.7637389871703872,0.7341650610303305
hotel_14,2023-05-29,2023-05-05,0.37735849056603776,0.8962264150943396,0.7169811320754716,0.9056603773584906,0.7405642235807386,0.7980581755989902,0.727525924652701,0.7837067183468179,0.7392826604022983,0.7561861600370561
hotel_14,2023-05-30,2023-05-05,0.49056603773584906,0.8962264150943396,0.7358490566037735,0.8490566037735849,0.8247546292651876,0.7980581755989902,0.8277003427063766,0.8088781634013926,0.7460455734920016,0.7436163894284151
hotel_14,2023-05-31,2023-05-05,0.5471698113207547,0.8962264150943396,0.839622641509434,0.7169811320754716,0.8491698015052493,0.7980581755989902,0.8553798987714774,0.7764429637723886,0.7704154673167241,0.7593693551365482
hotel_14,2023-06-01,2023-05-05,0.5188679245283019,0.8962264150943396,0.6886792452830188,0.7358490566037735,0.802230316630909,0.7980581755989902,0.7621112114660508,0.7739470256760459,0.733763885889315,0.7694019738146557
hotel_14,2023-06-02,2023-05-05,0.5660377358490566,0.8962264150943396,0.8962264150943396,0.839622641509434,0.8347587021484625,0.7980581755989902,0.8642271295350239,0.784557115258003,0.7833005388615304,0.7476217720860824
hotel_14,2023-06-03,2023-06-02,0.660377358490566,0.5660377358490566,0.6981132075471698,0.6886792452830188,0.5856228761722997,0.5360298083337431,0.5825191399257695,0.5219538170498625,0.664732004695725,0.6212146497844641
hotel_14,2023-06-04,2023-06-02,0.4528301886792453,0.5660377358490566,0.4811320754716981,0.8962264150943396,0.3625967115481431,0.5360298083337431,0.3474578845597695,0.5882493202943816,0.5358726250189407,0.5691340297033156
hotel_14,2023-06-05,2023-06-02,0.7452830188679245,0.5660377358490566,0.37735849056603776,0.8490566037735849,0.45754845204892763,0.5360298083337431,0.4296704192104095,0.5181516348427204,0.5052048627163507,0.6120851654172048
hotel_14,2023-06-06,2023-06-02,0.8490566037735849,0.5660377358490566,0.49056603773584906,0.5,0.5421698752690773,0.5360298083337431,0.505643310756875,0.4940946515759214,0.5873588103695662,0.6519578772658875
hotel_14,2023-06-07,2023-06-02,0.8113207547169812,0.5660377358490566,0.5471698113207547,0.7452830188679245,0.5653450658290413,0.5360298083337431,0.5316334758113835,0.5038862570506855,0.6076349563748713,0.6291507327778434
hotel_14,2023-06-08,2023-06-02,0.6320754716981132,0.5660377358490566,0.5188679245283019,0.8207547169811321,0.5209390832107407,0.5360298083337431,0.4889517882984809,0.5218000459808855,0.5776326520987506,0.6298280112984045
hotel_14,2023-06-09,2023-06-02,0.4716981132075472,0.5660377358490566,0.5660377358490566,0.7641509433962265,0.5554432718610073,0.5360298083337431,0.5790569508479546,0.5828028313375383,0.6214548059806972,0.6146765201843831
hotel_14,2023-06-10,2023-06-02,0.5660377358490566,0.5660377358490566,0.6981132075471698,0.8113207547169812,0.5856228761722997,0.5360298083337431,0.5825191399257695,0.5773134536455163,0.694723900278573,0.6174142602974251
hotel_14,2023-06-11,2023-06-02,0.3584905660377358,0.5660377358490566,0.4811320754716981,0.8018867924528302,0.3625967115481431,0.5360298083337431,0.3474578845597695,0.5748472084058508,0.589335973947631,0.6223587499141765
hotel_14,2023-06-12,2023-06-02,0.6792452830188679,0.5660377358490566,0.37735849056603776,0.6981132075471698,0.45754845204892763,0.5360298083337431,0.4296704192104095,0.5459682306748423,0.551374606233183,0.649605026391722
hotel_14,2023-06-13,2023-06-02,0.6981132075471698,0.5660377358490566,0.49056603773584906,0.4056603773584906,0.5421698752690773,0.5360298083337431,0.505643310756875,0.5380151535742742,0.6126769259471483,0.678131711172442
hotel_14,2023-06-14,2023-06-02,0.6886792452830188,0.5660377358490566,0.5471698113207547,0.6792452830188679,0.5653450658290413,0.5360298083337431,0.5316334758113835,0.6025497787503201,0.6349927580861954,0.637035985973331
hotel_14,2023-06-15,2023-06-02,0.5849056603773585,0.5660377358490566,0.5188679245283019,0.6698113207547169,0.5209390832107407,0.5360298083337431,0.4889517882984809,0.5525941491211553,0.6159384122528758,0.6656088260756611
hotel_14,2023-06-16,2023-06-02,0.6132075471698113,0.5660377358490566,0.5660377358490566,0.6981132075471698,0.5554432718610073,0.5360298083337431,0.5790569508479546,0.5862654999431336,0.6452961279755496,0.6477762992460591
hotel_14,2023-06-17,2023-06-02,0.6698113207547169,0.5660377358490566,0.6981132075471698,0.7075471698113207,0.5856228761722997,0.5360298083337431,0.5825191399257695,0.5832801803924165,0.6993052723001013,0.6546172703452974
hotel_14,2023-06-18,2023-06-02,0.5,0.5660377358490566,0.4811320754716981,0.8018867924528302,0.3625967115481431,0.5360298083337431,0.3474578845597695,0.5443944501244194,0.6249088995936931,0.6558553280825742
hotel_14,2023-06-19,2023-06-02,0.5849056603773585,0.5660377358490566,0.37735849056603776,0.7735849056603774,0.45754845204892763,0.5360298083337431,0.4296704192104095,0.5686887794842281,0.6020402989502622,0.6567975407638891
hotel_14,2023-06-20,2023-06-02,0.6698113207547169,0.5660377358490566,0.49056603773584906,0.49056603773584906,0.5421698752690773,0.5360298083337431,0.505643310756875,0.5107182237874859,0.6471161519957774,0.6980324250033321
hotel_14,2023-06-21,2023-06-02,0.7264150943396226,0.5660377358490566,0.5471698113207547,0.4716981132075472,0.5653450658290413,0.5360298083337431,0.5316334758113835,0.51801009339599,0.6611231249903958,0.7058326884076073
hotel_14,2023-06-22,2023-06-02,0.6981132075471698,0.5660377358490566,0.5188679245283019,0.5849056603773585,0.5209390832107407,0.5360298083337431,0.4889517882984809,0.5254331553454183,0.6459992048704184,0.7028727614015315
hotel_14,2023-06-23,2023-06-02,0.7264150943396226,0.5660377358490566,0.5660377358490566,0.5566037735849056,0.5554432718610073,0.5360298083337431,0.5790569508479546,0.5557597538459448,0.6687026881856403,0.6991586223331174
hotel_14,2023-06-24,2023-06-02,0.6132075471698113,0.5660377358490566,0.6981132075471698,0.4716981132075472,0.5856228761722997,0.5360298083337431,0.5825191399257695,0.4744243220174437,0.7086362526329403,0.7329779521738823
hotel_14,2023-06-25,2023-06-02,0.5660377358490566,0.5660377358490566,0.4811320754716981,0.5660377358490566,0.3625967115481431,0.5360298083337431,0.3474578845597695,0.5360044807346511,0.6525160696655825,0.7075568167506174
hotel_14,2023-06-26,2023-06-02,0.5943396226415094,0.5660377358490566,0.37735849056603776,0.6981132075471698,0.45754845204892763,0.5360298083337431,0.4296704192104095,0.5853988138579856,0.6338768724123881,0.685602115244159
hotel_14,2023-06-27,2023-06-02,0.5377358490566038,0.5660377358490566,0.49056603773584906,0.4811320754716981,0.5421698752690773,0.5360298083337431,0.505643310756875,0.5649576569780353,0.6672431518541945,0.7088491775975523
hotel_14,2023-06-28,2023-06-02,0.5566037735849056,0.5660377358490566,0.5471698113207547,0.37735849056603776,0.5653450658290413,0.5360298083337431,0.5316334758113835,0.5012774147365961,0.6784263222104853,0.7391545406149161
hotel_14,2023-06-29,2023-06-02,0.7641509433962265,0.5660377358490566,0.5188679245283019,0.49056603773584906,0.5209390832107407,0.5360298083337431,0.4889517882984809,0.5478476004696706,0.6676088728143762,0.7178490467305024
hotel_14,2023-06-30,2023-06-02,0.5188679245283019,0.5660377358490566,0.5660377358490566,0.5471698113207547,0.5554432718610073,0.5360298083337431,0.5790569508479546,0.5245194704029553,0.6840357413500451,0.7213997626349604
hotel_21,2023-02-11,2023-02-10,0.9953703703703703,0.9814814814814815,0.9675925925925926,0.9861111111111112,0.9835035355304617,0.9848608921989084,0.9652974623031713,0.9897690959899684,0.9687612055190763,0.97256337314241
hotel_21,2023-02-12,2023-02-10,0.9907407407407407,0.9814814814814815,0.9305555555555556,0.8287037037037037,0.9266160259222259,0.9848608921989084,0.9121090850960599,0.9628897105730573,0.9431836382073998,0.9669064601662147
hotel_21,2023-02-13,2023-02-10,0.9953703703703703,0.9814814814814815,0.9907407407407407,0.9166666666666666,0.9694233018939243,0.9848608921989084,0.9927780216721711,0.9445630267307134,0.9463114746616754,0.9597328374609243
hotel_21,2023-02-14,2023-02-10,0.9953703703703703,0.9814814814814815,0.9953703703703703,0.8935185185185185,0.9845143349706162,0.9848608921989084,1.0081443185286665,0.9947546240951328,0.9557529163133714,0.9555900426118733
hotel_21,2023-02-15,2023-02-10,0.9814814814814815,0.9814814814814815,0.9953703703703703,0.9305555555555556,1.0015073284200884,0.9848608921989084,1.0115047995766204,0.9763758794382541,0.9502499531538119,0.9509936746255427
hotel_21,2023-02-16,2023-02-10,0.9768518518518519,0.9814814814814815,1.0,0.9861111111111112,1.0054446382456341,0.9848608921989084,1.0038344200052547,0.9386713056485112,0.9392498114415294,0.9478691924349107
hotel_21,2023-02-17,2023-02-10,0.9814814814814815,0.9814814814814815,0.9814814814814815,0.9953703703703703,0.9808936907980261,0.9848608921989084,0.9808137481687547,0.9825901977679908,0.9413837013313786,0.9448641054920536
hotel_21,2023-02-18,2023-02-10,0.9814814814814815,0.9814814814814815,0.9675925925925926,0.9953703703703703,0.9835035355304617,0.9848608921989084,0.9652974623031713,0.9522363558013331,0.94044063827605,0.9426055372078439
hotel_21,2023-02-19,2023-02-10,0.9722222222222222,0.9814814814814815,0.9305555555555556,0.9907407407407407,0.9266160259222259,0.9848608921989084,0.9121090850960599,0.9636477315287095,0.933317972189716,0.9405905326060741
hotel_21,2023-02-20,2023-02-10,0.9722222222222222,0.9814814814814815,0.9907407407407407,0.8796296296296297,0.9694233018939243,0.9848608921989084,0.9927780216721711,0.959211992801567,0.9387490986938263,0.9389963794862968
hotel_21,2023-02-21,2023-02-10,0.9953703703703703,0.9814814814814815,0.9953703703703703,0.8611111111111112,0.9845143349706162,0.9848608921989084,1.0081443185286665,0.9314339905329918,0.9370777842679403,0.9376254203399431
hotel_21,2023-02-22,2023-02-10,0.9953703703703703,0.9814814814814815,0.9953703703703703,0.9953703703703703,1.0015073284200884,0.9848608921989084,1.0115047995766204,0.9297876046178324,0.9365490857620108,0.9365130999720203
hotel_21,2023-02-23,2023-02-10,0.9722222222222222,0.9814814814814815,1.0,1.0,1.0054446382456341,0.9848608921989084,1.0038344200052547,0.9203601892879689,0.937348403707845,0.9355733560698891
hotel_21,2023-02-24,2023-02-10,1.0,0.9814814814814815,0.9814814814814815,1.0,0.9808936907980261,0.9848608921989084,0.9808137481687547,0.9159839396104961,0.9330039794395038,0.9348014847192322
hotel_21,2023-02-25,2023-02-10,0.9861111111111112,0.9814814814814815,0.9675925925925926,0.9861111111111112,0.9835035355304617,0.9848608921989084,0.9652974623031713,0.895626299552463,0.9302776201935558,0.934154945915203
hotel_21,2023-02-26,2023-02-10,0.9444444444444444,0.9814814814814815,0.9305555555555556,0.9768518518518519,0.9266160259222259,0.9848608921989084,0.9121090850960599,0.868115488120659,0.9294939026488198,0.933620730841462
hotel_21,2023-02-27,2023-02-10,0.9907407407407407,0.9814814814814815,0.9907407407407407,0.9814814814814815,0.9694233018939243,0.9848608921989084,0.9927780216721711,0.8389035279584429,0.9277253808513176,0.9331751142001059
hotel_21,2023-02-28,2023-02-10,0.9953703703703703,0.9814814814814815,0.9953703703703703,0.8564814814814815,0.9845143349706162,0.9848608921989084,1.0081443185286665,0.8311444268308917,0.9272645904893627,0.9328058507432897
hotel_21,2023-03-01,2023-02-10,0.9907407407407407,0.9814814814814815,0.9953703703703703,0.9212962962962963,1.0015073284200884,0.9848608921989084,1.0115047995766204,0.8690900498607359,0.9261159267118931,0.93249844761271
hotel_21,2023-03-02,2023-02-10,0.9814814814814815,0.9814814814814815,1.0,1.0,1.0054446382456341,0.9848608921989084,1.0038344200052547,0.9457004066302552,0.9258483595250169,0.932243359398176
hotel_21,2023-03-03,2023-02-10,0.9953703703703703,0.9814814814814815,0.9814814814814815,1.0,0.9808936907980261,0.9848608921989084,0.9808137481687547,0.993604027399152,0.925101318556889,0.9320312110903519
hotel_21,2023-03-04,2023-02-10,0.9861111111111112,0.9814814814814815,0.9675925925925926,0.9351851851851852,0.9835035355304617,0.9848608921989084,0.9652974623031713,0.9465550166056007,0.9249484186300466,0.9318550476621555
hotel_21,2023-03-05,2023-02-10,0.8842592592592593,0.9814814814814815,0.9305555555555556,0.9814814814814815,0.9266160259222259,0.9848608921989084,0.9121090850960599,0.9831338402346282,0.9244619245873307,0.9317086074890737
hotel_21,2023-03-06,2023-02-10,0.9907407407407407,0.9814814814814815,0.9907407407407407,0.9675925925925926,0.9694233018939243,0.9848608921989084,0.9927780216721711,0.9877609377534395,0.9243763885789691,0.931586966812084
hotel_21,2023-03-07,2023-02-10,1.0,0.9814814814814815,0.9953703703703703,0.9305555555555556,0.9845143349706162,0.9848608921989084,1.0081443185286665,0.9837500099747795,0.9240591371639425,0.931485873088552
hotel_21,2023-03-08,2023-02-10,0.9953703703703703,0.9814814814814815,0.9953703703703703,0.9907407407407407,1.0015073284200884,0.9848608921989084,1.0115047995766204,0.9619172505048663,0.9240126767563188,0.9314018861495981
hotel_21,2023-03-09,2023-02-10,1.0,0.9814814814814815,1.0,0.9953703703703703,1.0054446382456341,0.9848608921989084,1.0038344200052547,0.9544181342923577,0.9238055040989611,0.9313320935904392
hotel_21,2023-03-10,2023-02-10,0.9907407407407407,0.9814814814814815,0.9814814814814815,0.9953703703703703,0.9808936907980261,0.9848608921989084,0.9808137481687547,0.9760428322521589,0.9237813430077508,0.9312741066654002
hotel_21,2023-03-11,2023-03-10,0.9953703703703703,0.9907407407407407,0.9861111111111112,1.0,0.9896123500877213,0.9924262058761663,0.981575241478057,0.9984027925883295,0.9855416230085695,0.9921351860090342
hotel_21,2023-03-12,2023-03-10,1.0,0.9907407407407407,0.8842592592592593,0.9814814814814815,0.9368331817308666,0.9924262058761663,0.9337222088111578,1.0123780185790971,0.9608069684188975,0.9785688017544645
hotel_21,2023-03-13,2023-03-10,1.0,0.9907407407407407,0.9907407407407407,0.9953703703703703,0.9762223107665233,0.9924262058761663,0.9877204310062635,1.0084908372267736,0.9756583966401915,0.9849881985392005
hotel_21,2023-03-14,2023-03-10,1.0,0.9907407407407407,1.0,0.9907407407407407,0.98960607447974,0.9924262058761663,1.0047313190983094,0.9802599939235916,0.9702988828926974,0.97398510714044
hotel_21,2023-03-15,2023-03-10,0.9953703703703703,0.9907407407407407,0.9953703703703703,0.9953703703703703,1.0027690916072884,0.9924262058761663,1.0011382969415334,0.9676708692922462,0.9691251518865222,0.9775821189098871
hotel_21,2023-03-16,2023-03-10,0.9953703703703703,0.9907407407407407,1.0,0.9953703703703703,1.0066236213288484,0.9924262058761663,0.9881511850703031,1.0136195761647506,0.964504564337844,0.9742868895632311
hotel_21,2023-03-17,2023-03-10,0.9675925925925926,0.9907407407407407,0.9907407407407407,0.9814814814814815,0.9899607880008806,0.9924262058761663,0.9920800634545691,0.9953357864898944,0.9649234579800402,0.970837322303735
hotel_21,2023-03-18,2023-03-10,1.0,0.9907407407407407,0.9861111111111112,0.9768518518518519,0.9896123500877213,0.9924262058761663,0.981575241478057,0.9594998685846149,0.9608716198814384,0.975703247518619
hotel_21,2023-03-19,2023-03-10,0.9768518518518519,0.9907407407407407,0.8842592592592593,0.9814814814814815,0.9368331817308666,0.9924262058761663,0.9337222088111578,1.0033837005920552,0.9450545395823697,0.966893033477423
hotel_21,2023-03-20,2023-03-10,0.9814814814814815,0.9907407407407407,0.9907407407407407,0.9814814814814815,0.9762223107665233,0.9924262058761663,0.9877204310062635,0.9721811559227118,0.9592182554750698,0.9752233272410054
hotel_21,2023-03-21,2023-03-10,0.9861111111111112,0.9907407407407407,1.0,0.9722222222222222,0.98960607447974,0.9924262058761663,1.0047313190983094,0.9829728442463255,0.9595776656258748,0.9668448481343531
hotel_21,2023-03-22,2023-03-10,1.0,0.9907407407407407,0.9953703703703703,0.9722222222222222,1.0027690916072884,0.9924262058761663,1.0011382969415334,0.9774952737148545,0.9577081187838337,0.9721194020363922
hotel_21,2023-03-23,2023-03-10,0.9953703703703703,0.9907407407407407,1.0,0.9953703703703703,1.0066236213288484,0.9924262058761663,0.9881511850703031,0.9561354026894343,0.9588878292995364,0.969617274103573
hotel_21,2023-03-24,2023-03-10,0.9768518518518519,0.9907407407407407,0.9907407407407407,0.9953703703703703,0.9899607880008806,0.9924262058761663,0.9920800634545691,0.9617744613942868,0.9558175739043718,0.9680105393874139
hotel_21,2023-03-25,2023-03-10,0.9907407407407407,0.9907407407407407,0.9861111111111112,0.9722222222222222,0.9896123500877213,0.9924262058761663,0.981575241478057,0.950270733975411,0.9553638403939209,0.9725846841945175
hotel_21,2023-03-26,2023-03-10,0.9814814814814815,0.9907407407407407,0.8842592592592593,1.0,0.9368331817308666,0.9924262058761663,0.9337222088111578,0.9523695329203481,0.9533389103297023,0.9654121820694895
hotel_21,2023-03-27,2023-03-10,0.9490740740740741,0.9907407407407407,0.9907407407407407,0.9861111111111112,0.9762223107665233,0.9924262058761663,0.9877204310062635,0.9290285867131506,0.9531216237198622,0.9733434673490445
hotel_21,2023-03-28,2023-03-10,0.9537037037037037,0.9907407407407407,1.0,0.9444444444444444,0.98960607447974,0.9924262058761663,1.0047313190983094,0.8990743166696853,0.951819688331703,0.9658147681444361
hotel_21,2023-03-29,2023-03-10,0.9953703703703703,0.9907407407407407,0.9953703703703703,0.9907407407407407,1.0027690916072884,0.9924262058761663,1.0011382969415334,0.8805205939422367,0.9517281473622983,0.971293136293857
hotel_21,2023-03-30,2023-03-10,0.9907407407407407,0.9907407407407407,1.0,0.9953703703703703,1.0066236213288484,0.9924262058761663,0.9881511850703031,0.8746256899210962,0.9508892494683553,0.9686290192553563
hotel_21,2023-03-31,2023-03-10,0.9768518518518519,0.9907407407407407,0.9907407407407407,0.9907407407407407,0.9899607880008806,0.9924262058761663,0.9920800634545691,0.9095756197910001,0.9508616232365664,0.9679067272620274
hotel_21,2023-04-01,2023-03-10,0.9907407407407407,0.9907407407407407,0.9861111111111112,0.9814814814814815,0.9896123500877213,0.9924262058761663,0.981575241478057,0.9714892997369575,0.9503199008506137,0.9716700040129258
hotel_21,2023-04-02,2023-03-10,0.9629629629629629,0.9907407407407407,0.8842592592592593,0.9953703703703703,0.9368331817308666,0.9924262058761663,0.9337222088111578,1.01478026758607,0.9503224328862638,0.9655577023882668
hotel_21,2023-04-03,2023-03-10,0.9907407407407407,0.9907407407407407,0.9907407407407407,0.9861111111111112,0.9762223107665233,0.9924262058761663,0.9877204310062635,0.974107914176427,0.9499718456433476,0.9727472859876795
hotel_21,2023-04-04,2023-03-10,0.9583333333333334,0.9907407407407407,1.0,0.8842592592592593,0.98960607447974,0.9924262058761663,1.0047313190983094,0.9868946392147177,0.9499866900897275,0.9657930577487636
hotel_21,2023-04-05,2023-03-10,0.9907407407407407,0.9907407407407407,0.9953703703703703,0.9907407407407407,1.0027690916072884,0.9924262058761663,1.0011382969415334,1.0073942362154,0.9497593026005096,0.9711828113942482
hotel_21,2023-04-06,2023-03-10,0.9537037037037037,0.9907407407407407,1.0,1.0,1.0066236213288484,0.9924262058761663,0.9881511850703031,1.005747551513045,0.9497774723218125,0.9682850857098982
hotel_21,2023-04-07,2023-03-10,0.9675925925925926,0.9907407407407407,0.9907407407407407,0.9953703703703703,0.9899607880008806,0.9924262058761663,0.9920800634545691,0.9859377875744977,0.9496296692407841,0.9681950003995312
hotel_21,2023-04-08,2023-04-07,0.9629629629629629,0.9675925925925926,0.9907407407407407,1.0,0.9690272289796648,0.9660670006524916,0.9737832161158946,0.9579453599329545,0.9851284747327012,0.9801229101862671
hotel_21,2023-04-09,2023-04-07,0.9583333333333334,0.9675925925925926,0.9629629629629629,0.9907407407407407,0.9217617994295255,0.9660670006524916,0.9457321177622553,0.976409144562369,0.9565952543738945,0.968174942105522
hotel_21,2023-04-10,2023-04-07,0.8981481481481481,0.9675925925925926,0.9907407407407407,0.9953703703703703,0.949197794456121,0.9660670006524916,0.9664607348777828,0.9711156910274801,0.975230652442594,0.9789820151182022
hotel_21,2023-04-11,2023-04-07,0.9814814814814815,0.9675925925925926,0.9583333333333334,1.0,0.9631931405963134,0.9660670006524916,0.9669601901215676,0.9855103692013004,0.9793394396496853,0.9720360096720629
hotel_21,2023-04-12,2023-04-07,0.9953703703703703,0.9675925925925926,0.9907407407407407,1.0,0.9797555276047937,0.9660670006524916,0.9788697077722839,0.9800955208476307,0.9891083505198435,0.9744767211362351
hotel_21,2023-04-13,2023-04-07,1.0,0.9675925925925926,0.9537037037037037,1.0,0.9793282919815647,0.9660670006524916,0.9695674471804886,0.9520857713800092,0.984958229836116,0.9772985361893671
hotel_21,2023-04-14,2023-04-07,1.0,0.9675925925925926,0.9675925925925926,0.9953703703703703,0.9648303655766726,0.9660670006524916,0.9657187082397328,0.9449587546239128,0.9786202821570382,0.9702055832915287
hotel_21,2023-04-15,2023-04-07,0.9953703703703703,0.9675925925925926,0.9907407407407407,0.9953703703703703,0.9690272289796648,0.9660670006524916,0.9737832161158946,0.9837348442218883,0.9863075091405032,0.9803832088697871
hotel_21,2023-04-16,2023-04-07,1.0,0.9675925925925926,0.9629629629629629,0.9675925925925926,0.9217617994295255,0.9660670006524916,0.9457321177622553,0.9649260363843771,0.9676550901944537,0.969294148019598
hotel_21,2023-04-17,2023-04-07,0.9490740740740741,0.9675925925925926,0.9907407407407407,1.0,0.949197794456121,0.9660670006524916,0.9664607348777828,0.9389421338845674,0.9796505914984525,0.9793504440680407
hotel_21,2023-04-18,2023-04-07,0.9768518518518519,0.9675925925925926,0.9583333333333334,0.9768518518518519,0.9631931405963134,0.9660670006524916,0.9669601901215676,0.9765706703061324,0.9779495201592345,0.9722894792026237
hotel_21,2023-04-19,2023-04-07,0.9953703703703703,0.9675925925925926,0.9907407407407407,0.9814814814814815,0.9797555276047937,0.9660670006524916,0.9788697077722839,0.9470348429870643,0.9904744077453512,0.975205872244424
hotel_21,2023-04-20,2023-04-07,0.9907407407407407,0.9675925925925926,0.9537037037037037,0.9861111111111112,0.9793282919815647,0.9660670006524916,0.9695674471804886,0.9581053015782237,0.9818745885843458,0.9769354922744798
hotel_21,2023-04-21,2023-04-07,0.8981481481481481,0.9675925925925926,0.9675925925925926,1.0,0.9648303655766726,0.9660670006524916,0.9657187082397328,0.9545528220157826,0.978404497969352,0.971058398997655
hotel_21,2023-04-22,2023-04-07,1.0,0.9675925925925926,0.9907407407407407,0.9953703703703703,0.9690272289796648,0.9660670006524916,0.9737832161158946,0.9355015930821982,0.9868208187918481,0.9799165454985342
hotel_21,2023-04-23,2023-04-07,0.9120370370370371,0.9675925925925926,0.9629629629629629,0.9768518518518519,0.9217617994295255,0.9660670006524916,0.9457321177622553,0.9462091334115986,0.9681168476428212,0.9698399490280678
hotel_21,2023-04-24,2023-04-07,0.9907407407407407,0.9675925925925926,0.9907407407407407,0.9907407407407407,0.949197794456121,0.9660670006524916,0.9664607348777828,0.9393496620703358,0.9800611087075946,0.9792468873711657
hotel_21,2023-04-25,2023-04-07,1.0,0.9675925925925926,0.9583333333333334,0.9814814814814815,0.9631931405963134,0.9660670006524916,0.9669601901215676,0.9415027488092642,0.9784779274180911,0.9722647711796292
hotel_21,2023-04-26,2023-04-07,0.9814814814814815,0.9675925925925926,0.9907407407407407,0.9490740740740741,0.9797555276047937,0.9660670006524916,0.9788697077722839,0.9138975482735943,0.9901059021850278,0.9755984454523251
hotel_21,2023-04-27,2023-04-07,0.9861111111111112,0.9675925925925926,0.9537037037037037,0.9537037037037037,0.9793282919815647,0.9660670006524916,0.9695674471804886,0.890304438968954,0.9821177760081912,0.9764487838293165
hotel_21,2023-04-28,2023-04-07,0.9907407407407407,0.9675925925925926,0.9675925925925926,0.9953703703703703,0.9648303655766726,0.9660670006524916,0.9657187082397328,0.8832010927627685,0.9788936477160356,0.9716928328964598
hotel_21,2023-04-29,2023-04-07,0.9861111111111112,0.9675925925925926,0.9907407407407407,0.9907407407407407,0.9690272289796648,0.9660670006524916,0.9737832161158946,0.8753870288288252,0.9867077670630591,0.9793697776150976
hotel_21,2023-04-30,2023-04-07,0.8055555555555556,0.9675925925925926,0.9629629629629629,0.9768518518518519,0.9217617994295255,0.9660670006524916,0.9457321177622553,0.9046458111737745,0.9693379092390153,0.9702865217595454
hotel_21,2023-05-01,2023-04-07,0.8148148148148148,0.9675925925925926,0.9907407407407407,0.9907407407407407,0.949197794456121,0.9660670006524916,0.9664607348777828,0.9542054382480807,0.9804286406324816,0.9790482369702137
hotel_21,2023-05-02,2023-04-07,0.9166666666666666,0.9675925925925926,0.9583333333333334,0.9629629629629629,0.9631931405963134,0.9660670006524916,0.9669601901215676,0.9848207928023883,0.9789577890367526,0.9722367238463143
hotel_21,2023-05-03,2023-04-07,0.9907407407407407,0.9675925925925926,0.9907407407407407,0.9907407407407407,0.9797555276047937,0.9660670006524916,0.9788697077722839,0.958517082631033,0.9897551379202908,0.975881722964522
hotel_21,2023-05-04,2023-04-07,0.9814814814814815,0.9675925925925926,0.9537037037037037,0.9583333333333334,0.9793282919815647,0.9660670006524916,0.9695674471804886,0.9581748838975337,0.9823368258506989,0.9760005618668369
hotel_21,2023-05-05,2023-04-07,0.9953703703703703,0.9675925925925926,0.9675925925925926,0.9907407407407407,0.9648303655766726,0.9660670006524916,0.9657187082397328,0.982828345700257,0.9793425160973811,0.9722416109819733
hotel_21,2023-05-06,2023-05-05,0.9907407407407407,0.9953703703703703,0.9861111111111112,0.9537037037037037,0.9983562480780448,0.9917924159704653,1.0049949200655295,0.9901657248299848,1.008040144825795,0.9928321581169204
hotel_21,2023-05-07,2023-05-05,0.9166666666666666,0.9953703703703703,0.8055555555555556,0.9675925925925926,0.9453654921747014,0.9917924159704653,0.9540046493276415,0.9777612477493024,0.9728867491937947,0.9833981902604965
hotel_21,2023-05-08,2023-05-05,0.8796296296296297,0.9953703703703703,0.8148148148148148,0.9629629629629629,0.9706797183447105,0.9917924159704653,0.9538015362318041,0.968254414330653,0.9776717266243616,0.9844437192579243
hotel_21,2023-05-09,2023-05-05,0.9166666666666666,0.9953703703703703,0.9166666666666666,0.9583333333333334,0.9945409303881478,0.9917924159704653,0.9849622928085416,0.9832925527947365,0.9856790306464568,0.9788793593851903
hotel_21,2023-05-10,2023-05-05,0.9768518518518519,0.9953703703703703,0.9907407407407407,0.8981481481481481,1.0083279346666325,0.9917924159704653,1.0088852043241174,0.9648828132057293,0.9927885777420673,0.9790349281620155
hotel_21,2023-05-11,2023-05-05,0.9768518518518519,0.9953703703703703,0.9814814814814815,0.9814814814814815,1.0064425153056957,0.9917924159704653,1.0039341188211888,0.9912852480525667,0.9858699818504467,0.9757139238123297
hotel_21,2023-05-12,2023-05-05,0.9953703703703703,0.9953703703703703,0.9953703703703703,0.9953703703703703,0.991479520903746,0.9917924159704653,0.9913621293942536,0.9875000702466006,0.9728849628654345,0.975526083289832
hotel_21,2023-05-13,2023-05-05,0.9953703703703703,0.9953703703703703,0.9861111111111112,1.0,0.9983562480780448,0.9917924159704653,1.0049949200655295,0.9619246364110032,0.984927754832252,0.9735202370626773
hotel_21,2023-05-14,2023-05-05,0.8055555555555556,0.9953703703703703,0.8055555555555556,1.0,0.9453654921747014,0.9917924159704653,0.9540046493276415,0.9612102811237062,0.9399656593349918,0.9732379275204122
hotel_21,2023-05-15,2023-05-05,0.8194444444444444,0.9953703703703703,0.8148148148148148,0.9953703703703703,0.9706797183447105,0.9917924159704653,0.9538015362318041,0.9899194626360497,0.9447354723379111,0.9720121304586734
hotel_21,2023-05-16,2023-05-05,1.0092592592592593,0.9953703703703703,0.9166666666666666,1.0,0.9945409303881478,0.9917924159704653,0.9849622928085416,0.976529296657926,0.9690969741157232,0.9717392307536069
hotel_21,2023-05-17,2023-05-05,1.0092592592592593,0.9953703703703703,0.9907407407407407,0.9490740740740741,1.0083279346666325,0.9917924159704653,1.0088852043241174,0.9492805487533933,0.9835322937064823,0.9709816363137278
hotel_21,2023-05-18,2023-05-05,1.0046296296296295,0.9953703703703703,0.9814814814814815,0.9768518518518519,1.0064425153056957,0.9917924159704653,1.0039341188211888,0.9863007558489038,0.9795149159976354,0.9707539991070252
hotel_21,2023-05-19,2023-05-05,0.8842592592592593,0.9953703703703703,0.9953703703703703,0.9953703703703703,0.991479520903746,0.9917924159704653,0.9913621293942536,0.9633115314270697,0.9713376697241838,0.9702807827387199
hotel_21,2023-05-20,2023-05-05,1.0138888888888888,0.9953703703703703,0.9861111111111112,0.9907407407407407,0.9983562480780448,0.9917924159704653,1.0049949200655295,0.9716495608587425,0.9836686915421323,0.9701043338606604
hotel_21,2023-05-21,2023-05-05,1.0,0.9953703703703703,0.8055555555555556,0.8981481481481481,0.9453654921747014,0.9917924159704653,0.9540046493276415,0.9540106715393313,0.9406375737882406,0.9698058492083365
hotel_21,2023-05-22,2023-05-05,0.9537037037037037,0.9953703703703703,0.8148148148148148,1.0,0.9706797183447105,0.9917924159704653,0.9538015362318041,0.9546602005749487,0.9461064409861517,0.9696748600218824
hotel_21,2023-05-23,2023-05-05,0.9166666666666666,0.9953703703703703,0.9166666666666666,0.9120370370370371,0.9945409303881478,0.9917924159704653,0.9849622928085416,0.95780639562392,0.9680789505721608,0.9694849220600338
hotel_21,2023-05-24,2023-05-05,0.9166666666666666,0.9953703703703703,0.9907407407407407,0.9907407407407407,1.0083279346666325,0.9917924159704653,1.0088852043241174,0.9662711389810394,0.9819932933408703,0.9693903587033965
hotel_21,2023-05-25,2023-05-05,0.9259259259259259,0.9953703703703703,0.9814814814814815,1.0,1.0064425153056957,0.9917924159704653,1.0039341188211888,0.9711421111067312,0.9779653114444132,0.9692685447582877
hotel_21,2023-05-26,2023-05-05,0.9814814814814815,0.9953703703703703,0.9953703703703703,0.9814814814814815,0.991479520903746,0.9917924159704653,0.9913621293942536,0.9429426663904539,0.9706398210280583,0.969201573150378
hotel_21,2023-05-27,2023-05-05,1.0092592592592593,0.9953703703703703,0.9861111111111112,0.9861111111111112,0.9983562480780448,0.9917924159704653,1.0049949200655295,0.9263307131703457,0.9819389510839094,0.9691229142835313
hotel_21,2023-05-28,2023-05-05,1.0046296296296295,0.9953703703703703,0.8055555555555556,0.9907407407407407,0.9453654921747014,0.9917924159704653,0.9540046493276415,0.9262634695178139,0.942145918691361,0.9690761279058454
hotel_21,2023-05-29,2023-05-05,0.75,0.9953703703703703,0.8148148148148148,0.9861111111111112,0.9706797183447105,0.9917924159704653,0.9538015362318041,0.9159711015916705,0.9471539869821646,0.9690250358879018
hotel_21,2023-05-30,2023-05-05,0.75,0.9953703703703703,0.9166666666666666,0.8055555555555556,0.9945409303881478,0.9917924159704653,0.9849622928085416,0.9111986023211565,0.9676080495238075,0.9689926775108539
hotel_21,2023-05-31,2023-05-05,0.8981481481481481,0.9953703703703703,0.9907407407407407,0.8148148148148148,1.0083279346666325,0.9917924159704653,1.0088852043241174,0.9476255521316418,0.9804879329495292,0.9689593246228041
hotel_21,2023-06-01,2023-05-05,0.9444444444444444,0.9953703703703703,0.9814814814814815,0.9166666666666666,1.0064425153056957,0.9917924159704653,1.0039341188211888,0.9852255239396969,0.9767854406365564,0.9689371127859745
hotel_21,2023-06-02,2023-05-05,1.0,0.9953703703703703,0.9953703703703703,0.9907407407407407,0.991479520903746,0.9917924159704653,0.9913621293942536,0.9800151434709963,0.9699753082288245,0.9689152479072969
hotel_21,2023-06-03,2023-06-02,1.0046296296296295,1.0,1.0092592592592593,0.9814814814814815,0.9965671900805182,0.9844981273196443,1.0116123713374727,0.9668214872668551,1.0169453385036162,0.9804573497704164
hotel_21,2023-06-04,2023-06-02,0.9814814814814815,1.0,1.0046296296296295,0.9953703703703703,0.9338321213004529,0.9844981273196443,0.9370951865259508,0.9925278062699053,0.9571504973838023,0.9736646604485618
hotel_21,2023-06-05,2023-06-02,1.0,1.0,0.75,0.9907407407407407,0.9388737130839176,0.9844981273196443,0.8905808243551119,0.983589798914309,0.9282317158681463,0.9693412956113329
hotel_21,2023-06-06,2023-06-02,0.9675925925925926,1.0,0.75,0.9166666666666666,0.9832132560252524,0.9844981273196443,0.939867015671946,0.9658239302988261,0.9559672157455833,0.9597902876426424
hotel_21,2023-06-07,2023-06-02,0.9583333333333334,1.0,0.8981481481481481,0.8796296296296297,1.0058085506131955,0.9844981273196443,0.9831951312709436,0.9505305393311534,0.9743970009632625,0.9546766446101163
hotel_21,2023-06-08,2023-06-02,1.0,1.0,0.9444444444444444,0.9166666666666666,1.0019568781737052,0.9844981273196443,0.9909714048708741,0.9678515376988087,0.9740090811381927,0.9548367742626749
hotel_21,2023-06-09,2023-06-02,0.9907407407407407,1.0,1.0,0.9768518518518519,0.9885692352917795,0.9844981273196443,0.9902546520251655,0.9578318618282938,0.9679790931078399,0.9575396769975959
hotel_21,2023-06-10,2023-06-02,1.0231481481481481,1.0,1.0092592592592593,0.9768518518518519,0.9965671900805182,0.9844981273196443,1.0116123713374727,0.9818709472381634,0.9914702480532501,0.9561406508897015
hotel_21,2023-06-11,2023-06-02,0.9861111111111112,1.0,1.0046296296296295,0.9953703703703703,0.9338321213004529,0.9844981273196443,0.9370951865259508,0.9814900084249916,0.9467525415938812,0.9565145741720297
hotel_21,2023-06-12,2023-06-02,1.0,1.0,0.75,0.9953703703703703,0.9388737130839176,0.9844981273196443,0.8905808243551119,0.9592454131654352,0.8996077491784736,0.95570899444035
hotel_21,2023-06-13,2023-06-02,0.9768518518518519,1.0,0.75,0.8055555555555556,0.9832132560252524,0.9844981273196443,0.939867015671946,0.9334576492691214,0.9241572898264694,0.9417785074549377
hotel_21,2023-06-14,2023-06-02,0.9722222222222222,1.0,0.8981481481481481,0.8194444444444444,1.0058085506131955,0.9844981273196443,0.9831951312709436,0.9543917181236532,0.9563895855813107,0.9422903432721385
hotel_21,2023-06-15,2023-06-02,0.9953703703703703,1.0,0.9444444444444444,1.0092592592592593,1.0019568781737052,0.9844981273196443,0.9909714048708741,0.9756330103614278,0.9625946119560009,0.9553292348594528
hotel_21,2023-06-16,2023-06-02,1.0,1.0,1.0,1.0092592592592593,0.9885692352917795,0.9844981273196443,0.9902546520251655,0.9564947891846586,0.9653527214359233,0.955057805420195
hotel_21,2023-06-17,2023-06-02,1.0,1.0,1.0092592592592593,1.0046296296296295,0.9965671900805182,0.9844981273196443,1.0116123713374727,0.9851291990427002,0.9874717603033388,0.9545338110227247
hotel_21,2023-06-18,2023-06-02,0.9583333333333334,1.0,1.0046296296296295,0.8842592592592593,0.9338321213004529,0.9844981273196443,0.9370951865259508,0.9493152979110779,0.9460770410431234,0.9458956184432096
hotel_21,2023-06-19,2023-06-02,0.9768518518518519,1.0,0.75,1.0138888888888888,0.9388737130839176,0.9844981273196443,0.8905808243551119,0.9751010459443351,0.9023794444175063,0.9549105471852691
hotel_21,2023-06-20,2023-06-02,0.9814814814814815,1.0,0.75,1.0,0.9832132560252524,0.9844981273196443,0.939867015671946,0.9563508136666066,0.925345747043444,0.9538394754540154
hotel_21,2023-06-21,2023-06-02,0.9629629629629629,1.0,0.8981481481481481,0.9537037037037037,1.0058085506131955,0.9844981273196443,0.9831951312709436,0.9534137142583601,0.9554319573610831,0.9505087646571551
hotel_21,2023-06-22,2023-06-02,0.9814814814814815,1.0,0.9444444444444444,0.9166666666666666,1.0019568781737052,0.9844981273196443,0.9909714048708741,0.9531782140136402,0.9612827447325866,0.9478453305577167
hotel_21,2023-06-23,2023-06-02,0.9351851851851852,1.0,1.0,0.9166666666666666,0.9885692352917795,0.9844981273196443,0.9902546520251655,0.9638998324341214,0.9639098643767998,0.9478044633147146
hotel_21,2023-06-24,2023-06-02,1.0,1.0,1.0092592592592593,0.9259259259259259,0.9965671900805182,0.9844981273196443,1.0116123713374727,0.9710616396185081,0.984535702248804,0.9484249322371421
hotel_21,2023-06-25,2023-06-02,0.9166666666666666,1.0,1.0046296296296295,0.9814814814814815,0.9338321213004529,0.9844981273196443,0.9370951865259508,0.9554994723084651,0.9460626851051885,0.9523145942034292
hotel_21,2023-06-26,2023-06-02,0.9861111111111112,1.0,0.75,1.0092592592592593,0.9388737130839176,0.9844981273196443,0.8905808243551119,0.949176282849406,0.9054391099863643,0.9542527932525642
hotel_21,2023-06-27,2023-06-02,1.0,1.0,0.75,1.0046296296296295,0.9832132560252524,0.9844981273196443,0.939867015671946,0.9547286853826015,0.9268282954666914,0.9539124519769181
hotel_21,2023-06-28,2023-06-02,0.9953703703703703,1.0,0.8981481481481481,0.75,1.0058085506131955,0.9844981273196443,0.9831951312709436,0.9029303768494279,0.9548363220740977,0.9359634337813887
hotel_21,2023-06-29,2023-06-02,0.9907407407407407,1.0,0.9444444444444444,0.75,1.0019568781737052,0.9844981273196443,0.9909714048708741,0.8917114222182096,0.9602936042009507,0.935955075049423
hotel_21,2023-06-30,2023-06-02,0.9074074074074074,1.0,1.0,0.8981481481481481,0.9885692352917795,0.9844981273196443,0.9902546520251655,0.9393019436228074,0.9627487623370612,0.9463853123271959
hotel_35,2023-02-11,2023-02-10,0.5703125,0.53125,0.38671875,0.48828125,0.5709031183449307,0.5322247648103229,0.553781915299902,0.49926618346021945,0.527266264247376,0.5112789846362787
hotel_35,2023-02-12,2023-02-10,0.48828125,0.53125,0.400390625,0.392578125,0.557475035867054,0.5322247648103229,0.5037156229828907,0.5002328108537439,0.5101843003599195,0.5331584931480814
hotel_35,2023-02-13,2023-02-10,0.53515625,0.53125,0.564453125,0.36328125,0.610803952910889,0.5322247648103229,0.55756558933711,0.4946463933008896,0.566933627786838,0.5702188105864725
hotel_35,2023-02-14,2023-02-10,0.6015625,0.53125,0.640625,0.333984375,0.6065470079264037,0.5322247648103229,0.5797172306763018,0.5062859633612853,0.5918010174138613,0.5964161550256327
hotel_35,2023-02-15,2023-02-10,0.638671875,0.53125,0.619140625,0.421875,0.5778346036641486,0.5322247648103229,0.5825482141031076,0.5317250157824505,0.5941695859912031,0.5930546868938917
hotel_35,2023-02-16,2023-02-10,0.63671875,0.53125,0.54296875,0.380859375,0.5438436199154615,0.5322247648103229,0.5610370048038408,0.5023139487905539,0.5784888154588199,0.5646297790172913
hotel_35,2023-02-17,2023-02-10,0.693359375,0.53125,0.53125,0.361328125,0.5312505702407246,0.5322247648103229,0.5302517021473656,0.5108307571618453,0.5591912469214099,0.5333943458455757
hotel_35,2023-02-18,2023-02-10,0.673828125,0.53125,0.38671875,0.322265625,0.5709031183449307,0.5322247648103229,0.553781915299902,0.48859626732370476,0.5556972705005748,0.5221895270256764
hotel_35,2023-02-19,2023-02-10,0.638671875,0.53125,0.400390625,0.318359375,0.557475035867054,0.5322247648103229,0.5037156229828907,0.5123621524177253,0.5407153583581802,0.5378097258340409
hotel_35,2023-02-20,2023-02-10,0.8046875,0.53125,0.564453125,0.3203125,0.610803952910889,0.5322247648103229,0.55756558933711,0.5397372295106491,0.5904879397341658,0.5671483731304218
hotel_35,2023-02-21,2023-02-10,0.84375,0.53125,0.640625,0.330078125,0.6065470079264037,0.5322247648103229,0.5797172306763018,0.5451679530138003,0.6122981396068123,0.5880208096389578
hotel_35,2023-02-22,2023-02-10,0.83984375,0.53125,0.619140625,0.400390625,0.5778346036641486,0.5322247648103229,0.5825482141031076,0.5740341163742515,0.6143755170420281,0.5858537934813257
hotel_35,2023-02-23,2023-02-10,0.869140625,0.53125,0.54296875,0.47265625,0.5438436199154615,0.5322247648103229,0.5610370048038408,0.5054686223538324,0.600622535945181,0.5637476923808623
hotel_35,2023-02-24,2023-02-10,0.78515625,0.53125,0.53125,0.4765625,0.5312505702407246,0.5322247648103229,0.5302517021473656,0.5325850345406316,0.5836974049535615,0.5390554419239195
hotel_35,2023-02-25,2023-02-10,0.712890625,0.53125,0.38671875,0.505859375,0.5709031183449307,0.5322247648103229,0.553781915299902,0.5146655619554992,0.580632976992618,0.5298536288791327
hotel_35,2023-02-26,2023-02-10,0.666015625,0.53125,0.400390625,0.470703125,0.557475035867054,0.5322247648103229,0.5037156229828907,0.5360393524653223,0.5674929368355695,0.5417866902883932
hotel_35,2023-02-27,2023-02-10,0.716796875,0.53125,0.564453125,0.423828125,0.610803952910889,0.5322247648103229,0.55756558933711,0.5170134276362547,0.6111464913207636,0.5647990534946652
hotel_35,2023-02-28,2023-02-10,0.810546875,0.53125,0.640625,0.357421875,0.6065470079264037,0.5322247648103229,0.5797172306763018,0.5308230745086413,0.6302753514713227,0.5814686106257463
hotel_35,2023-03-01,2023-02-10,0.81640625,0.53125,0.619140625,0.388671875,0.5778346036641486,0.5322247648103229,0.5825482141031076,0.551030550880343,0.6320973367199773,0.5801287971531096
hotel_35,2023-03-02,2023-02-10,0.87109375,0.53125,0.54296875,0.390625,0.5438436199154615,0.5322247648103229,0.5610370048038408,0.5244431804019081,0.6200351431779175,0.5629463373758904
hotel_35,2023-03-03,2023-02-10,0.796875,0.53125,0.53125,0.443359375,0.5312505702407246,0.5322247648103229,0.5302517021473656,0.5311318267296135,0.6051907829400901,0.5434320526266583
hotel_35,2023-03-04,2023-02-10,0.740234375,0.53125,0.38671875,0.47265625,0.5709031183449307,0.5322247648103229,0.553781915299902,0.5504809116744163,0.6025030948744768,0.5358909815331754
hotel_35,2023-03-05,2023-02-10,0.626953125,0.53125,0.400390625,0.40234375,0.557475035867054,0.5322247648103229,0.5037156229828907,0.5564241177842872,0.5909784874887303,0.5449967370441998
hotel_35,2023-03-06,2023-02-10,0.64453125,0.53125,0.564453125,0.38671875,0.610803952910889,0.5322247648103229,0.55756558933711,0.5297926436575625,0.6292652864955273,0.5630417449198291
hotel_35,2023-03-07,2023-02-10,0.677734375,0.53125,0.640625,0.400390625,0.6065470079264037,0.5322247648103229,0.5797172306763018,0.5321363222547887,0.6460424500610277,0.5763478730615108
hotel_35,2023-03-08,2023-02-10,0.720703125,0.53125,0.619140625,0.564453125,0.5778346036641486,0.5322247648103229,0.5825482141031076,0.5515471624308164,0.6476404409653478,0.5755810172354724
hotel_35,2023-03-09,2023-02-10,0.671875,0.53125,0.54296875,0.640625,0.5438436199154615,0.5322247648103229,0.5610370048038408,0.5589759191991928,0.637061170040627,0.562231197615826
hotel_35,2023-03-10,2023-02-10,0.595703125,0.53125,0.53125,0.619140625,0.5312505702407246,0.5322247648103229,0.5302517021473656,0.543164205273534,0.6240417711964171,0.5468137650921576
hotel_35,2023-03-11,2023-03-10,0.55859375,0.595703125,0.740234375,0.54296875,0.6102579936811696,0.598793794244472,0.5662525886693375,0.6004761829047273,0.5710666472533905,0.5577807933649109
hotel_35,2023-03-12,2023-03-10,0.5,0.595703125,0.626953125,0.53125,0.5938599719481812,0.598793794244472,0.5117066627885671,0.60637094671889,0.5244359829007273,0.5421689048271147
hotel_35,2023-03-13,2023-03-10,0.53125,0.595703125,0.64453125,0.5703125,0.6761844202390437,0.598793794244472,0.585470026651544,0.591585012656961,0.5672657741487924,0.5677946001908326
hotel_35,2023-03-14,2023-03-10,0.71484375,0.595703125,0.677734375,0.48828125,0.7030639308890164,0.598793794244472,0.632557071055033,0.5730542139888686,0.6027998483639537,0.6121533789751448
hotel_35,2023-03-15,2023-03-10,0.76171875,0.595703125,0.720703125,0.53515625,0.6798790409107811,0.598793794244472,0.6444112453713016,0.5740790380365556,0.6164349213982361,0.6426747719023626
hotel_35,2023-03-16,2023-03-10,0.74609375,0.595703125,0.671875,0.6015625,0.642651586078425,0.598793794244472,0.6407204854265083,0.5910110951941816,0.6132519948536946,0.637969735477863
hotel_35,2023-03-17,2023-03-10,0.662109375,0.595703125,0.595703125,0.638671875,0.5953366827282719,0.598793794244472,0.597684175241702,0.6199787731629095,0.5752029497619665,0.6032744737316701
hotel_35,2023-03-18,2023-03-10,0.716796875,0.595703125,0.740234375,0.63671875,0.6102579936811696,0.598793794244472,0.5662525886693375,0.5943207590364166,0.5532123237291406,0.5651682999134097
hotel_35,2023-03-19,2023-03-10,0.708984375,0.595703125,0.626953125,0.693359375,0.5938599719481812,0.598793794244472,0.5117066627885671,0.6115580270447482,0.5115895921037661,0.5513202048985064
hotel_35,2023-03-20,2023-03-10,0.87890625,0.595703125,0.64453125,0.673828125,0.6761844202390437,0.598793794244472,0.585470026651544,0.5882839493976134,0.5498196480430659,0.5704649818150825
hotel_35,2023-03-21,2023-03-10,0.9375,0.595703125,0.677734375,0.638671875,0.7030639308890164,0.598793794244472,0.632557071055033,0.5999386070220992,0.5815375155696376,0.6070828739946991
hotel_35,2023-03-22,2023-03-10,0.88671875,0.595703125,0.720703125,0.8046875,0.6798790409107811,0.598793794244472,0.6444112453713016,0.6507978787986116,0.5937082404236983,0.633851514871866
hotel_35,2023-03-23,2023-03-10,0.767578125,0.595703125,0.671875,0.84375,0.642651586078425,0.598793794244472,0.6407204854265083,0.6610721889421496,0.590867146495789,0.6319685821131995
hotel_35,2023-03-24,2023-03-10,0.828125,0.595703125,0.595703125,0.83984375,0.5953366827282719,0.598793794244472,0.597684175241702,0.6872087368772237,0.5569044051443606,0.6042756364547396
hotel_35,2023-03-25,2023-03-10,0.84375,0.595703125,0.740234375,0.869140625,0.6102579936811696,0.598793794244472,0.5662525886693375,0.6328992259930792,0.5372754777347941,0.572087710800617
hotel_35,2023-03-26,2023-03-10,0.74609375,0.595703125,0.626953125,0.78515625,0.5938599719481812,0.598793794244472,0.5117066627885671,0.6417822819898883,0.500122848407972,0.5588593742609352
hotel_35,2023-03-27,2023-03-10,0.779296875,0.595703125,0.64453125,0.712890625,0.6761844202390437,0.598793794244472,0.585470026651544,0.6138165651227592,0.5342471608207257,0.5731527467149115
hotel_35,2023-03-28,2023-03-10,0.83203125,0.595703125,0.677734375,0.666015625,0.7030639308890164,0.598793794244472,0.632557071055033,0.6244248994604559,0.5625586658381805,0.6032312760128556
hotel_35,2023-03-29,2023-03-10,0.822265625,0.595703125,0.720703125,0.716796875,0.6798790409107811,0.598793794244472,0.6444112453713016,0.6121244889549741,0.5734223072063505,0.6265777847716424
hotel_35,2023-03-30,2023-03-10,0.79296875,0.595703125,0.671875,0.810546875,0.642651586078425,0.598793794244472,0.6407204854265083,0.6337511904312568,0.5708863345427506,0.6266974759055963
hotel_35,2023-03-31,2023-03-10,0.837890625,0.595703125,0.595703125,0.81640625,0.5953366827282719,0.598793794244472,0.597684175241702,0.6534434002922945,0.5405710454908634,0.6047063151270619
hotel_35,2023-04-01,2023-03-10,0.82421875,0.595703125,0.740234375,0.87109375,0.6102579936811696,0.598793794244472,0.5662525886693375,0.6309266739948247,0.5230501804334116,0.5776143143299284
hotel_35,2023-04-02,2023-03-10,0.74609375,0.595703125,0.626953125,0.796875,0.5938599719481812,0.598793794244472,0.5117066627885671,0.6217379802176353,0.4898875836504854,0.5652309635223447
hotel_35,2023-04-03,2023-03-10,0.634765625,0.595703125,0.64453125,0.740234375,0.6761844202390437,0.598793794244472,0.585470026651544,0.6302012853244758,0.5203470917268562,0.5757288162163372
hotel_35,2023-04-04,2023-03-10,0.5078125,0.595703125,0.677734375,0.626953125,0.7030639308890164,0.598793794244472,0.632557071055033,0.6149394129870198,0.5456180629131088,0.6003497993763128
hotel_35,2023-04-05,2023-03-10,0.474609375,0.595703125,0.720703125,0.64453125,0.6798790409107811,0.598793794244472,0.6444112453713016,0.5928714096602871,0.5553149959381651,0.6206001006343582
hotel_35,2023-04-06,2023-03-10,0.5078125,0.595703125,0.671875,0.677734375,0.642651586078425,0.598793794244472,0.6407204854265083,0.5981563326930489,0.5530513758278445,0.6220964405813812
hotel_35,2023-04-07,2023-03-10,0.48828125,0.595703125,0.595703125,0.720703125,0.5953366827282719,0.598793794244472,0.597684175241702,0.6241924682946234,0.5259918183913592,0.6047300718153884
hotel_35,2023-04-08,2023-04-07,0.50390625,0.48828125,0.82421875,0.671875,0.48246937962461345,0.48828320279300197,0.46825603085199874,0.5190311388003287,0.4861264747600006,0.4680765173763618
hotel_35,2023-04-09,2023-04-07,0.443359375,0.48828125,0.74609375,0.595703125,0.450072884958907,0.48828320279300197,0.40963077990334523,0.49233053917448516,0.44152814627365405,0.4339695942821774
hotel_35,2023-04-10,2023-04-07,0.548828125,0.48828125,0.634765625,0.55859375,0.5247194276666646,0.48828320279300197,0.4583223565169503,0.46772508300680815,0.44730528898887834,0.41111312967223523
hotel_35,2023-04-11,2023-04-07,0.640625,0.48828125,0.5078125,0.5,0.5776931754642675,0.48828320279300197,0.5085462631350365,0.46143599917832895,0.450063078079782,0.41014692473866565
hotel_35,2023-04-12,2023-04-07,0.826171875,0.48828125,0.474609375,0.53125,0.5649783925862697,0.48828320279300197,0.5130426122946737,0.45384820821489386,0.44161211947424833,0.4340336944236432
hotel_35,2023-04-13,2023-04-07,0.880859375,0.48828125,0.5078125,0.71484375,0.5239331338444682,0.48828320279300197,0.4999731716100824,0.4597523402269203,0.431696539188964,0.4694282781653226
hotel_35,2023-04-14,2023-04-07,0.8203125,0.48828125,0.48828125,0.76171875,0.48896796182663194,0.48828320279300197,0.4882820335485059,0.46887322500868694,0.42778733709954286,0.48295830996604017
hotel_35,2023-04-15,2023-04-07,0.681640625,0.48828125,0.82421875,0.74609375,0.48246937962461345,0.48828320279300197,0.46825603085199874,0.47983698847509326,0.4258901453209032,0.4718819325042065
hotel_35,2023-04-16,2023-04-07,0.65234375,0.48828125,0.74609375,0.662109375,0.450072884958907,0.48828320279300197,0.40963077990334523,0.49516434699978756,0.38662313474146476,0.4443489866398714
hotel_35,2023-04-17,2023-04-07,0.72265625,0.48828125,0.634765625,0.716796875,0.5247194276666646,0.48828320279300197,0.4583223565169503,0.4817903553655151,0.391709673448562,0.4281972372264367
hotel_35,2023-04-18,2023-04-07,0.845703125,0.48828125,0.5078125,0.708984375,0.5776931754642675,0.48828320279300197,0.5085462631350365,0.4970650375559297,0.3941377943464456,0.4256448437957243
hotel_35,2023-04-19,2023-04-07,0.890625,0.48828125,0.474609375,0.87890625,0.5649783925862697,0.48828320279300197,0.5130426122946737,0.5040815659468827,0.38669706972217005,0.4499010564741901
hotel_35,2023-04-20,2023-04-07,0.88671875,0.48828125,0.5078125,0.9375,0.5239331338444682,0.48828320279300197,0.4999731716100824,0.5192305443378344,0.37796680540110406,0.4739064190472786
hotel_35,2023-04-21,2023-04-07,0.806640625,0.48828125,0.48828125,0.88671875,0.48896796182663194,0.48828320279300197,0.4882820335485059,0.5584060124986736,0.37452491228509954,0.4829374811605887
hotel_35,2023-04-22,2023-04-07,0.640625,0.48828125,0.82421875,0.767578125,0.48246937962461345,0.48828320279300197,0.46825603085199874,0.5495869381911341,0.3728545122460964,0.471638184244036
hotel_35,2023-04-23,2023-04-07,0.63671875,0.48828125,0.74609375,0.828125,0.450072884958907,0.48828320279300197,0.40963077990334523,0.5843731648802404,0.33828150980010174,0.4577403096304385
hotel_35,2023-04-24,2023-04-07,0.828125,0.48828125,0.634765625,0.84375,0.5247194276666646,0.48828320279300197,0.4583223565169503,0.5478622101147619,0.34275999982435135,0.4419065246418452
hotel_35,2023-04-25,2023-04-07,0.806640625,0.48828125,0.5078125,0.74609375,0.5776931754642675,0.48828320279300197,0.5085462631350365,0.537231149124609,0.34489786131426214,0.43200433329771804
hotel_35,2023-04-26,2023-04-07,0.84765625,0.48828125,0.474609375,0.779296875,0.5649783925862697,0.48828320279300197,0.5130426122946737,0.5183463519691386,0.3383466065373132,0.44354046227803823
hotel_35,2023-04-27,2023-04-07,0.76953125,0.48828125,0.5078125,0.83203125,0.5239331338444682,0.48828320279300197,0.4999731716100824,0.5346800156241003,0.33065996461391595,0.4628814143219386
hotel_35,2023-04-28,2023-04-07,0.78125,0.48828125,0.48828125,0.822265625,0.48896796182663194,0.48828320279300197,0.4882820335485059,0.5235537581508134,0.32762951800332557,0.47376753933434784
hotel_35,2023-04-29,2023-04-07,0.880859375,0.48828125,0.82421875,0.79296875,0.48246937962461345,0.48828320279300197,0.46825603085199874,0.5355776600802393,0.3261587988479314,0.4709196430579394
hotel_35,2023-04-30,2023-04-07,0.923828125,0.48828125,0.74609375,0.837890625,0.450072884958907,0.48828320279300197,0.40963077990334523,0.563426517372781,0.29571867925408973,0.46104624664283916
hotel_35,2023-05-01,2023-04-07,0.830078125,0.48828125,0.634765625,0.82421875,0.5247194276666646,0.48828320279300197,0.4583223565169503,0.5387076517706311,0.2996618071947693,0.4462660481892756
hotel_35,2023-05-02,2023-04-07,0.802734375,0.48828125,0.5078125,0.74609375,0.5776931754642675,0.48828320279300197,0.5085462631350365,0.5171899553186964,0.301544107105794,0.4361131290264686
hotel_35,2023-05-03,2023-04-07,0.61328125,0.48828125,0.474609375,0.634765625,0.5649783925862697,0.48828320279300197,0.5130426122946737,0.5083194209535955,0.2957759942781169,0.43588120378899764
hotel_35,2023-05-04,2023-04-07,0.578125,0.48828125,0.5078125,0.5078125,0.5239331338444682,0.48828320279300197,0.4999731716100824,0.4719981025385324,0.289008219341915,0.4418022205531423
hotel_35,2023-05-05,2023-04-07,0.669921875,0.48828125,0.48828125,0.474609375,0.48896796182663194,0.48828320279300197,0.4882820335485059,0.45019663673856347,0.2863400346103974,0.4504697280504889
hotel_35,2023-05-06,2023-05-05,0.615234375,0.669921875,0.880859375,0.5078125,0.6416019952011589,0.6699126956642519,0.6335239759083825,0.6979180326498876,0.6534811045857571,0.6853686619864607
hotel_35,2023-05-07,2023-05-05,0.5703125,0.669921875,0.923828125,0.48828125,0.6305287643638189,0.6699126956642519,0.6036932125137824,0.7237303256193968,0.6418258657777718,0.6749995326990124
hotel_35,2023-05-08,2023-05-05,0.630859375,0.669921875,0.830078125,0.50390625,0.6945848562478794,0.6699126956642519,0.6524916535087159,0.7272910318325059,0.6676166757598633,0.6557631393370883
hotel_35,2023-05-09,2023-05-05,0.697265625,0.669921875,0.802734375,0.443359375,0.751109053475638,0.6699126956642519,0.6824896708115995,0.6941542341227502,0.6809058268283141,0.6314693133953548
hotel_35,2023-05-10,2023-05-05,0.79296875,0.669921875,0.61328125,0.548828125,0.7532203838000598,0.6699126956642519,0.6883041111327569,0.688099063211325,0.6679376608312969,0.6409627975117483
hotel_35,2023-05-11,2023-05-05,0.806640625,0.669921875,0.578125,0.640625,0.7215074439314153,0.6699126956642519,0.6700029234422785,0.693453370452432,0.6519842985298344,0.6649540205925276
hotel_35,2023-05-12,2023-05-05,0.759765625,0.669921875,0.669921875,0.826171875,0.6866542572631853,0.6699126956642519,0.6699126864575474,0.7182369133201686,0.6562645617235275,0.7039524144259365
hotel_35,2023-05-13,2023-05-05,0.8515625,0.669921875,0.880859375,0.880859375,0.6416019952011589,0.6699126956642519,0.6335239759083825,0.7293010198164095,0.6413992617928534,0.7196663272038027
hotel_35,2023-05-14,2023-05-05,0.802734375,0.669921875,0.923828125,0.8203125,0.6305287643638189,0.6699126956642519,0.6036932125137824,0.7287076341585298,0.6308609101050129,0.7074601837896558
hotel_35,2023-05-15,2023-05-05,0.833984375,0.669921875,0.830078125,0.681640625,0.6945848562478794,0.6699126956642519,0.6524916535087159,0.7142600015210228,0.654180262919932,0.6765186862124839
hotel_35,2023-05-16,2023-05-05,0.884765625,0.669921875,0.802734375,0.65234375,0.751109053475638,0.6699126956642519,0.6824896708115995,0.7230121725781659,0.6661959538808266,0.6593704467626774
hotel_35,2023-05-17,2023-05-05,0.76953125,0.669921875,0.61328125,0.72265625,0.7532203838000598,0.6699126956642519,0.6883041111327569,0.7244277378240762,0.6544704889397539,0.6648229911976409
hotel_35,2023-05-18,2023-05-05,0.73046875,0.669921875,0.578125,0.845703125,0.7215074439314153,0.6699126956642519,0.6700029234422785,0.7571904613067472,0.6400458902415991,0.6884972514408053
hotel_35,2023-05-19,2023-05-05,0.658203125,0.669921875,0.669921875,0.890625,0.6866542572631853,0.6699126956642519,0.6699126864575474,0.7743545567525808,0.6439159884519209,0.7078630420163108
hotel_35,2023-05-20,2023-05-05,0.6328125,0.669921875,0.880859375,0.88671875,0.6416019952011589,0.6699126956642519,0.6335239759083825,0.783027903703892,0.630475186320321,0.7154290200999935
hotel_35,2023-05-21,2023-05-05,0.556640625,0.669921875,0.923828125,0.806640625,0.6305287643638189,0.6699126956642519,0.6036932125137824,0.8027934374952034,0.6209466937577728,0.7029564525372118
hotel_35,2023-05-22,2023-05-05,0.681640625,0.669921875,0.830078125,0.640625,0.6945848562478794,0.6699126956642519,0.6524916535087159,0.7662410933507559,0.6420314218482932,0.6729230364801599
hotel_35,2023-05-23,2023-05-05,0.669921875,0.669921875,0.802734375,0.63671875,0.751109053475638,0.6699126956642519,0.6824896708115995,0.7973433345184512,0.6528956846235492,0.6615194743182513
hotel_35,2023-05-24,2023-05-05,0.6796875,0.669921875,0.61328125,0.828125,0.7532203838000598,0.6699126956642519,0.6883041111327569,0.8071687960066064,0.6422938363655959,0.6801661192752007
hotel_35,2023-05-25,2023-05-05,0.591796875,0.669921875,0.578125,0.806640625,0.7215074439314153,0.6699126956642519,0.6700029234422785,0.7873159546232815,0.6292515043686766,0.68532893942972
hotel_35,2023-05-26,2023-05-05,0.568359375,0.669921875,0.669921875,0.84765625,0.6866542572631853,0.6699126956642519,0.6699126864575474,0.7775357602937039,0.6327507424948754,0.7009275242546192
hotel_35,2023-05-27,2023-05-05,0.515625,0.669921875,0.880859375,0.76953125,0.6416019952011589,0.6699126956642519,0.6335239759083825,0.7765082274782786,0.6205979327444281,0.6989239112021369
hotel_35,2023-05-28,2023-05-05,0.6015625,0.669921875,0.923828125,0.78125,0.6305287643638189,0.6699126956642519,0.6036932125137824,0.7696517039589444,0.6119825274890413,0.6977587779825891
hotel_35,2023-05-29,2023-05-05,0.654296875,0.669921875,0.830078125,0.880859375,0.6945848562478794,0.6699126956642519,0.6524916535087159,0.7915752904007539,0.6310467683442489,0.6996225508237934
hotel_35,2023-05-30,2023-05-05,0.63671875,0.669921875,0.802734375,0.923828125,0.751109053475638,0.6699126956642519,0.6824896708115995,0.8246794908726859,0.6408699408970344,0.6956903294028458
hotel_35,2023-05-31,2023-05-05,0.529296875,0.669921875,0.61328125,0.830078125,0.7532203838000598,0.6699126956642519,0.6883041111327569,0.7855660011128707,0.6312840364531989,0.6833865527271912
hotel_35,2023-06-01,2023-05-05,0.53125,0.669921875,0.578125,0.802734375,0.7215074439314153,0.6699126956642519,0.6700029234422785,0.758971323996706,0.6194915126210022,0.6858672366859158
hotel_35,2023-06-02,2023-05-05,0.55078125,0.669921875,0.669921875,0.61328125,0.6866542572631853,0.6699126956642519,0.6699126864575474,0.7176007200846839,0.6226554290898881,0.6737663260864327
hotel_35,2023-06-03,2023-06-02,0.533203125,0.55078125,0.515625,0.578125,0.5229484063078094,0.5507792968555761,0.534328536201795,0.5102109089108261,0.5381670586237031,0.564300536100028
hotel_35,2023-06-04,2023-06-02,0.568359375,0.55078125,0.6015625,0.669921875,0.5068543749575442,0.5507792968555761,0.5241556663261904,0.5077470037156959,0.5299888085912816,0.5994438023394205
hotel_35,2023-06-05,2023-06-02,0.60546875,0.55078125,0.654296875,0.615234375,0.5720222699067338,0.5507792968555761,0.5866391443157167,0.5114564172200537,0.5704549794414192,0.6057962226028962
hotel_35,2023-06-06,2023-06-02,0.595703125,0.55078125,0.63671875,0.5703125,0.6117736796790747,0.5507792968555761,0.6095229167197574,0.5312400300173956,0.5809117305655382,0.5946063975104756
hotel_35,2023-06-07,2023-06-02,0.65625,0.55078125,0.529296875,0.630859375,0.6077387983316962,0.5507792968555761,0.5852037999795282,0.5454035092116232,0.5576492813561517,0.5815892969147677
hotel_35,2023-06-08,2023-06-02,0.654296875,0.55078125,0.53125,0.697265625,0.5874570023570584,0.5507792968555761,0.5613005803078183,0.5269904601353597,0.5393713040830811,0.5719612511049672
hotel_35,2023-06-09,2023-06-02,0.705078125,0.55078125,0.55078125,0.79296875,0.5545927122659294,0.5507792968555761,0.5507782443829272,0.5401496058190469,0.5302040903872457,0.5785311009232099
hotel_35,2023-06-10,2023-06-02,0.587890625,0.55078125,0.515625,0.806640625,0.5229484063078094,0.5507792968555761,0.534328536201795,0.5472073526258346,0.5185861528309728,0.5919858104030281
hotel_35,2023-06-11,2023-06-02,0.599609375,0.55078125,0.6015625,0.759765625,0.5068543749575442,0.5507792968555761,0.5241556663261904,0.5687714142000492,0.5110538112514087,0.6028758017861865
hotel_35,2023-06-12,2023-06-02,0.70703125,0.55078125,0.654296875,0.8515625,0.5720222699067338,0.5507792968555761,0.5866391443157167,0.594729607702829,0.54832401209534,0.6241172636677048
hotel_35,2023-06-13,2023-06-02,0.78125,0.55078125,0.63671875,0.802734375,0.6117736796790747,0.5507792968555761,0.6095229167197574,0.5874367537050539,0.5579549014625161,0.6140313381066773
hotel_35,2023-06-14,2023-06-02,0.8359375,0.55078125,0.529296875,0.833984375,0.6077387983316962,0.5507792968555761,0.5852037999795282,0.5769628453631819,0.5365296928020175,0.6034567577658222
hotel_35,2023-06-15,2023-06-02,0.83203125,0.55078125,0.53125,0.884765625,0.5874570023570584,0.5507792968555761,0.5613005803078183,0.5913789111673211,0.5196952884174021,0.5950176233826063
hotel_35,2023-06-16,2023-06-02,0.693359375,0.55078125,0.55078125,0.76953125,0.5545927122659294,0.5507792968555761,0.5507782443829272,0.5798640571391261,0.5112520903473811,0.577706652060296
hotel_35,2023-06-17,2023-06-02,0.630859375,0.55078125,0.515625,0.73046875,0.5229484063078094,0.5507792968555761,0.534328536201795,0.6049848525967322,0.5005517236702837,0.5820952976840554
hotel_35,2023-06-18,2023-06-02,0.56640625,0.55078125,0.6015625,0.658203125,0.5068543749575442,0.5507792968555761,0.5241556663261904,0.614699561795315,0.49361427746280556,0.5886070832996987
hotel_35,2023-06-19,2023-06-02,0.619140625,0.55078125,0.654296875,0.6328125,0.5720222699067338,0.5507792968555761,0.5866391443157167,0.6164217039545316,0.5279409222074058,0.5942444797146409
hotel_35,2023-06-20,2023-06-02,0.58203125,0.55078125,0.63671875,0.556640625,0.6117736796790747,0.5507792968555761,0.6095229167197574,0.6170980500336974,0.5368111753961657,0.5817724344926631
hotel_35,2023-06-21,2023-06-02,0.59375,0.55078125,0.529296875,0.681640625,0.6077387983316962,0.5507792968555761,0.5852037999795282,0.6007217499366354,0.5170781042129009,0.5856849484995744
hotel_35,2023-06-22,2023-06-02,0.77734375,0.55078125,0.53125,0.669921875,0.5874570023570584,0.5507792968555761,0.5613005803078183,0.6267385233246918,0.5015732610483188,0.572488638359549
hotel_35,2023-06-23,2023-06-02,0.859375,0.55078125,0.55078125,0.6796875,0.5545927122659294,0.5507792968555761,0.5507782443829272,0.6539496121357923,0.4937968967117929,0.5690058906039765
hotel_35,2023-06-24,2023-06-02,0.72265625,0.55078125,0.515625,0.591796875,0.5229484063078094,0.5507792968555761,0.534328536201795,0.6171825579061395,0.4839416322580331,0.5675518245459349
hotel_35,2023-06-25,2023-06-02,0.7421875,0.55078125,0.6015625,0.568359375,0.5068543749575442,0.5507792968555761,0.5241556663261904,0.6078094449517827,0.47755209729426723,0.5768315788217054
hotel_35,2023-06-26,2023-06-02,0.8359375,0.55078125,0.654296875,0.515625,0.5720222699067338,0.5507792968555761,0.5866391443157167,0.594983376324949,0.5091676644964993,0.5785299351070103
hotel_35,2023-06-27,2023-06-02,0.919921875,0.55078125,0.63671875,0.6015625,0.6117736796790747,0.5507792968555761,0.6095229167197574,0.6063070454465204,0.5173373556468167,0.584993975784809
hotel_35,2023-06-28,2023-06-02,0.89453125,0.55078125,0.529296875,0.654296875,0.6077387983316962,0.5507792968555761,0.5852037999795282,0.634225598661229,0.4991627789370124,0.5789802316044547
hotel_35,2023-06-29,2023-06-02,0.8046875,0.55078125,0.53125,0.63671875,0.5874570023570584,0.5507792968555761,0.5613005803078183,0.6636417730865244,0.4848824898299034,0.5666825296093277
hotel_35,2023-06-30,2023-06-02,0.6953125,0.55078125,0.55078125,0.529296875,0.5545927122659294,0.5507792968555761,0.5507782443829272,0.6128065873238815,0.4777202934923441,0.5536607965937758
hotel_42,2023-02-11,2023-02-10,0.6639676113360324,0.4777327935222672,0.7651821862348178,0.7854251012145749,0.6235580385678599,0.48200909901895195,0.6555431284987684,0.47423949240109403,0.6258783461263262,0.5501110671083719
hotel_42,2023-02-12,2023-02-10,0.4089068825910931,0.4777327935222672,0.22267206477732793,0.7813765182186235,0.2665694395533351,0.48200909901895195,0.20209809148046193,0.5686525936477712,0.41069727239013903,0.6026753928949736
hotel_42,2023-02-13,2023-02-10,0.24696356275303644,0.4777327935222672,0.3684210526315789,0.9352226720647774,0.33992249330121327,0.48200909901895195,0.2748198833856566,0.582174303066576,0.4806346906491727,0.5965842803588075
hotel_42,2023-02-14,2023-02-10,0.5344129554655871,0.4777327935222672,0.4979757085020243,0.12955465587044535,0.43097463465133334,0.48200909901895195,0.24597294488810492,0.37815684718104325,0.5057353467264357,0.6960791450916182
hotel_42,2023-02-15,2023-02-10,0.4008097165991903,0.4777327935222672,0.41295546558704455,0.145748987854251,0.4202499145835179,0.48200909901895195,0.32959162005357767,0.45451671165694635,0.6074131216859256,0.6920004780603436
hotel_42,2023-02-16,2023-02-10,0.30364372469635625,0.4777327935222672,0.5222672064777328,0.2550607287449393,0.4361481068762222,0.48200909901895195,0.45440359454952317,0.4206355648283262,0.6950742336520094,0.6882124767953134
hotel_42,2023-02-17,2023-02-10,0.41700404858299595,0.4777327935222672,0.4777327935222672,0.3603238866396761,0.5178820283064579,0.48200909901895195,0.5282807275428193,0.41171372251132726,0.5837084506929877,0.6737073477165967
hotel_42,2023-02-18,2023-02-10,0.7651821862348178,0.4777327935222672,0.7651821862348178,0.4534412955465587,0.6235580385678599,0.48200909901895195,0.6555431284987684,0.4605656728072028,0.6724095256497042,0.6684162581627936
hotel_42,2023-02-19,2023-02-10,0.4534412955465587,0.4777327935222672,0.22267206477732793,0.8866396761133604,0.2665694395533351,0.48200909901895195,0.20209809148046193,0.39588669043964053,0.472621873055325,0.6209082828916186
hotel_42,2023-02-20,2023-02-10,0.8704453441295547,0.4777327935222672,0.3684210526315789,0.9919028340080972,0.33992249330121327,0.48200909901895195,0.2748198833856566,0.3893219160525318,0.52863049646767,0.6128852985278646
hotel_42,2023-02-21,2023-02-10,1.008097165991903,0.4777327935222672,0.4979757085020243,0.5870445344129555,0.43097463465133334,0.48200909901895195,0.24597294488810492,0.31695731115355685,0.5714874817675563,0.6522479361228809
hotel_42,2023-02-22,2023-02-10,0.9838056680161943,0.4777327935222672,0.41295546558704455,0.562753036437247,0.4202499145835179,0.48200909901895195,0.32959162005357767,0.4006770437383832,0.5653972592037589,0.6566486235597346
hotel_42,2023-02-23,2023-02-10,0.6032388663967612,0.4777327935222672,0.5222672064777328,0.46963562753036436,0.4361481068762222,0.48200909901895195,0.45440359454952317,0.4255044886270126,0.6139336505911783,0.6646418247549852
hotel_42,2023-02-24,2023-02-10,0.3076923076923077,0.4777327935222672,0.4777327935222672,0.4008097165991903,0.5178820283064579,0.48200909901895195,0.5282807275428193,0.45459043159568485,0.5800652309501468,0.6730342444816648
hotel_42,2023-02-25,2023-02-10,0.4534412955465587,0.4777327935222672,0.7651821862348178,0.7004048582995951,0.6235580385678599,0.48200909901895195,0.6555431284987684,0.42503318092681125,0.6402319134760504,0.6411665483396487
hotel_42,2023-02-26,2023-02-10,0.47368421052631576,0.4777327935222672,0.22267206477732793,0.8825910931174089,0.2665694395533351,0.48200909901895195,0.20209809148046193,0.5626859239134205,0.5396203625071196,0.6233834682847943
hotel_42,2023-02-27,2023-02-10,0.757085020242915,0.4777327935222672,0.3684210526315789,0.8866396761133604,0.33992249330121327,0.48200909901895195,0.2748198833856566,0.41679465624009493,0.5706577481313253,0.6221947591896063
hotel_42,2023-02-28,2023-02-10,0.9271255060728745,0.4777327935222672,0.4979757085020243,0.2793522267206478,0.43097463465133334,0.48200909901895195,0.24597294488810492,0.3566593320777711,0.5860372723272502,0.685203395092199
hotel_42,2023-03-01,2023-02-10,0.9635627530364372,0.4777327935222672,0.41295546558704455,0.3360323886639676,0.4202499145835179,0.48200909901895195,0.32959162005357767,0.4262743334359833,0.6148528305876546,0.6788416816999248
hotel_42,2023-03-02,2023-02-10,0.9271255060728745,0.4777327935222672,0.5222672064777328,0.30364372469635625,0.4361481068762222,0.48200909901895195,0.45440359454952317,0.38734141734572736,0.6497185188360284,0.6826206612247628
hotel_42,2023-03-03,2023-02-10,0.8502024291497976,0.4777327935222672,0.4777327935222672,0.6882591093117408,0.5178820283064579,0.48200909901895195,0.5282807275428193,0.435349836858828,0.6106035226958999,0.6427461570262328
hotel_42,2023-03-04,2023-02-10,0.9311740890688259,0.4777327935222672,0.7651821862348178,0.9109311740890689,0.6235580385678599,0.48200909901895195,0.6555431284987684,0.37629633749161817,0.6479426827966472,0.6201974627870434
hotel_42,2023-03-05,2023-02-10,0.631578947368421,0.4777327935222672,0.22267206477732793,0.5587044534412956,0.2665694395533351,0.48200909901895195,0.20209809148046193,0.3708821179466869,0.5703453391972247,0.6561017116799575
hotel_42,2023-03-06,2023-02-10,0.41700404858299595,0.4777327935222672,0.3684210526315789,0.7651821862348178,0.33992249330121327,0.48200909901895195,0.2748198833856566,0.3877038551368691,0.5926267169843221,0.6351208568847168
hotel_42,2023-03-07,2023-02-10,1.0040485829959513,0.4777327935222672,0.4979757085020243,0.22267206477732793,0.43097463465133334,0.48200909901895195,0.24597294488810492,0.3971747911610678,0.6081165018980251,0.6906445726358473
hotel_42,2023-03-08,2023-02-10,1.008097165991903,0.4777327935222672,0.41295546558704455,0.3684210526315789,0.4202499145835179,0.48200909901895195,0.32959162005357767,0.5169032688326116,0.6116919339209109,0.6758332599746633
hotel_42,2023-03-09,2023-02-10,0.6437246963562753,0.4777327935222672,0.5222672064777328,0.4979757085020243,0.4361481068762222,0.48200909901895195,0.45440359454952317,0.5594777942147802,0.6324856294170307,0.6623994837166567
hotel_42,2023-03-10,2023-02-10,0.3360323886639676,0.4777327935222672,0.4777327935222672,0.41295546558704455,0.5178820283064579,0.48200909901895195,0.5282807275428193,0.5584493296191371,0.61522075665802,0.6712388609100451
hotel_42,2023-03-11,2023-03-10,0.8421052631578947,0.3360323886639676,0.9311740890688259,0.5222672064777328,0.6176831564546014,0.6603168752113454,0.6550602296110386,0.6889705506606093,0.5062549299844015,0.5012899628184654
hotel_42,2023-03-12,2023-03-10,0.20647773279352227,0.3360323886639676,0.631578947368421,0.4777327935222672,0.27022447626510415,0.6603168752113454,0.31713052444502976,0.6545301477189327,0.5380032733137123,0.6106313476863957
hotel_42,2023-03-13,2023-03-10,0.24696356275303644,0.3360323886639676,0.41700404858299595,0.6639676113360324,0.34421701077815314,0.6603168752113454,0.3944057253625537,0.6803494918773294,0.6111133300733443,0.6013790892626734
hotel_42,2023-03-14,2023-03-10,0.4534412955465587,0.3360323886639676,1.0040485829959513,0.4089068825910931,0.44820732371729166,0.6603168752113454,0.5870322082235757,0.7230783694135317,0.7846746167311215,0.6489297317520899
hotel_42,2023-03-15,2023-03-10,0.3805668016194332,0.3360323886639676,1.008097165991903,0.24696356275303644,0.43615781696126077,0.6603168752113454,0.5980477029535445,0.7172150827165672,0.8010090699533421,0.649284300315197
hotel_42,2023-03-16,2023-03-10,0.8421052631578947,0.3360323886639676,0.6437246963562753,0.5344129554655871,0.43628451841275817,0.6603168752113454,0.5305570652275814,0.5621703895674347,0.7231524362779824,0.7030089544863003
hotel_42,2023-03-17,2023-03-10,0.9959514170040485,0.3360323886639676,0.3360323886639676,0.4008097165991903,0.5042436180430786,0.6603168752113454,0.43271040474828154,0.612404287142487,0.6432750930034733,0.6942611666317136
hotel_42,2023-03-18,2023-03-10,0.9352226720647774,0.3360323886639676,0.9311740890688259,0.30364372469635625,0.6176831564546014,0.6603168752113454,0.6550602296110386,0.5612345151495338,0.6992292472223904,0.7281006391183793
hotel_42,2023-03-19,2023-03-10,0.47368421052631576,0.3360323886639676,0.631578947368421,0.41700404858299595,0.27022447626510415,0.6603168752113454,0.31713052444502976,0.5712467919439512,0.6195782489994732,0.7025541522622336
hotel_42,2023-03-20,2023-03-10,0.5344129554655871,0.3360323886639676,0.41700404858299595,0.7651821862348178,0.34421701077815314,0.6603168752113454,0.3944057253625537,0.6602690014825398,0.5720907321790707,0.6589282523786587
hotel_42,2023-03-21,2023-03-10,0.5587044534412956,0.3360323886639676,1.0040485829959513,0.4534412955465587,0.44820732371729166,0.6603168752113454,0.5870322082235757,0.5666956383843319,0.7733619501245904,0.6787700882044782
hotel_42,2023-03-22,2023-03-10,0.5141700404858299,0.3360323886639676,1.008097165991903,0.8704453441295547,0.43615781696126077,0.6603168752113454,0.5980477029535445,0.6219116263254819,0.7776425520067162,0.6268701459201342
hotel_42,2023-03-23,2023-03-10,0.43724696356275305,0.3360323886639676,0.6437246963562753,1.008097165991903,0.43628451841275817,0.6603168752113454,0.5305570652275814,0.5716231718241083,0.6584236684453856,0.6393210870092171
hotel_42,2023-03-24,2023-03-10,0.6963562753036437,0.3360323886639676,0.3360323886639676,0.9838056680161943,0.5042436180430786,0.6603168752113454,0.43271040474828154,0.6389766166722751,0.5550553035844732,0.6348024849584838
hotel_42,2023-03-25,2023-03-10,0.9919028340080972,0.3360323886639676,0.9311740890688259,0.6032388663967612,0.6176831564546014,0.6603168752113454,0.6550602296110386,0.5883274129054435,0.614484278140841,0.6832233453541385
hotel_42,2023-03-26,2023-03-10,0.9676113360323887,0.3360323886639676,0.631578947368421,0.3076923076923077,0.27022447626510415,0.6603168752113454,0.31713052444502976,0.5910979578727652,0.6083994474728923,0.7016736925218017
hotel_42,2023-03-27,2023-03-10,1.0040485829959513,0.3360323886639676,0.41700404858299595,0.4534412955465587,0.34421701077815314,0.6603168752113454,0.3944057253625537,0.5846315802855526,0.6202934366561692,0.6828592525753452
hotel_42,2023-03-28,2023-03-10,0.8987854251012146,0.3360323886639676,1.0040485829959513,0.47368421052631576,0.44820732371729166,0.6603168752113454,0.5870322082235757,0.7226759500594653,0.7083734197037248,0.6406584725968872
hotel_42,2023-03-29,2023-03-10,0.562753036437247,0.3360323886639676,1.008097165991903,0.757085020242915,0.43615781696126077,0.6603168752113454,0.5980477029535445,0.6304830445866104,0.7138686617794833,0.6331937879682713
hotel_42,2023-03-30,2023-03-10,0.4939271255060729,0.3360323886639676,0.6437246963562753,0.9271255060728745,0.43628451841275817,0.6603168752113454,0.5305570652275814,0.6036204390379091,0.6688435398446871,0.6453548012950151
hotel_42,2023-03-31,2023-03-10,0.3643724696356275,0.3360323886639676,0.3360323886639676,0.9635627530364372,0.5042436180430786,0.6603168752113454,0.43271040474828154,0.6739877473882605,0.6262603735145555,0.6231460968963206
hotel_42,2023-04-01,2023-03-10,1.008097165991903,0.3360323886639676,0.9311740890688259,0.9271255060728745,0.6176831564546014,0.6603168752113454,0.6550602296110386,0.6211142319369435,0.6536160278691552,0.6485189184135579
hotel_42,2023-04-02,2023-03-10,0.31983805668016196,0.3360323886639676,0.631578947368421,0.8502024291497976,0.27022447626510415,0.6603168752113454,0.31713052444502976,0.6562088891814916,0.6296383064337391,0.6381003601546531
hotel_42,2023-04-03,2023-03-10,0.5020242914979757,0.3360323886639676,0.41700404858299595,0.9311740890688259,0.34421701077815314,0.6603168752113454,0.3944057253625537,0.617846276351924,0.6183010930179884,0.6291360730178218
hotel_42,2023-04-04,2023-03-10,0.9595141700404858,0.3360323886639676,1.0040485829959513,0.631578947368421,0.44820732371729166,0.6603168752113454,0.5870322082235757,0.5664426906037929,0.6927469176197867,0.6722354988836275
hotel_42,2023-04-05,2023-03-10,0.728744939271255,0.3360323886639676,1.008097165991903,0.41700404858299595,0.43615781696126077,0.6603168752113454,0.5980477029535445,0.5427279107328182,0.6950205056226478,0.6861291371170577
hotel_42,2023-04-06,2023-03-10,0.6882591093117408,0.3360323886639676,0.6437246963562753,1.0040485829959513,0.43628451841275817,0.6603168752113454,0.5305570652275814,0.6449119627303975,0.6522861921598593,0.6355182868744071
hotel_42,2023-04-07,2023-03-10,0.5060728744939271,0.3360323886639676,0.3360323886639676,1.008097165991903,0.5042436180430786,0.6603168752113454,0.43271040474828154,0.7436698093381928,0.614558058776312,0.6083763088517776
hotel_42,2023-04-08,2023-04-07,0.26720647773279355,0.5060728744939271,1.008097165991903,0.6437246963562753,0.7251467989205168,0.6441411587680405,0.8394398857586596,0.7187912414563786,0.7430830390729464,0.6444469581402129
hotel_42,2023-04-09,2023-04-07,0.12955465587044535,0.5060728744939271,0.31983805668016196,0.3360323886639676,0.37083728428387797,0.6441411587680405,0.47378737824284733,0.6719972121916535,0.6430637572082347,0.6444143182947265
hotel_42,2023-04-10,2023-04-07,0.2631578947368421,0.5060728744939271,0.5020242914979757,0.8421052631578947,0.4443570467969137,0.6441411587680405,0.552690462632185,0.6969633760399869,0.7042174633107127,0.6375949679260511
hotel_42,2023-04-11,2023-04-07,0.3360323886639676,0.5060728744939271,0.9595141700404858,0.20647773279352227,0.5511916725991541,0.6441411587680405,0.7617823136054003,0.5703951644148392,0.7705668963574887,0.6971282379545283
hotel_42,2023-04-12,2023-04-07,0.5182186234817814,0.5060728744939271,0.728744939271255,0.24696356275303644,0.5291169250098472,0.6441411587680405,0.6482365567453952,0.6023631945807285,0.6362875664444245,0.7073990003253314
hotel_42,2023-04-13,2023-04-07,0.6558704453441295,0.5060728744939271,0.6882591093117408,0.4534412955465587,0.5348159804816088,0.6441411587680405,0.601907541462834,0.6632448672077798,0.6105471951302547,0.6662494461799118
hotel_42,2023-04-14,2023-04-07,0.8218623481781376,0.5060728744939271,0.5060728744939271,0.3805668016194332,0.5984641148465754,0.6441411587680405,0.5449111822680127,0.6528272315207225,0.5400916327879022,0.703471934329166
hotel_42,2023-04-15,2023-04-07,0.8380566801619433,0.5060728744939271,1.008097165991903,0.8421052631578947,0.7251467989205168,0.6441411587680405,0.8394398857586596,0.5811313529886154,0.7621897641247805,0.6511521514414966
hotel_42,2023-04-16,2023-04-07,0.6882591093117408,0.5060728744939271,0.31983805668016196,0.9959514170040485,0.37083728428387797,0.6441411587680405,0.47378737824284733,0.6508116335774639,0.5547594526373579,0.6456056600624777
hotel_42,2023-04-17,2023-04-07,0.9595141700404858,0.5060728744939271,0.5020242914979757,0.9352226720647774,0.4443570467969137,0.6441411587680405,0.552690462632185,0.5852085663723113,0.6164467677413794,0.6587924852517983
hotel_42,2023-04-18,2023-04-07,0.8825910931174089,0.5060728744939271,0.9595141700404858,0.47368421052631576,0.5511916725991541,0.6441411587680405,0.7617823136054003,0.5318797170520109,0.7543461979015393,0.7183171735342391
hotel_42,2023-04-19,2023-04-07,0.9838056680161943,0.5060728744939271,0.728744939271255,0.5344129554655871,0.5291169250098472,0.6441411587680405,0.6482365567453952,0.6167011207705146,0.6651916877861582,0.6659600646302403
hotel_42,2023-04-20,2023-04-07,0.9352226720647774,0.5060728744939271,0.6882591093117408,0.5587044534412956,0.5348159804816088,0.6441411587680405,0.601907541462834,0.5493530434142319,0.6491268581366251,0.6877817415880937
hotel_42,2023-04-21,2023-04-07,0.6356275303643725,0.5060728744939271,0.5060728744939271,0.5141700404858299,0.5984641148465754,0.6441411587680405,0.5449111822680127,0.6008800107217993,0.5856529916466101,0.6476427021668298
hotel_42,2023-04-22,2023-04-07,0.8340080971659919,0.5060728744939271,1.008097165991903,0.43724696356275305,0.7251467989205168,0.6441411587680405,0.8394398857586596,0.543894022378423,0.69359195968271,0.6746270781254643
hotel_42,2023-04-23,2023-04-07,0.5060728744939271,0.5060728744939271,0.31983805668016196,0.6963562753036437,0.37083728428387797,0.6441411587680405,0.47378737824284733,0.6385555297196769,0.625932287682854,0.6299854065561686
hotel_42,2023-04-24,2023-04-07,0.7894736842105263,0.5060728744939271,0.5020242914979757,0.9919028340080972,0.4443570467969137,0.6441411587680405,0.552690462632185,0.6229983306810231,0.6546347435483124,0.6300638859755485
hotel_42,2023-04-25,2023-04-07,0.9352226720647774,0.5060728744939271,0.9595141700404858,0.9676113360323887,0.5511916725991541,0.6441411587680405,0.7617823136054003,0.6314345512284073,0.6995757348478878,0.64180120893889
hotel_42,2023-04-26,2023-04-07,1.0,0.5060728744939271,0.728744939271255,1.0040485829959513,0.5291169250098472,0.6441411587680405,0.6482365567453952,0.6326405434114811,0.6455539895153836,0.6274243748912918
hotel_42,2023-04-27,2023-04-07,1.0161943319838056,0.5060728744939271,0.6882591093117408,0.8987854251012146,0.5348159804816088,0.6441411587680405,0.601907541462834,0.7488729030038002,0.6353978062924557,0.6084099272598009
hotel_42,2023-04-28,2023-04-07,0.951417004048583,0.5060728744939271,0.5060728744939271,0.562753036437247,0.5984641148465754,0.6441411587680405,0.5449111822680127,0.6204424284713005,0.6038066579236939,0.6510799021589726
hotel_42,2023-04-29,2023-04-07,0.7044534412955465,0.5060728744939271,1.008097165991903,0.4939271255060729,0.7251467989205168,0.6441411587680405,0.8394398857586596,0.588032086765594,0.6854737067423893,0.6666617769503667
hotel_42,2023-04-30,2023-04-07,0.44129554655870445,0.5060728744939271,0.31983805668016196,0.3643724696356275,0.37083728428387797,0.6441411587680405,0.47378737824284733,0.6318768816601978,0.6156461131078519,0.6702995641603864
hotel_42,2023-05-01,2023-04-07,0.7004048582995951,0.5060728744939271,0.5020242914979757,1.008097165991903,0.4443570467969137,0.6441411587680405,0.552690462632185,0.6763227285845801,0.6380805943445657,0.5999843444837529
hotel_42,2023-05-02,2023-04-07,0.9149797570850202,0.5060728744939271,0.9595141700404858,0.31983805668016196,0.5511916725991541,0.6441411587680405,0.7617823136054003,0.6019077662325351,0.6844942986668463,0.6866450365497554
hotel_42,2023-05-03,2023-04-07,0.9554655870445344,0.5060728744939271,0.728744939271255,0.5020242914979757,0.5291169250098472,0.6441411587680405,0.6482365567453952,0.6057055306967747,0.6496323705622513,0.6545867233962611
hotel_42,2023-05-04,2023-04-07,0.8461538461538461,0.5060728744939271,0.6882591093117408,0.9595141700404858,0.5348159804816088,0.6441411587680405,0.601907541462834,0.6329487317329695,0.6432685216779715,0.6245408666277767
hotel_42,2023-05-05,2023-04-07,0.9919028340080972,0.5060728744939271,0.5060728744939271,0.728744939271255,0.5984641148465754,0.6441411587680405,0.5449111822680127,0.5733132223279733,0.619784250197504,0.6646620252634885
hotel_42,2023-05-06,2023-05-05,0.9878542510121457,0.9919028340080972,0.7044534412955465,0.6882591093117408,1.0870937301235066,0.8890934653676328,1.0158025713989989,0.9308289723115587,0.8720092257974315,0.8192541037656762
hotel_42,2023-05-07,2023-05-05,0.4534412955465587,0.9919028340080972,0.44129554655870445,0.5060728744939271,0.7378982212442208,0.8890934653676328,0.7095946401997175,0.9836162543515641,0.6413738848100953,0.6850948919969904
hotel_42,2023-05-08,2023-05-05,0.8947368421052632,0.9919028340080972,0.7004048582995951,0.26720647773279355,0.8211733534470943,0.8890934653676328,0.8817779482492936,0.9092288129934059,0.7252586518774572,0.7368454043492666
hotel_42,2023-05-09,2023-05-05,0.951417004048583,0.9919028340080972,0.9149797570850202,0.12955465587044535,0.925202775868906,0.8890934653676328,1.0041489361486524,0.8450346629098149,0.7880700907424163,0.732101647282171
hotel_42,2023-05-10,2023-05-05,0.5384615384615384,0.9919028340080972,0.9554655870445344,0.2631578947368421,0.9020413583159788,0.8890934653676328,0.9876226688997894,0.8943261290962817,0.8056933652064989,0.6991258069089171
hotel_42,2023-05-11,2023-05-05,0.44129554655870445,0.9919028340080972,0.8461538461538461,0.3360323886639676,0.9099314622932293,0.8890934653676328,0.9774903464772032,0.782691138756092,0.7855972178292636,0.7303420528239639
hotel_42,2023-05-12,2023-05-05,0.5910931174089069,0.9919028340080972,0.9919028340080972,0.5182186234817814,0.9746919229812248,0.8890934653676328,0.9467604981364048,0.8432674322668909,0.796158905965866,0.7093320473654623
hotel_42,2023-05-13,2023-05-05,0.7044534412955465,0.9919028340080972,0.7044534412955465,0.6558704453441295,1.0870937301235066,0.8890934653676328,1.0158025713989989,0.908106707206288,0.7086324210456824,0.6609934651573833
hotel_42,2023-05-14,2023-05-05,0.3319838056680162,0.9919028340080972,0.44129554655870445,0.8218623481781376,0.7378982212442208,0.8890934653676328,0.7095946401997175,0.9272182145152328,0.5956046486265707,0.6630230041999352
hotel_42,2023-05-15,2023-05-05,0.6234817813765182,0.9919028340080972,0.7004048582995951,0.8380566801619433,0.8211733534470943,0.8890934653676328,0.8817779482492936,0.87119845343704,0.6786246195476898,0.6401378169929448
hotel_42,2023-05-16,2023-05-05,0.8987854251012146,0.9919028340080972,0.9149797570850202,0.6882591093117408,0.925202775868906,0.8890934653676328,1.0041489361486524,0.9071454900859646,0.7461124117499208,0.648555197334993
hotel_42,2023-05-17,2023-05-05,0.9919028340080972,0.9919028340080972,0.9554655870445344,0.9595141700404858,0.9020413583159788,0.8890934653676328,0.9876226688997894,0.8816285554575093,0.7599646073529774,0.6307184285623175
hotel_42,2023-05-18,2023-05-05,0.9919028340080972,0.9919028340080972,0.8461538461538461,0.8825910931174089,0.9099314622932293,0.8890934653676328,0.9774903464772032,0.8251359165408857,0.7278828104424362,0.6758903722065668
hotel_42,2023-05-19,2023-05-05,1.0,0.9919028340080972,0.9919028340080972,0.9838056680161943,0.9746919229812248,0.8890934653676328,0.9467604981364048,0.9137938533495494,0.7674765697992263,0.6242444138124409
hotel_42,2023-05-20,2023-05-05,0.9878542510121457,0.9919028340080972,0.7044534412955465,0.9352226720647774,1.0870937301235066,0.8890934653676328,1.0158025713989989,0.8582242872468673,0.7195057062423469,0.6509467285971409
hotel_42,2023-05-21,2023-05-05,0.4534412955465587,0.9919028340080972,0.44129554655870445,0.6356275303643725,0.7378982212442208,0.8890934653676328,0.7095946401997175,0.8675682139230766,0.6380364143438703,0.658603323596091
hotel_42,2023-05-22,2023-05-05,0.6639676113360324,0.9919028340080972,0.7004048582995951,0.8340080971659919,0.8211733534470943,0.8890934653676328,0.8817779482492936,0.845870947897094,0.67585265518355,0.654565256328136
hotel_42,2023-05-23,2023-05-05,0.680161943319838,0.9919028340080972,0.9149797570850202,0.5060728744939271,0.925202775868906,0.8890934653676328,1.0041489361486524,0.8713172915776383,0.7052086381148707,0.6599242464051416
hotel_42,2023-05-24,2023-05-05,0.5668016194331984,0.9919028340080972,0.9554655870445344,0.7894736842105263,0.9020413583159788,0.8890934653676328,0.9876226688997894,0.892745238957462,0.7124524009308194,0.626566443998332
hotel_42,2023-05-25,2023-05-05,0.7044534412955465,0.9919028340080972,0.8461538461538461,0.9352226720647774,0.9099314622932293,0.8890934653676328,0.9774903464772032,0.9247474173986343,0.7010114469079957,0.6183713867730724
hotel_42,2023-05-26,2023-05-05,0.9959514170040485,0.9919028340080972,0.9919028340080972,1.0,0.9746919229812248,0.8890934653676328,0.9467604981364048,0.9389566622245726,0.7114641508836791,0.6022775856067407
hotel_42,2023-05-27,2023-05-05,1.0,0.9919028340080972,0.7044534412955465,1.0161943319838056,1.0870937301235066,0.8890934653676328,1.0158025713989989,1.0430809886690542,0.6795551148617275,0.576576808241589
hotel_42,2023-05-28,2023-05-05,0.9959514170040485,0.9919028340080972,0.44129554655870445,0.951417004048583,0.7378982212442208,0.8890934653676328,0.7095946401997175,0.9258205244733095,0.6345365168863712,0.6212624987745408
hotel_42,2023-05-29,2023-05-05,0.21862348178137653,0.9919028340080972,0.7004048582995951,0.7044534412955465,0.8211733534470943,0.8890934653676328,0.8817779482492936,0.8524527511706304,0.6633017762512091,0.6647105580479482
hotel_42,2023-05-30,2023-05-05,0.25101214574898784,0.9919028340080972,0.9149797570850202,0.44129554655870445,0.925202775868906,0.8890934653676328,1.0041489361486524,0.8430082878058618,0.6864148117472517,0.6945671167285237
hotel_42,2023-05-31,2023-05-05,0.27530364372469635,0.9919028340080972,0.9554655870445344,0.7004048582995951,0.9020413583159788,0.8890934653676328,0.9876226688997894,0.9252224940809907,0.6913968141521073,0.6192702429853802
hotel_42,2023-06-01,2023-05-05,0.30364372469635625,0.9919028340080972,0.8461538461538461,0.9149797570850202,0.9099314622932293,0.8890934653676328,0.9774903464772032,0.8786460255348985,0.6809005328241662,0.6484922744486947
hotel_42,2023-06-02,2023-05-05,0.5789473684210527,0.9919028340080972,0.9919028340080972,0.9554655870445344,0.9746919229812248,0.8890934653676328,0.9467604981364048,0.9004683324905545,0.6931383111404219,0.6258419866859273
hotel_42,2023-06-03,2023-06-02,0.6720647773279352,0.5789473684210527,1.0,0.8461538461538461,0.6235235371777318,0.4576902988887094,0.5028314688217038,0.5004575641703297,0.7082569639584242,0.5993768265772714
hotel_42,2023-06-04,2023-06-02,0.562753036437247,0.5789473684210527,0.9959514170040485,0.9919028340080972,0.2771541095301263,0.4576902988887094,0.19481887761744915,0.46614847681122445,0.6261966138074709,0.6223136194838245
hotel_42,2023-06-05,2023-06-02,0.7408906882591093,0.5789473684210527,0.21862348178137653,0.9878542510121457,0.3575462852718987,0.4576902988887094,0.31821097407603205,0.540739454823286,0.5512138774559379,0.6032341245843789
hotel_42,2023-06-06,2023-06-02,0.8623481781376519,0.5789473684210527,0.25101214574898784,0.4534412955465587,0.46404466213726625,0.4576902988887094,0.43315346327030946,0.4935904675308599,0.5714292710699421,0.6629989754953155
hotel_42,2023-06-07,2023-06-02,0.6761133603238867,0.5789473684210527,0.27530364372469635,0.8947368421052632,0.44306693331262137,0.4576902988887094,0.40259365979960265,0.4899758718808675,0.5511675674144381,0.6472553054594392
hotel_42,2023-06-08,2023-06-02,0.7004048582995951,0.5789473684210527,0.30364372469635625,0.951417004048583,0.44864531913861794,0.4576902988887094,0.41375819629718863,0.4380214702161537,0.5937166460159369,0.6735278381456824
hotel_42,2023-06-09,2023-06-02,0.8502024291497976,0.5789473684210527,0.5789473684210527,0.5384615384615384,0.5164536633446177,0.4576902988887094,0.5356040896120353,0.4314537885545029,0.7231147894394928,0.6864133513815741
hotel_42,2023-06-10,2023-06-02,0.9473684210526315,0.5789473684210527,1.0,0.44129554655870445,0.6235235371777318,0.4576902988887094,0.5028314688217038,0.3093826812369304,0.7497774563403581,0.7403432069719496
hotel_42,2023-06-11,2023-06-02,0.4291497975708502,0.5789473684210527,0.9959514170040485,0.5910931174089069,0.2771541095301263,0.4576902988887094,0.19481887761744915,0.39693512146666476,0.7327877891342095,0.6949269964740971
hotel_42,2023-06-12,2023-06-02,0.4898785425101215,0.5789473684210527,0.21862348178137653,0.7044534412955465,0.3575462852718987,0.4576902988887094,0.31821097407603205,0.4627467795112704,0.5187789650384366,0.65819035035952
hotel_42,2023-06-13,2023-06-02,1.0121457489878543,0.5789473684210527,0.25101214574898784,0.3319838056680162,0.46404466213726625,0.4576902988887094,0.43315346327030946,0.4252761919150655,0.5310674152481311,0.6953569352563934
hotel_42,2023-06-14,2023-06-02,0.9959514170040485,0.5789473684210527,0.27530364372469635,0.6234817813765182,0.44306693331262137,0.4576902988887094,0.40259365979960265,0.4389878172072257,0.533337808119724,0.6526739991782942
hotel_42,2023-06-15,2023-06-02,0.6072874493927125,0.5789473684210527,0.30364372469635625,0.8987854251012146,0.44864531913861794,0.4576902988887094,0.41375819629718863,0.5069223849415193,0.5489449690663143,0.6183466716433887
hotel_42,2023-06-16,2023-06-02,0.7489878542510121,0.5789473684210527,0.5789473684210527,0.9919028340080972,0.5164536633446177,0.4576902988887094,0.5356040896120353,0.5014843356581206,0.6449044669156536,0.6005843115445861
hotel_42,2023-06-17,2023-06-02,0.8906882591093117,0.5789473684210527,1.0,0.9919028340080972,0.6235235371777318,0.4576902988887094,0.5028314688217038,0.4512120377406328,0.6832937450583949,0.62818968505578
hotel_42,2023-06-18,2023-06-02,0.30364372469635625,0.5789473684210527,0.9959514170040485,1.0,0.2771541095301263,0.4576902988887094,0.19481887761744915,0.5356939937528367,0.6589188474957169,0.5936965698009892
hotel_42,2023-06-19,2023-06-02,0.4493927125506073,0.5789473684210527,0.21862348178137653,0.9878542510121457,0.3575462852718987,0.4576902988887094,0.31821097407603205,0.4960727635993739,0.5977663411471982,0.6115669938044285
hotel_42,2023-06-20,2023-06-02,0.6680161943319838,0.5789473684210527,0.25101214574898784,0.4534412955465587,0.46404466213726625,0.4576902988887094,0.43315346327030946,0.4266140831932151,0.6053584172531916,0.683993647097073
hotel_42,2023-06-21,2023-06-02,0.951417004048583,0.5789473684210527,0.27530364372469635,0.6639676113360324,0.44306693331262137,0.4576902988887094,0.40259365979960265,0.44467735486433063,0.6006063632842642,0.653599434483122
hotel_42,2023-06-22,2023-06-02,0.7732793522267206,0.5789473684210527,0.30364372469635625,0.680161943319838,0.44864531913861794,0.4576902988887094,0.41375819629718863,0.4576894132875482,0.614576716018238,0.6567878686231196
hotel_42,2023-06-23,2023-06-02,0.8906882591093117,0.5789473684210527,0.5789473684210527,0.5668016194331984,0.5164536633446177,0.4576902988887094,0.5356040896120353,0.4621913866373657,0.6665621455392293,0.6448987255239238
hotel_42,2023-06-24,2023-06-02,0.902834008097166,0.5789473684210527,1.0,0.7044534412955465,0.6235235371777318,0.4576902988887094,0.5028314688217038,0.5133703491003326,0.6809205133654911,0.6241433512438868
hotel_42,2023-06-25,2023-06-02,0.38461538461538464,0.5789473684210527,0.9959514170040485,0.9959514170040485,0.2771541095301263,0.4576902988887094,0.19481887761744915,0.5834654157085338,0.6717883004932149,0.576412234668933
hotel_42,2023-06-26,2023-06-02,0.7246963562753036,0.5789473684210527,0.21862348178137653,1.0,0.3575462852718987,0.4576902988887094,0.31821097407603205,0.6687420747385064,0.6049196829603415,0.5576629735073707
hotel_42,2023-06-27,2023-06-02,0.97165991902834,0.5789473684210527,0.25101214574898784,0.9959514170040485,0.46404466213726625,0.4576902988887094,0.43315346327030946,0.5802122879738845,0.6095586358823631,0.5901979498243322
hotel_42,2023-06-28,2023-06-02,0.8947368421052632,0.5789473684210527,0.27530364372469635,0.21862348178137653,0.44306693331262137,0.4576902988887094,0.40259365979960265,0.3840766371321466,0.6092101080515839,0.7159290467689305
hotel_42,2023-06-29,2023-06-02,0.7732793522267206,0.5789473684210527,0.30364372469635625,0.25101214574898784,0.44864531913861794,0.4576902988887094,0.41375819629718863,0.3727530260823725,0.6159496548918787,0.7325428049227446
hotel_42,2023-06-30,2023-06-02,0.7611336032388664,0.5789473684210527,0.5789473684210527,0.27530364372469635,0.5164536633446177,0.4576902988887094,0.5356040896120353,0.46482763473162375,0.6507448168949422,0.6759679818821817
hotel_49,2023-02-11,2023-02-10,1.0087336244541485,0.9912663755458515,1.0043668122270741,0.9301310043668122,1.0085896878132308,0.9901534882551859,0.9998272736213485,0.9855613160591958,0.9832864422306586,0.9785656852942162
hotel_49,2023-02-12,2023-02-10,0.8034934497816594,0.9912663755458515,0.9781659388646288,0.9737991266375546,0.9090585212860629,0.9901534882551859,0.898319512078935,0.9956132277521643,0.9168336149691942,0.9665494845713548
hotel_49,2023-02-13,2023-02-10,0.8296943231441049,0.9912663755458515,0.9956331877729258,0.982532751091703,0.8946902929518764,0.9901534882551859,0.8960543051591459,1.0280957909111343,0.9301010262257186,0.9615077171816993
hotel_49,2023-02-14,2023-02-10,0.8296943231441049,0.9912663755458515,1.0,0.9475982532751092,0.9207885694254273,0.9901534882551859,0.9265272077727208,1.0534040595714596,0.9443061242657226,0.9656948266227496
hotel_49,2023-02-15,2023-02-10,0.8209606986899564,0.9912663755458515,0.9650655021834061,0.8209606986899564,0.9227999332499739,0.9901534882551859,0.9440896568676698,0.9856603327666069,0.9561436219510107,0.9860537707961026
hotel_49,2023-02-16,2023-02-10,0.8296943231441049,0.9912663755458515,0.9737991266375546,0.8253275109170306,0.9368909801238957,0.9901534882551859,0.9492567994826526,0.9924249302802071,0.9501140843029061,0.9866840034458382
hotel_49,2023-02-17,2023-02-10,0.834061135371179,0.9912663755458515,0.9912663755458515,0.7947598253275109,0.996674405928432,0.9901534882551859,0.995807510498072,0.9825777326172723,0.964462986916354,0.9926038326024579
hotel_49,2023-02-18,2023-02-10,0.834061135371179,0.9912663755458515,1.0043668122270741,0.8384279475982532,1.0085896878132308,0.9901534882551859,0.9998272736213485,1.0308018726536163,0.9619389724562343,0.9863376237524006
hotel_49,2023-02-19,2023-02-10,0.8296943231441049,0.9912663755458515,0.9781659388646288,0.9912663755458515,0.9090585212860629,0.9901534882551859,0.898319512078935,1.0564490648013911,0.9441110163207113,0.96245631141032
hotel_49,2023-02-20,2023-02-10,0.8253275109170306,0.9912663755458515,0.9956331877729258,0.9868995633187773,0.8946902929518764,0.9901534882551859,0.8960543051591459,1.044269812182963,0.9491820370910561,0.9628411613740689
hotel_49,2023-02-21,2023-02-10,0.8296943231441049,0.9912663755458515,1.0,0.8777292576419214,0.9207885694254273,0.9901534882551859,0.9265272077727208,0.9980387413687248,0.954329011550741,0.9795710087973464
hotel_49,2023-02-22,2023-02-10,0.834061135371179,0.9912663755458515,0.9650655021834061,0.9388646288209607,0.9227999332499739,0.9901534882551859,0.9440896568676698,1.0008808211631466,0.9483572264148892,0.9698138037865257
hotel_49,2023-02-23,2023-02-10,0.8296943231441049,0.9912663755458515,0.9737991266375546,0.9912663755458515,0.9368909801238957,0.9901534882551859,0.9492567994826526,1.032888990860707,0.9498662541699026,0.9615769905370902
hotel_49,2023-02-24,2023-02-10,0.8296943231441049,0.9912663755458515,0.9912663755458515,0.9650655021834061,0.996674405928432,0.9901534882551859,0.995807510498072,1.0168280461843082,0.9557635317042189,0.9657273760612453
hotel_49,2023-02-25,2023-02-10,0.8296943231441049,0.9912663755458515,1.0043668122270741,0.925764192139738,1.0085896878132308,0.9901534882551859,0.9998272736213485,0.9582557922898476,0.9542506861351395,0.9719566967108276
hotel_49,2023-02-26,2023-02-10,0.8296943231441049,0.9912663755458515,0.9781659388646288,0.9912663755458515,0.9090585212860629,0.9901534882551859,0.898319512078935,0.9662860258783142,0.9358432796518581,0.9617881153888659
hotel_49,2023-02-27,2023-02-10,0.834061135371179,0.9912663755458515,0.9956331877729258,0.9868995633187773,0.8946902929518764,0.9901534882551859,0.8960543051591459,0.9477676544930116,0.9402462750114656,0.9624972151058366
hotel_49,2023-02-28,2023-02-10,0.8384279475982532,0.9912663755458515,1.0,0.7685589519650655,0.9207885694254273,0.9901534882551859,0.9265272077727208,0.941613646003748,0.9438687700129589,0.9966093277579983
hotel_49,2023-03-01,2023-02-10,0.834061135371179,0.9912663755458515,0.9650655021834061,0.8209606986899564,0.9227999332499739,0.9901534882551859,0.9440896568676698,0.9948118646960447,0.9455163478744105,0.9883993829423795
hotel_49,2023-03-02,2023-02-10,0.8296943231441049,0.9912663755458515,0.9737991266375546,0.9082969432314411,0.9368909801238957,0.9901534882551859,0.9492567994826526,1.018630375794596,0.9442103189614929,0.9747316961662649
hotel_49,2023-03-03,2023-02-10,0.8384279475982532,0.9912663755458515,0.9912663755458515,0.9868995633187773,0.996674405928432,0.9901534882551859,0.995807510498072,1.0251287826997788,0.9487867296853775,0.9624381797527227
hotel_49,2023-03-04,2023-02-10,0.8384279475982532,0.9912663755458515,1.0043668122270741,0.9606986899563319,1.0085896878132308,0.9901534882551859,0.9998272736213485,0.9473266198478982,0.947671521597338,0.9665313281345134
hotel_49,2023-03-05,2023-02-10,0.7816593886462883,0.9912663755458515,0.9781659388646288,1.0,0.9090585212860629,0.9901534882551859,0.898319512078935,0.9802440785037144,0.9402607310522504,0.9603946078146736
hotel_49,2023-03-06,2023-02-10,0.8165938864628821,0.9912663755458515,0.9956331877729258,1.0043668122270741,0.8946902929518764,0.9901534882551859,0.8960543051591459,0.9702236057528485,0.9420596682781068,0.9597179212288995
hotel_49,2023-03-07,2023-02-10,0.8253275109170306,0.9912663755458515,1.0,0.9781659388646288,0.9207885694254273,0.9901534882551859,0.9265272077727208,0.9681107761863091,0.944082305897247,0.9638159449039093
hotel_49,2023-03-08,2023-02-10,0.8165938864628821,0.9912663755458515,0.9650655021834061,0.9956331877729258,0.9227999332499739,0.9901534882551859,0.9440896568676698,1.009962476025296,0.9430165194583966,0.9610875966480317
hotel_49,2023-03-09,2023-02-10,0.8034934497816594,0.9912663755458515,0.9737991266375546,1.0,0.9368909801238957,0.9901534882551859,0.9492567994826526,1.0100473989313896,0.9431912424962504,0.9604044434569973
hotel_49,2023-03-10,2023-02-10,0.7816593886462883,0.9912663755458515,0.9912663755458515,0.9650655021834061,0.996674405928432,0.9901534882551859,0.995807510498072,1.0121149751310121,0.9452868554632533,0.9658619410557141
hotel_49,2023-03-11,2023-03-10,0.8253275109170306,0.7816593886462883,0.8384279475982532,0.9737991266375546,0.8037301992173328,0.7831910396826043,0.8043950819527963,0.7871437461175058,0.803825572858596,0.7926548683555878
hotel_49,2023-03-12,2023-03-10,0.8165938864628821,0.7816593886462883,0.7816593886462883,0.9912663755458515,0.7069108097393239,0.7831910396826043,0.7266293064126661,0.7649189820163281,0.8141396714783077,0.8045131660546064
hotel_49,2023-03-13,2023-03-10,0.8253275109170306,0.7816593886462883,0.8165938864628821,1.0087336244541485,0.6948023244802142,0.7831910396826043,0.7468458765483594,0.7647982015367418,0.8353913906893276,0.8112486883096491
hotel_49,2023-03-14,2023-03-10,0.8296943231441049,0.7816593886462883,0.8253275109170306,0.8034934497816594,0.7194638042881918,0.7831910396826043,0.7668219263853966,0.7450546307532847,0.843745644703007,0.8447593538731704
hotel_49,2023-03-15,2023-03-10,0.8296943231441049,0.7816593886462883,0.8165938864628821,0.8296943231441049,0.7213630804943717,0.7831910396826043,0.7685466230845222,0.7772403620333543,0.8426389693247304,0.838827501916355
hotel_49,2023-03-16,2023-03-10,0.8209606986899564,0.7816593886462883,0.8034934497816594,0.8296943231441049,0.7352282902417914,0.7831910396826043,0.7677366824896609,0.7984775559486686,0.8391108248838746,0.8352777192507888
hotel_49,2023-03-17,2023-03-10,0.8296943231441049,0.7816593886462883,0.7816593886462883,0.8209606986899564,0.791581244948214,0.7831910396826043,0.7885009824486443,0.7363488265245175,0.8361906132200088,0.8337629374968532
hotel_49,2023-03-18,2023-03-10,0.8034934497816594,0.7816593886462883,0.8384279475982532,0.8296943231441049,0.8037301992173328,0.7831910396826043,0.8043950819527963,0.7463384691560649,0.8406769816207195,0.831219202671344
hotel_49,2023-03-19,2023-03-10,0.8384279475982532,0.7816593886462883,0.7816593886462883,0.834061135371179,0.7069108097393239,0.7831910396826043,0.7266293064126661,0.7358257281079766,0.8303885364220736,0.8306958652068706
hotel_49,2023-03-20,2023-03-10,0.8296943231441049,0.7816593886462883,0.8165938864628821,0.834061135371179,0.6948023244802142,0.7831910396826043,0.7468458765483594,0.7809465680592645,0.8424312341212657,0.8314820792321189
hotel_49,2023-03-21,2023-03-10,0.834061135371179,0.7816593886462883,0.8253275109170306,0.8296943231441049,0.7194638042881918,0.7831910396826043,0.7668219263853966,0.8091574905076778,0.8460788332562619,0.8329254868997769
hotel_49,2023-03-22,2023-03-10,0.8296943231441049,0.7816593886462883,0.8165938864628821,0.8253275109170306,0.7213630804943717,0.7831910396826043,0.7685466230845222,0.7985294488162048,0.8439457364990512,0.8340293534808827
hotel_49,2023-03-23,2023-03-10,0.8296943231441049,0.7816593886462883,0.8034934497816594,0.8296943231441049,0.7352282902417914,0.7831910396826043,0.7677366824896609,0.7593017826148994,0.8403507186242445,0.8334499007574724
hotel_49,2023-03-24,2023-03-10,0.8209606986899564,0.7816593886462883,0.7816593886462883,0.834061135371179,0.791581244948214,0.7831910396826043,0.7885009824486443,0.7642692251717386,0.8349872948378487,0.8326443148730013
hotel_49,2023-03-25,2023-03-10,0.8122270742358079,0.7816593886462883,0.8384279475982532,0.8296943231441049,0.8037301992173328,0.7831910396826043,0.8043950819527963,0.7903797697362869,0.840756715822461,0.8330985060972582
hotel_49,2023-03-26,2023-03-10,0.8122270742358079,0.7816593886462883,0.7816593886462883,0.8296943231441049,0.7069108097393239,0.7831910396826043,0.7266293064126661,0.7842425304325117,0.8408291906122118,0.8329556551900168
hotel_49,2023-03-27,2023-03-10,0.7947598253275109,0.7816593886462883,0.8165938864628821,0.8296943231441049,0.6948023244802142,0.7831910396826043,0.7468458765483594,0.7299501622947056,0.8479950248798557,0.8329055467286599
hotel_49,2023-03-28,2023-03-10,0.7903930131004366,0.7816593886462883,0.8253275109170306,0.8296943231441049,0.7194638042881918,0.7831910396826043,0.7668219263853966,0.7403984427686712,0.8505837545891142,0.8329253987168104
hotel_49,2023-03-29,2023-03-10,0.8209606986899564,0.7816593886462883,0.8165938864628821,0.834061135371179,0.7213630804943717,0.7831910396826043,0.7685466230845222,0.7238736565963991,0.8498917010318645,0.8323165010099279
hotel_49,2023-03-30,2023-03-10,0.8253275109170306,0.7816593886462883,0.8034934497816594,0.8384279475982532,0.7352282902417914,0.7831910396826043,0.7677366824896609,0.7135672154986745,0.8483655363793384,0.8317015105914546
hotel_49,2023-03-31,2023-03-10,0.8253275109170306,0.7816593886462883,0.7816593886462883,0.834061135371179,0.791581244948214,0.7831910396826043,0.7885009824486443,0.7627910966342062,0.8465968954335886,0.8323786094164519
hotel_49,2023-04-01,2023-03-10,0.8209606986899564,0.7816593886462883,0.8384279475982532,0.8296943231441049,0.8037301992173328,0.7831910396826043,0.8043950819527963,0.7866770550302038,0.8487919115034542,0.8330358418431429
hotel_49,2023-04-02,2023-03-10,0.8253275109170306,0.7816593886462883,0.7816593886462883,0.8384279475982532,0.7069108097393239,0.7831910396826043,0.7266293064126661,0.7900422737637149,0.8465685358395758,0.8317125921835857
hotel_49,2023-04-03,2023-03-10,0.8209606986899564,0.7816593886462883,0.8165938864628821,0.8384279475982532,0.6948023244802142,0.7831910396826043,0.7468458765483594,0.7260457067036126,0.8507022291147678,0.8317013800872084
hotel_49,2023-04-04,2023-03-10,0.8165938864628821,0.7816593886462883,0.8253275109170306,0.7816593886462883,0.7194638042881918,0.7831910396826043,0.7668219263853966,0.7525289074160543,0.8520421706550437,0.8402304796525061
hotel_49,2023-04-05,2023-03-10,0.8209606986899564,0.7816593886462883,0.8165938864628821,0.8165938864628821,0.7213630804943717,0.7831910396826043,0.7685466230845222,0.7491076496447727,0.8514322450663828,0.834975715409466
hotel_49,2023-04-06,2023-03-10,0.8253275109170306,0.7816593886462883,0.8034934497816594,0.8253275109170306,0.7352282902417914,0.7831910396826043,0.7677366824896609,0.7514345597409577,0.8503275722447343,0.833664176480565
hotel_49,2023-04-07,2023-03-10,0.8253275109170306,0.7816593886462883,0.7816593886462883,0.8165938864628821,0.791581244948214,0.7831910396826043,0.7885009824486443,0.7884994886503015,0.8487874450295122,0.8349802090308311
hotel_49,2023-04-08,2023-04-07,0.7554585152838428,0.8253275109170306,0.8209606986899564,0.8034934497816594,0.8429025601814342,0.8253052455806824,0.8290297387487092,0.8170195365839082,0.8250836655016888,0.8253550653152902
hotel_49,2023-04-09,2023-04-07,0.6200873362445415,0.8253275109170306,0.8253275109170306,0.7816593886462883,0.7522693009199686,0.8253052455806824,0.8168490791194543,0.8161037254945634,0.8272653330947439,0.8269720544625476
hotel_49,2023-04-10,2023-04-07,0.74235807860262,0.8253275109170306,0.8209606986899564,0.8253275109170306,0.7404784297296299,0.8253052455806824,0.8205865841267249,0.8171344031438507,0.8233288956055549,0.8198101201511814
hotel_49,2023-04-11,2023-04-07,0.7554585152838428,0.8253275109170306,0.8165938864628821,0.8165938864628821,0.7639533443979304,0.8253052455806824,0.8236391140601296,0.7995247221938648,0.8215294720619094,0.8211093419563813
hotel_49,2023-04-12,2023-04-07,0.8078602620087336,0.8253275109170306,0.8209606986899564,0.8253275109170306,0.7666754904223503,0.8253052455806824,0.8270533936203937,0.804376474355999,0.8292012023338539,0.82023251649455
hotel_49,2023-04-13,2023-04-07,0.8209606986899564,0.8253275109170306,0.8253275109170306,0.8296943231441049,0.7793015261815247,0.8253052455806824,0.8257245052315985,0.7874025149608187,0.8309517046870213,0.8200257392500145
hotel_49,2023-04-14,2023-04-07,0.8165938864628821,0.8253275109170306,0.8253275109170306,0.8296943231441049,0.8318480029275368,0.8253052455806824,0.8250973657882574,0.8146475596812297,0.831011931574705,0.8202880685581223
hotel_49,2023-04-15,2023-04-07,0.8165938864628821,0.8253275109170306,0.8209606986899564,0.8209606986899564,0.8429025601814342,0.8253052455806824,0.8290297387487092,0.829487235044616,0.829930649406785,0.821630652310124
hotel_49,2023-04-16,2023-04-07,0.5938864628820961,0.8253275109170306,0.8253275109170306,0.8296943231441049,0.7522693009199686,0.8253052455806824,0.8168490791194543,0.7777091094204056,0.8313937306198097,0.8202754422642834
hotel_49,2023-04-17,2023-04-07,0.6462882096069869,0.8253275109170306,0.8209606986899564,0.8034934497816594,0.7404784297296299,0.8253052455806824,0.8205865841267249,0.7806483267038337,0.8295612901683318,0.8240155540174307
hotel_49,2023-04-18,2023-04-07,0.7947598253275109,0.8253275109170306,0.8165938864628821,0.8384279475982532,0.7639533443979304,0.8253052455806824,0.8236391140601296,0.775938062779093,0.8282828446576203,0.8188008882239772
hotel_49,2023-04-19,2023-04-07,0.8078602620087336,0.8253275109170306,0.8209606986899564,0.8296943231441049,0.7666754904223503,0.8253052455806824,0.8270533936203937,0.8126705965306916,0.8308075617911196,0.8200518978189041
hotel_49,2023-04-20,2023-04-07,0.7685589519650655,0.8253275109170306,0.8253275109170306,0.834061135371179,0.7793015261815247,0.8253052455806824,0.8257245052315985,0.8424198505564652,0.8321585004499354,0.8194178715321934
hotel_49,2023-04-21,2023-04-07,0.759825327510917,0.8253275109170306,0.8253275109170306,0.8296943231441049,0.8318480029275368,0.8253052455806824,0.8250973657882574,0.832947548298695,0.8321403458147704,0.8200845153567895
hotel_49,2023-04-22,2023-04-07,0.7816593886462883,0.8253275109170306,0.8209606986899564,0.8296943231441049,0.8429025601814342,0.8253052455806824,0.8290297387487092,0.8009427624873918,0.8318862143703826,0.8201078777881705
hotel_49,2023-04-23,2023-04-07,0.7248908296943232,0.8253275109170306,0.8253275109170306,0.8209606986899564,0.7522693009199686,0.8253052455806824,0.8168490791194543,0.8059808113861634,0.8326440979918525,0.8214034998510366
hotel_49,2023-04-24,2023-04-07,0.7641921397379913,0.8253275109170306,0.8209606986899564,0.8122270742358079,0.7404784297296299,0.8253052455806824,0.8205865841267249,0.8253106660969254,0.8314252511632934,0.8226880663627608
hotel_49,2023-04-25,2023-04-07,0.759825327510917,0.8253275109170306,0.8165938864628821,0.8122270742358079,0.7639533443979304,0.8253052455806824,0.8236391140601296,0.823610272176869,0.8307479699263258,0.8226830797215067
hotel_49,2023-04-26,2023-04-07,0.4672489082969432,0.8253275109170306,0.8209606986899564,0.7947598253275109,0.7666754904223503,0.8253052455806824,0.8270533936203937,0.7720910310948641,0.8329575209670003,0.8252433310308275
hotel_49,2023-04-27,2023-04-07,0.7903930131004366,0.8253275109170306,0.8253275109170306,0.7903930131004366,0.7793015261815247,0.8253052455806824,0.8257245052315985,0.7848279660349997,0.8336083889453486,0.8258808240709942
hotel_49,2023-04-28,2023-04-07,0.74235807860262,0.8253275109170306,0.8253275109170306,0.8209606986899564,0.8318480029275368,0.8253052455806824,0.8250973657882574,0.7757831885814526,0.8336292509233106,0.8213883485508255
hotel_49,2023-04-29,2023-04-07,0.74235807860262,0.8253275109170306,0.8209606986899564,0.8253275109170306,0.8429025601814342,0.8253052455806824,0.8290297387487092,0.7597631735363878,0.8333313415631713,0.8207475015735285
hotel_49,2023-04-30,2023-04-07,0.7336244541484717,0.8253275109170306,0.8253275109170306,0.8253275109170306,0.7522693009199686,0.8253052455806824,0.8168490791194543,0.7997153438674506,0.8338169675387439,0.8207489867947774
hotel_49,2023-05-01,2023-04-07,0.5633187772925764,0.8253275109170306,0.8209606986899564,0.8209606986899564,0.7404784297296299,0.8253052455806824,0.8205865841267249,0.8203120712024481,0.8331551814945544,0.8213918141024735
hotel_49,2023-05-02,2023-04-07,0.5545851528384279,0.8253275109170306,0.8165938864628821,0.8253275109170306,0.7639533443979304,0.8253052455806824,0.8236391140601296,0.8208020804646142,0.8327420339589191,0.8207507773842357
hotel_49,2023-05-03,2023-04-07,0.6375545851528385,0.8253275109170306,0.8209606986899564,0.8209606986899564,0.7666754904223503,0.8253052455806824,0.8270533936203937,0.7722298324004202,0.8337494424189907,0.8213923528269634
hotel_49,2023-05-04,2023-04-07,0.7467248908296943,0.8253275109170306,0.8253275109170306,0.8165938864628821,0.7793015261815247,0.8253052455806824,0.8257245052315985,0.797179018398174,0.8341844171811119,0.8220336321282687
hotel_49,2023-05-05,2023-04-07,0.7379912663755459,0.8253275109170306,0.8253275109170306,0.8209606986899564,0.8318480029275368,0.8253052455806824,0.8250973657882574,0.7936237891472938,0.8341805068884851,0.821391694572887
hotel_49,2023-05-06,2023-05-05,0.7117903930131004,0.7379912663755459,0.74235807860262,0.8253275109170306,0.7549653117753092,0.737051983263991,0.7212493930092819,0.7231051866450238,0.7406335474559194,0.7191418837613194
hotel_49,2023-05-07,2023-05-05,0.7161572052401747,0.7379912663755459,0.7336244541484717,0.8253275109170306,0.6635406986338065,0.737051983263991,0.6620801281417243,0.7529003652414488,0.7191687900834892,0.6958197137090727
hotel_49,2023-05-08,2023-05-05,0.74235807860262,0.7379912663755459,0.5633187772925764,0.7554585152838428,0.653412253611684,0.737051983263991,0.6683512601741247,0.7308218326319745,0.6936494043779986,0.6896143491740404
hotel_49,2023-05-09,2023-05-05,0.6986899563318777,0.7379912663755459,0.5545851528384279,0.6200873362445415,0.6776576555601501,0.737051983263991,0.6932736486262016,0.7077614625620549,0.689030193109235,0.7032934344902855
hotel_49,2023-05-10,2023-05-05,0.5065502183406113,0.7379912663755459,0.6375545851528385,0.74235807860262,0.6785633399297152,0.737051983263991,0.6755141531316878,0.7240183564847631,0.636674759169195,0.6882458630179733
hotel_49,2023-05-11,2023-05-05,0.4585152838427948,0.7379912663755459,0.7467248908296943,0.7554585152838428,0.6967507418706814,0.737051983263991,0.7434008860982804,0.7150191510848477,0.7298134996923866,0.6918503088269309
hotel_49,2023-05-12,2023-05-05,0.5982532751091703,0.7379912663755459,0.7379912663755459,0.8078602620087336,0.7450580006996729,0.737051983263991,0.7355414023639301,0.7315860984448744,0.7177475055648999,0.6892040645038584
hotel_49,2023-05-13,2023-05-05,0.6855895196506551,0.7379912663755459,0.74235807860262,0.8209606986899564,0.7549653117753092,0.737051983263991,0.7212493930092819,0.7187403499898635,0.7184842921570619,0.689765553105837
hotel_49,2023-05-14,2023-05-05,0.4759825327510917,0.7379912663755459,0.7336244541484717,0.8165938864628821,0.6635406986338065,0.737051983263991,0.6620801281417243,0.7408261463617272,0.712824066626924,0.6905419493460475
hotel_49,2023-05-15,2023-05-05,0.5895196506550219,0.7379912663755459,0.5633187772925764,0.8165938864628821,0.653412253611684,0.737051983263991,0.6683512601741247,0.7518968497734723,0.66956363136719,0.6894460277951625
hotel_49,2023-05-16,2023-05-05,0.6462882096069869,0.7379912663755459,0.5545851528384279,0.5938864628820961,0.6776576555601501,0.737051983263991,0.6932736486262016,0.6767191372420513,0.6667378918218246,0.7198020169180543
hotel_49,2023-05-17,2023-05-05,0.6812227074235808,0.7379912663755459,0.6375545851528385,0.6462882096069869,0.6785633399297152,0.737051983263991,0.6755141531316878,0.6852884900780117,0.6763698131175009,0.7115123580431244
hotel_49,2023-05-18,2023-05-05,0.5545851528384279,0.7379912663755459,0.7467248908296943,0.7947598253275109,0.6967507418706814,0.737051983263991,0.7434008860982804,0.7066070620990995,0.7176353648286037,0.6901612065525089
hotel_49,2023-05-19,2023-05-05,0.7292576419213974,0.7379912663755459,0.7379912663755459,0.8078602620087336,0.7450580006996729,0.737051983263991,0.7355414023639301,0.7373847631355277,0.713512769643691,0.6884603926603988
hotel_49,2023-05-20,2023-05-05,0.7467248908296943,0.7379912663755459,0.74235807860262,0.7685589519650655,0.7549653117753092,0.737051983263991,0.7212493930092819,0.7599581314953187,0.714243818522248,0.6943548958513613
hotel_49,2023-05-21,2023-05-05,0.5982532751091703,0.7379912663755459,0.7336244541484717,0.759825327510917,0.6635406986338065,0.737051983263991,0.6620801281417243,0.7520344527995452,0.7083600478441867,0.6958533539565189
hotel_49,2023-05-22,2023-05-05,0.5764192139737991,0.7379912663755459,0.5633187772925764,0.7816593886462883,0.653412253611684,0.737051983263991,0.6683512601741247,0.7308580633931527,0.6949221715189351,0.6928721276200143
hotel_49,2023-05-23,2023-05-05,0.6026200873362445,0.7379912663755459,0.5545851528384279,0.7248908296943232,0.6776576555601501,0.737051983263991,0.6932736486262016,0.7291368716947555,0.6933730626387665,0.7009367576651911
hotel_49,2023-05-24,2023-05-05,0.5982532751091703,0.7379912663755459,0.6375545851528385,0.7641921397379913,0.6785633399297152,0.737051983263991,0.6755141531316878,0.7516853949712298,0.6831516417610576,0.6952876278637334
hotel_49,2023-05-25,2023-05-05,0.5851528384279476,0.7379912663755459,0.7467248908296943,0.759825327510917,0.6967507418706814,0.737051983263991,0.7434008860982804,0.7515976192539336,0.7116350044429385,0.695837375420689
hotel_49,2023-05-26,2023-05-05,0.5982532751091703,0.7379912663755459,0.7379912663755459,0.4672489082969432,0.7450580006996729,0.737051983263991,0.7355414023639301,0.662831880997324,0.7081606526211068,0.7373647525356051
hotel_49,2023-05-27,2023-05-05,0.6026200873362445,0.7379912663755459,0.74235807860262,0.7903930131004366,0.7549653117753092,0.737051983263991,0.7212493930092819,0.7298671819203527,0.7084572318029076,0.6914389610923319
hotel_49,2023-05-28,2023-05-05,0.5982532751091703,0.7379912663755459,0.7336244541484717,0.74235807860262,0.6635406986338065,0.737051983263991,0.6620801281417243,0.7183462975204534,0.7061308190311996,0.6982746196370869
hotel_49,2023-05-29,2023-05-05,0.4585152838427948,0.7379912663755459,0.5633187772925764,0.74235807860262,0.653412253611684,0.737051983263991,0.6683512601741247,0.698489359750468,0.6939113566235057,0.6982921116601702
hotel_49,2023-05-30,2023-05-05,0.5327510917030568,0.7379912663755459,0.5545851528384279,0.7336244541484717,0.6776576555601501,0.737051983263991,0.6932736486262016,0.7264870203751372,0.692994796409864,0.6995467884251408
hotel_49,2023-05-31,2023-05-05,0.611353711790393,0.7379912663755459,0.6375545851528385,0.5633187772925764,0.6785633399297152,0.737051983263991,0.6755141531316878,0.7174235763159309,0.693385227280327,0.7237509511071415
hotel_49,2023-06-01,2023-05-05,0.6637554585152838,0.7379912663755459,0.7467248908296943,0.5545851528384279,0.6967507418706814,0.737051983263991,0.7434008860982804,0.7168800135574555,0.7078038136727418,0.7249912712487493
hotel_49,2023-06-02,2023-05-05,0.7336244541484717,0.7379912663755459,0.7379912663755459,0.6375545851528385,0.7450580006996729,0.737051983263991,0.7355414023639301,0.7002466070686477,0.706252459887387,0.7131986105528015
hotel_49,2023-06-03,2023-06-02,0.7292576419213974,0.7336244541484717,0.6026200873362445,0.7467248908296943,0.7381262854559625,0.7214520802489647,0.7362313355930055,0.7349744543058123,0.7023882178119729,0.670580719434625
hotel_49,2023-06-04,2023-06-02,0.5676855895196506,0.7336244541484717,0.5982532751091703,0.7379912663755459,0.6469264161174458,0.7214520802489647,0.6516561386400377,0.7323192130778591,0.6278196176120534,0.6206333582964288
hotel_49,2023-06-05,2023-06-02,0.6637554585152838,0.7336244541484717,0.4585152838427948,0.7117903930131004,0.637129228474408,0.7214520802489647,0.6404784838630222,0.7318174621035137,0.5784938650711335,0.5926748224566977
hotel_49,2023-06-06,2023-06-02,0.6157205240174672,0.7336244541484717,0.5327510917030568,0.7161572052401747,0.6616359970623615,0.7214520802489647,0.6709516824328051,0.7544448752386187,0.5794089734473089,0.5836954833730474
hotel_49,2023-06-07,2023-06-02,0.6462882096069869,0.7336244541484717,0.611353711790393,0.74235807860262,0.6611476395418645,0.7214520802489647,0.6450681573539828,0.734893647712619,0.5947297607881505,0.5871461777303955
hotel_49,2023-06-08,2023-06-02,0.5895196506550219,0.7336244541484717,0.6637554585152838,0.6986899563318777,0.6762703554162109,0.7214520802489647,0.6726684482780941,0.7048174492602063,0.6077898397907009,0.6052698281997446
hotel_49,2023-06-09,2023-06-02,0.6550218340611353,0.7336244541484717,0.7336244541484717,0.5065502183406113,0.7278446064543925,0.7214520802489647,0.7276115439687662,0.6890642355216763,0.6315281769186573,0.6414497042335846
hotel_49,2023-06-10,2023-06-02,0.7336244541484717,0.7336244541484717,0.6026200873362445,0.4585152838427948,0.7381262854559625,0.7214520802489647,0.7362313355930055,0.6770710004468558,0.6301799331780751,0.6524929256766054
hotel_49,2023-06-11,2023-06-02,0.6768558951965066,0.7336244541484717,0.5982532751091703,0.5982532751091703,0.6469264161174458,0.7214520802489647,0.6516561386400377,0.7179817804523176,0.619432571722526,0.6330925775931757
hotel_49,2023-06-12,2023-06-02,0.6331877729257642,0.7336244541484717,0.4585152838427948,0.6855895196506551,0.637129228474408,0.7214520802489647,0.6404784838630222,0.7194934870033436,0.5869803000967316,0.6186259616061611
hotel_49,2023-06-13,2023-06-02,0.7336244541484717,0.7336244541484717,0.5327510917030568,0.4759825327510917,0.6616359970623615,0.7214520802489647,0.6709516824328051,0.703553766192732,0.5980798758062394,0.6449318791122635
hotel_49,2023-06-14,2023-06-02,0.6724890829694323,0.7336244541484717,0.611353711790393,0.5895196506550219,0.6611476395418645,0.7214520802489647,0.6450681573539828,0.7298618901690116,0.6110390273257178,0.6276597249626857
hotel_49,2023-06-15,2023-06-02,0.6550218340611353,0.7336244541484717,0.6637554585152838,0.6462882096069869,0.6762703554162109,0.7214520802489647,0.6726684482780941,0.676643015625213,0.6214286701880267,0.6193948409675955
hotel_49,2023-06-16,2023-06-02,0.7117903930131004,0.7336244541484717,0.7336244541484717,0.6812227074235808,0.7278446064543925,0.7214520802489647,0.7276115439687662,0.6885244585968753,0.635969591981773,0.6149298520561495
hotel_49,2023-06-17,2023-06-02,0.6899563318777293,0.7336244541484717,0.6026200873362445,0.5545851528384279,0.7381262854559625,0.7214520802489647,0.7362313355930055,0.6925939146247043,0.6314469294736446,0.6330077559558566
hotel_49,2023-06-18,2023-06-02,0.6244541484716157,0.7336244541484717,0.5982532751091703,0.7292576419213974,0.6469264161174458,0.7214520802489647,0.6516561386400377,0.7426348452353428,0.6177521858400349,0.6094124237127866
hotel_49,2023-06-19,2023-06-02,0.5807860262008734,0.7336244541484717,0.4585152838427948,0.7467248908296943,0.637129228474408,0.7214520802489647,0.6404784838630222,0.7642358354559615,0.6048764250472288,0.6072305535499336
hotel_49,2023-06-20,2023-06-02,0.6855895196506551,0.7336244541484717,0.5327510917030568,0.5982532751091703,0.6616359970623615,0.7214520802489647,0.6709516824328051,0.7351394078679596,0.6068020799245027,0.6277014657976618
hotel_49,2023-06-21,2023-06-02,0.7117903930131004,0.7336244541484717,0.611353711790393,0.5764192139737991,0.6611476395418645,0.7214520802489647,0.6450681573539828,0.7170538005264647,0.6116745031334234,0.6305903348223606
hotel_49,2023-06-22,2023-06-02,0.6331877729257642,0.7336244541484717,0.6637554585152838,0.6026200873362445,0.6762703554162109,0.7214520802489647,0.6726684482780941,0.7207041988786833,0.6153039768473392,0.626844777414643
hotel_49,2023-06-23,2023-06-02,0.6943231441048034,0.7336244541484717,0.7336244541484717,0.5982532751091703,0.7278446064543925,0.7214520802489647,0.7276115439687662,0.7401897348754031,0.6216602378794495,0.6273644573380479
hotel_49,2023-06-24,2023-06-02,0.7248908296943232,0.7336244541484717,0.6026200873362445,0.5851528384279476,0.7381262854559625,0.7214520802489647,0.7362313355930055,0.7379598680851904,0.6204996447496254,0.6291484443718411
hotel_49,2023-06-25,2023-06-02,0.62882096069869,0.7336244541484717,0.5982532751091703,0.5982532751091703,0.6469264161174458,0.7214520802489647,0.6516561386400377,0.6627004579735698,0.6165196797661704,0.6273593891027532
hotel_49,2023-06-26,2023-06-02,0.6724890829694323,0.7336244541484717,0.4585152838427948,0.6026200873362445,0.637129228474408,0.7214520802489647,0.6404784838630222,0.7293471314912674,0.6090687044912665,0.6267882628915299
hotel_49,2023-06-27,2023-06-02,0.7074235807860262,0.7336244541484717,0.5327510917030568,0.5982532751091703,0.6616359970623615,0.7214520802489647,0.6709516824328051,0.7217846558155373,0.6112478559014856,0.627415643203168
hotel_49,2023-06-28,2023-06-02,0.7030567685589519,0.7336244541484717,0.611353711790393,0.4585152838427948,0.6611476395418645,0.7214520802489647,0.6450681573539828,0.6786434041792597,0.6140955382265254,0.646698415327552
hotel_49,2023-06-29,2023-06-02,0.6593886462882096,0.7336244541484717,0.6637554585152838,0.5327510917030568,0.6762703554162109,0.7214520802489647,0.6726684482780941,0.7089012403063515,0.6164279847193975,0.6364605001066688
hotel_49,2023-06-30,2023-06-02,0.6593886462882096,0.7336244541484717,0.7336244541484717,0.611353711790393,0.7278446064543925,0.7214520802489647,0.7276115439687662,0.708598305822601,0.6197899379129961,0.6256143319598839
hotel_56,2023-02-11,2023-02-10,0.9916666666666667,0.925,1.0,0.9833333333333333,1.0019120190116082,0.9688498340014837,0.9742540014719622,0.9825793398381873,0.9420353913458644,0.9331763328696899
hotel_56,2023-02-12,2023-02-10,0.8416666666666667,0.925,0.8416666666666667,0.9333333333333333,0.867094741138341,0.9688498340014837,0.8749097858868553,1.0210217410125375,0.899241815768544,0.9475330382224643
hotel_56,2023-02-13,2023-02-10,0.8166666666666667,0.925,1.0,1.0,0.8804173989220663,0.9688498340014837,0.9279198289517332,1.0176136352368519,0.9392118658341126,0.9448030113090944
hotel_56,2023-02-14,2023-02-10,1.0,0.925,1.0083333333333333,0.9833333333333333,0.9188582967044278,0.9688498340014837,0.9599607147342963,1.0177517480734977,0.9608484345693039,0.9442744392248658
hotel_56,2023-02-15,2023-02-10,1.0,0.925,1.0,1.0,0.9449524856765567,0.9688498340014837,0.9716504616436411,1.033152424978723,0.9597624174689839,0.9404814465665419
hotel_56,2023-02-16,2023-02-10,1.0,0.925,1.0,1.0,0.9577862304198911,0.9688498340014837,0.9697625759554778,1.0439111424213163,0.9604785200635995,0.9401767204043124
hotel_56,2023-02-17,2023-02-10,1.0,0.925,0.925,0.9916666666666667,0.978291638275675,0.9688498340014837,0.9534213868303424,0.9894383638713882,0.9389366188630387,0.9393123483739392
hotel_56,2023-02-18,2023-02-10,1.0,0.925,1.0,0.9916666666666667,1.0019120190116082,0.9688498340014837,0.9742540014719622,0.9394630422455963,0.944117480457617,0.9416320086463073
hotel_56,2023-02-19,2023-02-10,1.0,0.925,0.8416666666666667,1.0,0.867094741138341,0.9688498340014837,0.8749097858868553,0.9433093856205309,0.9053430437897492,0.9375415200264576
hotel_56,2023-02-20,2023-02-10,0.975,0.925,1.0,1.0,0.8804173989220663,0.9688498340014837,0.9279198289517332,0.9731209748008594,0.9434558694190157,0.9359646712692228
hotel_56,2023-02-21,2023-02-10,1.0,0.925,1.0083333333333333,0.8333333333333334,0.9188582967044278,0.9688498340014837,0.9599607147342963,0.9585687897545099,0.9511982099603736,0.9558045153876081
hotel_56,2023-02-22,2023-02-10,1.0,0.925,1.0,0.9916666666666667,0.9449524856765567,0.9688498340014837,0.9716504616436411,0.9870068213632729,0.9495086843908129,0.934790214663324
hotel_56,2023-02-23,2023-02-10,1.0,0.925,1.0,1.0,0.9577862304198911,0.9688498340014837,0.9697625759554778,1.0322661086977107,0.9497264679658949,0.9324162790952708
hotel_56,2023-02-24,2023-02-10,1.0,0.925,0.925,1.0,0.978291638275675,0.9688498340014837,0.9534213868303424,0.9875500154615557,0.9309418902048596,0.9318569818810909
hotel_56,2023-02-25,2023-02-10,1.0,0.925,1.0,1.0,1.0019120190116082,0.9688498340014837,0.9742540014719622,0.9558979542771157,0.9352961385848892,0.9324400318011498
hotel_56,2023-02-26,2023-02-10,0.85,0.925,0.8416666666666667,1.0,0.867094741138341,0.9688498340014837,0.8749097858868553,0.9773560684337239,0.9168359612432658,0.9302191387921872
hotel_56,2023-02-27,2023-02-10,1.0,0.925,1.0,1.0,0.8804173989220663,0.9688498340014837,0.9279198289517332,0.9757791776542738,0.9346343845220094,0.929582320796009
hotel_56,2023-02-28,2023-02-10,1.0,0.925,1.0083333333333333,0.9666666666666667,0.9188582967044278,0.9688498340014837,0.9599607147342963,0.9989672885514479,0.9405017083635042,0.9331192915685846
hotel_56,2023-03-01,2023-02-10,1.0,0.925,1.0,0.9,0.9449524856765567,0.9688498340014837,0.9716504616436411,0.9821966682241647,0.9398271689094774,0.9410059098798994
hotel_56,2023-03-02,2023-02-10,1.0,0.925,1.0,1.0,0.9577862304198911,0.9688498340014837,0.9697625759554778,1.0088579590768632,0.9400102048315313,0.9285355533947184
hotel_56,2023-03-03,2023-02-10,1.0,0.925,0.925,1.0,0.978291638275675,0.9688498340014837,0.9534213868303424,1.0162640711301703,0.9309315119112634,0.9290578039871832
hotel_56,2023-03-04,2023-02-10,0.9916666666666667,0.925,1.0,1.0,1.0019120190116082,0.9688498340014837,0.9742540014719622,0.9452670790222517,0.9330672114954827,0.9272695376661902
hotel_56,2023-03-05,2023-02-10,0.9166666666666666,0.925,0.8416666666666667,1.0,0.867094741138341,0.9688498340014837,0.8749097858868553,0.978568062855529,0.9212129179593112,0.9264783938499774
hotel_56,2023-03-06,2023-02-10,1.0,0.925,1.0,1.0,0.8804173989220663,0.9688498340014837,0.9279198289517332,0.9728761768640823,0.9327636066790634,0.9258471730827036
hotel_56,2023-03-07,2023-02-10,1.0,0.925,1.0083333333333333,0.8416666666666667,0.9188582967044278,0.9688498340014837,0.9599607147342963,0.9597650015734651,0.9357682000059391,0.9453064032744949
hotel_56,2023-03-08,2023-02-10,1.0,0.925,1.0,1.0,0.9449524856765567,0.9688498340014837,0.9716504616436411,1.0191683757455032,0.9352896202181199,0.9249552032038151
hotel_56,2023-03-09,2023-02-10,1.0,0.925,1.0,1.0083333333333333,0.9577862304198911,0.9688498340014837,0.9697625759554778,0.989183032943451,0.9353793968474047,0.9265534811929388
hotel_56,2023-03-10,2023-02-10,1.0,0.925,0.925,1.0,0.978291638275675,0.9688498340014837,0.9534213868303424,0.9884446238779168,0.9295968752256605,0.9255099140433805
hotel_56,2023-03-11,2023-03-10,1.0,1.0,0.9916666666666667,1.0,1.0374675322560463,0.995155412778869,1.0059897771997237,0.965105692682266,0.9803893148258049,0.9765853861560935
hotel_56,2023-03-12,2023-03-10,0.8916666666666667,1.0,0.9166666666666666,0.925,0.9060416801042387,0.995155412778869,0.9068343399542017,0.9538502610674323,0.923667815194938,0.9742531667509996
hotel_56,2023-03-13,2023-03-10,1.0,1.0,1.0,0.9916666666666667,0.9210694578400873,0.995155412778869,0.9644355099765264,0.9911229161425804,0.9689713308603252,0.9617401515150946
hotel_56,2023-03-14,2023-03-10,1.0,1.0,1.0,0.8416666666666667,0.9601530936278738,0.995155412778869,1.0094058947991167,1.0011082809488276,0.9664427361055005,0.9785955503030348
hotel_56,2023-03-15,2023-03-10,1.0,1.0,1.0,0.8166666666666667,0.9844670410006876,0.995155412778869,1.0074690446071617,0.9930995742272575,0.9651074835939448,0.979060703911714
hotel_56,2023-03-16,2023-03-10,1.0,1.0,1.0,1.0,0.996423012964206,0.995155412778869,1.0067286190758062,1.0222256100577083,0.9644023886924333,0.9551675788194086
hotel_56,2023-03-17,2023-03-10,1.0,1.0,1.0,1.0,1.0156472812428676,0.995155412778869,0.9959935994785519,1.0351073850103685,0.964030055507635,0.9532826335365828
hotel_56,2023-03-18,2023-03-10,1.0,1.0,0.9916666666666667,1.0,1.0374675322560463,0.995155412778869,1.0059897771997237,1.0444253922401483,0.9566668795851775,0.9518759991800485
hotel_56,2023-03-19,2023-03-10,1.0,1.0,0.9166666666666666,1.0,0.9060416801042387,0.995155412778869,0.9068343399542017,1.003110342882279,0.9271118090654721,0.9504744548657923
hotel_56,2023-03-20,2023-03-10,1.0,1.0,1.0,1.0,0.9210694578400873,0.995155412778869,0.9644355099765264,0.9522949147436978,0.9545953517967924,0.9494980496078992
hotel_56,2023-03-21,2023-03-10,1.0,1.0,1.0,1.0,0.9601530936278738,0.995155412778869,1.0094058947991167,0.955329614367009,0.9538264969609898,0.9478408052945189
hotel_56,2023-03-22,2023-03-10,1.0,1.0,1.0,0.975,0.9844670410006876,0.995155412778869,1.0074690446071617,0.9756310553572267,0.9534204946355604,0.9495788310533796
hotel_56,2023-03-23,2023-03-10,1.0,1.0,1.0,1.0,0.996423012964206,0.995155412778869,1.0067286190758062,0.9673237325719731,0.9532061006035818,0.9478187622596783
hotel_56,2023-03-24,2023-03-10,1.0,1.0,1.0,1.0,1.0156472812428676,0.995155412778869,0.9959935994785519,0.9925786744605909,0.9530928874565894,0.9443155725965864
hotel_56,2023-03-25,2023-03-10,1.0,1.0,0.9916666666666667,1.0,1.0374675322560463,0.995155412778869,1.0059897771997237,1.033597924600136,0.9475751294836987,0.9430700351561296
hotel_56,2023-03-26,2023-03-10,0.8833333333333333,1.0,0.9166666666666666,1.0,0.9060416801042387,0.995155412778869,0.9068343399542017,1.0031472543030144,0.9292046071949347,0.9420826838547216
hotel_56,2023-03-27,2023-03-10,1.0,1.0,1.0,1.0,0.9210694578400873,0.995155412778869,0.9644355099765264,0.9736435710712724,0.9450103075206,0.9412718030070655
hotel_56,2023-03-28,2023-03-10,0.9916666666666667,1.0,1.0,0.85,0.9601530936278738,0.995155412778869,1.0094058947991167,0.9732342306338696,0.9443516402364959,0.9584470320961508
hotel_56,2023-03-29,2023-03-10,1.0,1.0,1.0,1.0,0.9844670410006876,0.995155412778869,1.0074690446071617,0.9879191557546491,0.9440038236701199,0.9393136394548078
hotel_56,2023-03-30,2023-03-10,1.0,1.0,1.0,1.0,0.996423012964206,0.995155412778869,1.0067286190758062,1.0045529265664546,0.9438201552737001,0.9389784736449494
hotel_56,2023-03-31,2023-03-10,1.0,1.0,1.0,1.0,1.0156472812428676,0.995155412778869,0.9959935994785519,0.9907584726134483,0.9437231671394232,0.9391941889685594
hotel_56,2023-04-01,2023-03-10,1.0,1.0,0.9916666666666667,1.0,1.0374675322560463,0.995155412778869,1.0059897771997237,1.0162751097127845,0.9408466434023292,0.9370327898767717
hotel_56,2023-04-02,2023-03-10,1.0,1.0,0.9166666666666666,1.0,0.9060416801042387,0.995155412778869,0.9068343399542017,1.017101215269006,0.9304059168246916,0.9364413484413279
hotel_56,2023-04-03,2023-03-10,1.0,1.0,1.0,0.9916666666666667,0.9210694578400873,0.995155412778869,0.9644355099765264,0.9632699572651645,0.9397410941919627,0.9366283918183882
hotel_56,2023-04-04,2023-03-10,1.0,1.0,1.0,0.9166666666666666,0.9601530936278738,0.995155412778869,1.0094058947991167,0.9820554312918115,0.9394165862756563,0.9450808430003051
hotel_56,2023-04-05,2023-03-10,1.0,1.0,1.0,1.0,0.9844670410006876,0.995155412778869,1.0074690446071617,0.9849401356878531,0.939245226270483,0.9342996956008757
hotel_56,2023-04-06,2023-03-10,0.9666666666666667,1.0,1.0,1.0,0.996423012964206,0.995155412778869,1.0067286190758062,0.9686198102420874,0.9391547377187484,0.9360714362168462
hotel_56,2023-04-07,2023-03-10,0.9833333333333333,1.0,1.0,1.0,1.0156472812428676,0.995155412778869,0.9959935994785519,1.0216116763185412,0.9391069542351592,0.9331547316282048
hotel_56,2023-04-08,2023-04-07,1.0,0.9833333333333333,1.0,1.0,1.0208258409596045,0.9873110949228171,0.9855426289664252,0.9876420586972395,0.9751090707277806,0.9604776049936707
hotel_56,2023-04-09,2023-04-07,0.9166666666666666,0.9833333333333333,1.0,1.0,0.8941177288023681,0.9873110949228171,0.9159208341943035,0.992012663983306,0.949761527395639,0.9525184560200628
hotel_56,2023-04-10,2023-04-07,0.9833333333333333,0.9833333333333333,1.0,1.0,0.9115102015909258,0.9873110949228171,0.9770976265295873,0.9601032598786005,0.9684629607095248,0.9512507052086826
hotel_56,2023-04-11,2023-04-07,1.0,0.9833333333333333,1.0,0.8916666666666667,0.9493739790485953,0.9873110949228171,0.9866313782701579,0.9379623018124791,0.9657479376145823,0.9679553904555847
hotel_56,2023-04-12,2023-04-07,1.0,0.9833333333333333,1.0,1.0,0.972200835709424,0.9873110949228171,0.9877483660563342,0.9891553375818332,0.9666056033581834,0.9568587566167497
hotel_56,2023-04-13,2023-04-07,1.0,0.9833333333333333,0.9666666666666667,1.0,0.9832043680317467,0.9873110949228171,0.9822551715423992,0.9933220891329146,0.9565644904225108,0.9564967113915207
hotel_56,2023-04-14,2023-04-07,1.0,0.9833333333333333,0.9833333333333333,1.0,1.0005818727302267,0.9873110949228171,0.9836721193017605,0.9855400133624397,0.961235760016912,0.9494529505107394
hotel_56,2023-04-15,2023-04-07,1.0083333333333333,0.9833333333333333,1.0,1.0,1.0208258409596045,0.9873110949228171,0.9855426289664252,1.0147402341491385,0.9587472211898876,0.9385831584499693
hotel_56,2023-04-16,2023-04-07,0.9916666666666667,0.9833333333333333,1.0,1.0,0.8941177288023681,0.9873110949228171,0.9159208341943035,1.0251812950974146,0.9513197394509686,0.9336394821188319
hotel_56,2023-04-17,2023-04-07,0.9916666666666667,0.9833333333333333,1.0,1.0,0.9115102015909258,0.9873110949228171,0.9770976265295873,1.0304865143168245,0.9567362077261469,0.9342872608341082
hotel_56,2023-04-18,2023-04-07,1.0,0.9833333333333333,1.0,1.0,0.9493739790485953,0.9873110949228171,0.9866313782701579,1.005367768803298,0.9559319899027847,0.9385316080475243
hotel_56,2023-04-19,2023-04-07,1.0,0.9833333333333333,1.0,1.0,0.972200835709424,0.9873110949228171,0.9877483660563342,0.9553858739577267,0.9561741991782496,0.9420458362411757
hotel_56,2023-04-20,2023-04-07,0.8416666666666667,0.9833333333333333,0.9666666666666667,1.0,0.9832043680317467,0.9873110949228171,0.9822551715423992,0.9587481627837761,0.9472478982716753,0.9412216283532102
hotel_56,2023-04-21,2023-04-07,1.0083333333333333,0.9833333333333333,0.9833333333333333,1.0,1.0005818727302267,0.9873110949228171,0.9836721193017605,0.9725610532770645,0.9516053597424966,0.9363899111296446
hotel_56,2023-04-22,2023-04-07,1.0,0.9833333333333333,1.0,1.0,1.0208258409596045,0.9873110949228171,0.9855426289664252,0.9649171194837842,0.9493996288223736,0.9299842926494057
hotel_56,2023-04-23,2023-04-07,0.8583333333333333,0.9833333333333333,1.0,1.0,0.8941177288023681,0.9873110949228171,0.9159208341943035,0.9888449806267469,0.9426747860407012,0.9262581951155393
hotel_56,2023-04-24,2023-04-07,1.0,0.9833333333333333,1.0,1.0,0.9115102015909258,0.9873110949228171,0.9770976265295873,1.022958157874733,0.9476171552963083,0.9274555705352306
hotel_56,2023-04-25,2023-04-07,1.0,0.9833333333333333,1.0,0.8833333333333333,0.9493739790485953,0.9873110949228171,0.9866313782701579,0.9844396117710562,0.9468942284917691,0.9452848657798076
hotel_56,2023-04-26,2023-04-07,1.0,0.9833333333333333,1.0,1.0,0.972200835709424,0.9873110949228171,0.9877483660563342,0.9773125773697557,0.947119015738264,0.9353945680821815
hotel_56,2023-04-27,2023-04-07,0.95,0.9833333333333333,0.9666666666666667,0.9916666666666667,0.9832043680317467,0.9873110949228171,0.9822551715423992,0.9759573087643763,0.942713615507702,0.9382732135479916
hotel_56,2023-04-28,2023-04-07,1.0,0.9833333333333333,0.9833333333333333,1.0,1.0005818727302267,0.9873110949228171,0.9836721193017605,0.9897560152230338,0.9448226375762474,0.9313381150527376
hotel_56,2023-04-29,2023-04-07,0.9916666666666667,0.9833333333333333,1.0,1.0,1.0208258409596045,0.9873110949228171,0.9855426289664252,0.9988964814839408,0.9437327211450878,0.9263155031283212
hotel_56,2023-04-30,2023-04-07,0.725,0.9833333333333333,1.0,1.0,0.8941177288023681,0.9873110949228171,0.9159208341943035,0.986329454073772,0.9404385361019196,0.9237108586096908
hotel_56,2023-05-01,2023-04-07,0.7916666666666666,0.9833333333333333,1.0,1.0,0.9115102015909258,0.9873110949228171,0.9770976265295873,1.0082949664605962,0.9428519486236339,0.9248579708581102
hotel_56,2023-05-02,2023-04-07,0.9666666666666667,0.9833333333333333,1.0,1.0,0.9493739790485953,0.9873110949228171,0.9866313782701579,1.004339253505621,0.9424967833487241,0.9288337903250738
hotel_56,2023-05-03,2023-04-07,1.0,0.9833333333333333,1.0,1.0,0.972200835709424,0.9873110949228171,0.9877483660563342,0.9692349039206735,0.9426058032373721,0.9323452801130051
hotel_56,2023-05-04,2023-04-07,0.975,0.9833333333333333,0.9666666666666667,1.0,0.9832043680317467,0.9873110949228171,0.9822551715423992,0.9832059089838968,0.9397169049147024,0.9335580240363948
hotel_56,2023-05-05,2023-04-07,0.9916666666666667,0.9833333333333333,0.9833333333333333,1.0,1.0005818727302267,0.9873110949228171,0.9836721193017605,0.9851115522529,0.9411150650017696,0.929260608964574
hotel_56,2023-05-06,2023-05-05,0.9833333333333333,0.9916666666666667,0.9916666666666667,0.9666666666666667,1.011364868531082,0.9566948024446107,0.9888576724757552,0.925160195194914,0.9704653972994286,0.9746629877777143
hotel_56,2023-05-07,2023-05-05,0.75,0.9916666666666667,0.725,0.9833333333333333,0.8845981351018591,0.9566948024446107,0.8896418315524636,0.9741224382820709,0.8865422211899618,0.9602712695912008
hotel_56,2023-05-08,2023-05-05,1.0,0.9916666666666667,0.7916666666666666,1.0,0.9051454367411942,0.9566948024446107,0.9517117933828474,0.947170674717166,0.9281127438275517,0.9550270460060096
hotel_56,2023-05-09,2023-05-05,1.0,0.9916666666666667,0.9666666666666667,0.9166666666666666,0.9425456251316073,0.9566948024446107,0.9826555340630739,0.9446931445819393,0.9564828365819397,0.9646943670271305
hotel_56,2023-05-10,2023-05-05,0.8166666666666667,0.9916666666666667,1.0,0.9833333333333333,0.9646909017384555,0.9566948024446107,0.9900072690159982,0.9248841186900629,0.9618431167019509,0.95714760287923
hotel_56,2023-05-11,2023-05-05,0.625,0.9916666666666667,0.975,1.0,0.9714970558106815,0.9566948024446107,0.9510115738917729,0.9097318599140196,0.9381744273564914,0.9569782600317727
hotel_56,2023-05-12,2023-05-05,0.975,0.9916666666666667,0.9916666666666667,1.0,0.9921940755506791,0.9566948024446107,0.9911866459167977,0.9565262812179737,0.960044224268662,0.9554072340908957
hotel_56,2023-05-13,2023-05-05,0.8833333333333333,0.9916666666666667,0.9916666666666667,1.0,1.011364868531082,0.9566948024446107,0.9888576724757552,0.9545519266572242,0.9575948934513774,0.9556591697790152
hotel_56,2023-05-14,2023-05-05,0.7416666666666667,0.9916666666666667,0.725,1.0,0.8845981351018591,0.9566948024446107,0.8896418315524636,0.9479975269720798,0.8873541499371348,0.9556846021740442
hotel_56,2023-05-15,2023-05-05,1.0083333333333333,0.9916666666666667,0.7916666666666666,1.0083333333333333,0.9051454367411942,0.9566948024446107,0.9517117933828474,0.9786453269629526,0.9256699739441712,0.9544015558025803
hotel_56,2023-05-16,2023-05-05,1.0,0.9916666666666667,0.9666666666666667,0.9916666666666667,0.9425456251316073,0.9566948024446107,0.9826555340630739,0.9845357076335833,0.9518504990882213,0.9563612912610909
hotel_56,2023-05-17,2023-05-05,0.975,0.9916666666666667,1.0,0.9916666666666667,0.9646909017384555,0.9566948024446107,0.9900072690159982,0.9854821716240308,0.9567857612072542,0.9563626178885463
hotel_56,2023-05-18,2023-05-05,0.8,0.9916666666666667,0.975,1.0,0.9714970558106815,0.9566948024446107,0.9510115738917729,0.9767160674959648,0.9349609924070718,0.9553811305219062
hotel_56,2023-05-19,2023-05-05,0.975,0.9916666666666667,0.9916666666666667,1.0,0.9921940755506791,0.9566948024446107,0.9911866459167977,0.9311511472614259,0.955128707745645,0.9553860573661526
hotel_56,2023-05-20,2023-05-05,0.9083333333333333,0.9916666666666667,0.9916666666666667,0.8416666666666667,1.011364868531082,0.9566948024446107,0.9888576724757552,0.9105233205375498,0.9528713953983997,0.9740405970492348
hotel_56,2023-05-21,2023-05-05,0.625,0.9916666666666667,0.725,1.0083333333333333,0.8845981351018591,0.9566948024446107,0.8896418315524636,0.9448163070833923,0.8880869020634861,0.9544394993887931
hotel_56,2023-05-22,2023-05-05,0.9,0.9916666666666667,0.7916666666666666,1.0,0.9051454367411942,0.9566948024446107,0.9517117933828474,0.9360877136561897,0.9234264212739648,0.9554126667448969
hotel_56,2023-05-23,2023-05-05,0.825,0.9916666666666667,0.9666666666666667,0.8583333333333333,0.9425456251316073,0.9566948024446107,0.9826555340630739,0.9372549283633991,0.9475725402235154,0.9720766480295061
hotel_56,2023-05-24,2023-05-05,0.85,0.9916666666666667,1.0,1.0,0.9646909017384555,0.9566948024446107,0.9900072690159982,0.985323133297711,0.9521245666722783,0.9553793498989906
hotel_56,2023-05-25,2023-05-05,1.0,0.9916666666666667,0.975,1.0,0.9714970558106815,0.9566948024446107,0.9510115738917729,0.9552337315976582,0.9319953246372863,0.956999907895962
hotel_56,2023-05-26,2023-05-05,0.9416666666666667,0.9916666666666667,0.9916666666666667,1.0,0.9921940755506791,0.9566948024446107,0.9911866459167977,0.9535903555603198,0.9505962065156767,0.9553815619001701
hotel_56,2023-05-27,2023-05-05,1.0083333333333333,0.9916666666666667,0.9916666666666667,0.95,1.011364868531082,0.9566948024446107,0.9888576724757552,0.9429843965079727,0.9485142321874707,0.9616329574203857
hotel_56,2023-05-28,2023-05-05,0.975,0.9916666666666667,0.725,1.0,0.8845981351018591,0.9566948024446107,0.8896418315524636,0.9662167829342718,0.8887631053464918,0.9553794199541503
hotel_56,2023-05-29,2023-05-05,0.6,0.9916666666666667,0.7916666666666666,0.9916666666666667,0.9051454367411942,0.9566948024446107,0.9517117933828474,0.9673653740181124,0.9213569549493132,0.9563678962510105
hotel_56,2023-05-30,2023-05-05,0.8333333333333334,0.9916666666666667,0.9666666666666667,0.725,0.9425456251316073,0.9566948024446107,0.9826555340630739,0.912556908600512,0.9436270824116415,0.9878067727844073
hotel_56,2023-05-31,2023-05-05,0.85,0.9916666666666667,1.0,0.7916666666666666,0.9646909017384555,0.9566948024446107,0.9900072690159982,0.9420025061366234,0.947825440587099,0.9799319296319857
hotel_56,2023-06-01,2023-05-05,0.8583333333333333,0.9916666666666667,0.975,0.9666666666666667,0.9714970558106815,0.9566948024446107,0.9510115738917729,0.9637290319677756,0.9292601152959558,0.9593102584019916
hotel_56,2023-06-02,2023-05-05,0.9416666666666667,0.9916666666666667,0.9916666666666667,1.0,0.9921940755506791,0.9566948024446107,0.9911866459167977,0.9509760343080503,0.9464158254481471,0.9553937626365888
hotel_56,2023-06-03,2023-06-02,0.9833333333333333,0.9416666666666667,1.0083333333333333,0.975,0.9225575267579209,0.8737387505735773,0.9104312300684854,0.8771531191705502,0.9503474028396608,0.9125556684406061
hotel_56,2023-06-04,2023-06-02,0.7666666666666667,0.9416666666666667,0.975,0.9916666666666667,0.7934296645717199,0.8737387505735773,0.7522845330253927,0.8840338317790838,0.8919645448122542,0.8907090343635656
hotel_56,2023-06-05,2023-06-02,0.875,0.9416666666666667,0.6,0.9833333333333333,0.8186381137190706,0.8737387505735773,0.8434745274940691,0.8584479316680097,0.8278417113477843,0.8935895189338325
hotel_56,2023-06-06,2023-06-02,1.0,0.9416666666666667,0.8333333333333334,0.75,0.8563804883667919,0.8737387505735773,0.8931781962748592,0.8626638387273083,0.8843222344774567,0.9193011135923208
hotel_56,2023-06-07,2023-06-02,0.925,0.9416666666666667,0.85,1.0,0.8750441218515934,0.8737387505735773,0.8757127301355973,0.8772925295643065,0.8935828130306902,0.8944932604524997
hotel_56,2023-06-08,2023-06-02,0.8833333333333333,0.9416666666666667,0.8583333333333333,1.0,0.878815493250656,0.8737387505735773,0.8273446649738818,0.879211550485219,0.9218154907399233,0.8968053816563055
hotel_56,2023-06-09,2023-06-02,1.0166666666666666,0.9416666666666667,0.9416666666666667,0.8166666666666667,0.9061319672670852,0.8737387505735773,0.9346635050282464,0.83465297796641,0.9365628814757792,0.9165563545105261
hotel_56,2023-06-10,2023-06-02,1.0083333333333333,0.9416666666666667,1.0083333333333333,0.625,0.9225575267579209,0.8737387505735773,0.9104312300684854,0.7901509824905243,0.9505874881696544,0.9377909051993374
hotel_56,2023-06-11,2023-06-02,0.725,0.9416666666666667,0.975,0.975,0.7934296645717199,0.8737387505735773,0.7522845330253927,0.887054906731712,0.9275224635493912,0.9023267517440472
hotel_56,2023-06-12,2023-06-02,0.9416666666666667,0.9416666666666667,0.6,0.8833333333333333,0.8186381137190706,0.8737387505735773,0.8434745274940691,0.8651645877817142,0.8441027586779375,0.9130683845017927
hotel_56,2023-06-13,2023-06-02,1.05,0.9416666666666667,0.8333333333333334,0.7416666666666667,0.8563804883667919,0.8737387505735773,0.8931781962748592,0.8380004197721598,0.9009349811117295,0.9289590686336316
hotel_56,2023-06-14,2023-06-02,1.0083333333333333,0.9416666666666667,0.85,1.0083333333333333,0.8750441218515934,0.8737387505735773,0.8757127301355973,0.910636717271955,0.9065471226172387,0.9020478136671524
hotel_56,2023-06-15,2023-06-02,0.975,0.9416666666666667,0.8583333333333333,1.0,0.878815493250656,0.8737387505735773,0.8273446649738818,0.9139330893844901,0.9163649090474126,0.9040931525113103
hotel_56,2023-06-16,2023-06-02,0.9666666666666667,0.9416666666666667,0.9416666666666667,0.975,0.9061319672670852,0.8737387505735773,0.9346635050282464,0.9077920164340594,0.9350506635626555,0.907649422307945
hotel_56,2023-06-17,2023-06-02,0.95,0.9416666666666667,1.0083333333333333,0.8,0.9225575267579209,0.8737387505735773,0.9104312300684854,0.8810477540938964,0.9407071551803198,0.9267308297775579
hotel_56,2023-06-18,2023-06-02,0.75,0.9416666666666667,0.975,0.975,0.7934296645717199,0.8737387505735773,0.7522845330253927,0.8719357178904488,0.9238333457887866,0.9093162575344444
hotel_56,2023-06-19,2023-06-02,0.85,0.9416666666666667,0.6,0.9083333333333333,0.8186381137190706,0.8737387505735773,0.8434745274940691,0.8426049594446651,0.8880442719037076,0.9188184881872439
hotel_56,2023-06-20,2023-06-02,1.0083333333333333,0.9416666666666667,0.8333333333333334,0.625,0.8563804883667919,0.8737387505735773,0.8931781962748592,0.8274235748671585,0.9146229873392427,0.9473639007003346
hotel_56,2023-06-21,2023-06-02,0.9416666666666667,0.9416666666666667,0.85,0.9,0.8750441218515934,0.8737387505735773,0.8757127301355973,0.8625962942109571,0.917879852941004,0.9194799697240035
hotel_56,2023-06-22,2023-06-02,0.9083333333333333,0.9416666666666667,0.8583333333333333,0.825,0.878815493250656,0.8737387505735773,0.8273446649738818,0.851717209677642,0.9256427814186284,0.9295565928324335
hotel_56,2023-06-23,2023-06-02,0.9666666666666667,0.9416666666666667,0.9416666666666667,0.85,0.9061319672670852,0.8737387505735773,0.9346635050282464,0.8947459578227974,0.933725352222188,0.9260713483845816
hotel_56,2023-06-24,2023-06-02,1.0083333333333333,0.9416666666666667,1.0083333333333333,1.0,0.9225575267579209,0.8737387505735773,0.9104312300684854,0.8944461715826799,0.9378131640267953,0.9111798757994035
hotel_56,2023-06-25,2023-06-02,1.0,0.9416666666666667,0.975,0.9416666666666667,0.7934296645717199,0.8737387505735773,0.7522845330253927,0.889314058173358,0.9288411125863365,0.9177444067033675
hotel_56,2023-06-26,2023-06-02,1.0,0.9416666666666667,0.6,1.0083333333333333,0.8186381137190706,0.8737387505735773,0.8434745274940691,0.8873769662463354,0.9038895677775637,0.9119333565511673
hotel_56,2023-06-27,2023-06-02,1.0166666666666666,0.9416666666666667,0.8333333333333334,0.975,0.8563804883667919,0.8737387505735773,0.8931781962748592,0.9079698825116876,0.9215410439069551,0.9153908926524243
hotel_56,2023-06-28,2023-06-02,0.9833333333333333,0.9416666666666667,0.85,0.6,0.8750441218515934,0.8737387505735773,0.8757127301355973,0.84525627820409,0.9234719372423617,0.9551592092349661
hotel_56,2023-06-29,2023-06-02,0.8666666666666667,0.9416666666666667,0.8583333333333333,0.8333333333333334,0.878815493250656,0.8737387505735773,0.8273446649738818,0.8292142937997735,0.9274633983497369,0.9342025732135563
hotel_56,2023-06-30,2023-06-02,0.9583333333333334,0.9416666666666667,0.9416666666666667,0.85,0.9061319672670852,0.8737387505735773,0.9346635050282464,0.8582396386524488,0.9330720529319962,0.93220836086425
hotel_63,2023-02-11,2023-02-10,0.6888888888888889,0.8533333333333334,0.8977777777777778,0.5422222222222223,0.9540040215384962,0.7322233735259043,0.8400242730023239,0.6987852320503596,0.8623676104463726,0.7936177869006007
hotel_63,2023-02-12,2023-02-10,0.35555555555555557,0.8533333333333334,0.6133333333333333,0.8933333333333333,0.6657673542576502,0.7322233735259043,0.7129051824555255,0.7677330394960038,0.7815951470399569,0.6808055233303337
hotel_63,2023-02-13,2023-02-10,0.5022222222222222,0.8533333333333334,0.6888888888888889,0.5511111111111111,0.664881624497836,0.7322233735259043,0.6856317078391296,0.7570654813217993,0.8028780343410732,0.6992402133439075
hotel_63,2023-02-14,2023-02-10,0.6488888888888888,0.8533333333333334,0.5111111111111111,0.3244444444444444,0.7187666847429857,0.7322233735259043,0.7753144832924652,0.7341631567948531,0.7030039795390994,0.7283430181563704
hotel_63,2023-02-15,2023-02-10,0.96,0.8533333333333334,0.5777777777777777,0.24444444444444444,0.7381215501456785,0.7322233735259043,0.7505330331342467,0.6424301148761523,0.6501051846109354,0.7484417713018908
hotel_63,2023-02-16,2023-02-10,0.9822222222222222,0.8533333333333334,0.9511111111111111,0.24888888888888888,0.7447428509451167,0.7322233735259043,0.7599383877844447,0.6407441723420548,0.78730565646548,0.7577902385667863
hotel_63,2023-02-17,2023-02-10,0.8711111111111111,0.8533333333333334,0.8533333333333334,0.3022222222222222,0.8947852230429162,0.7322233735259043,0.8864043901624739,0.658863963127111,0.770798543386695,0.7571216559277223
hotel_63,2023-02-18,2023-02-10,1.008888888888889,0.8533333333333334,0.8977777777777778,0.4266666666666667,0.9540040215384962,0.7322233735259043,0.8400242730023239,0.6895958491310208,0.7998126119033074,0.7434196286543442
hotel_63,2023-02-19,2023-02-10,0.9955555555555555,0.8533333333333334,0.6133333333333333,0.9733333333333334,0.6657673542576502,0.7322233735259043,0.7129051824555255,0.7857015095795182,0.7180282325609696,0.6723738566291257
hotel_63,2023-02-20,2023-02-10,0.5555555555555556,0.8533333333333334,0.6888888888888889,0.7555555555555555,0.664881624497836,0.7322233735259043,0.6856317078391296,0.7088314570953712,0.7500342156006696,0.6998409766355185
hotel_63,2023-02-21,2023-02-10,0.7333333333333333,0.8533333333333334,0.5111111111111111,0.9511111111111111,0.7187666847429857,0.7322233735259043,0.7753144832924652,0.8541415195701365,0.6789054960521755,0.6734795704753861
hotel_63,2023-02-22,2023-02-10,0.7555555555555555,0.8533333333333334,0.5777777777777777,0.49333333333333335,0.7381215501456785,0.7322233735259043,0.7505330331342467,0.769961947655648,0.6777841217094404,0.7324631535072512
hotel_63,2023-02-23,2023-02-10,0.7511111111111111,0.8533333333333334,0.9511111111111111,0.6355555555555555,0.7447428509451167,0.7322233735259043,0.7599383877844447,0.7811999801200114,0.8110185527928426,0.7137186164495994
hotel_63,2023-02-24,2023-02-10,0.7422222222222222,0.8533333333333334,0.8533333333333334,0.72,0.8947852230429162,0.7322233735259043,0.8864043901624739,0.744253430181281,0.78195826005099,0.702716728520635
hotel_63,2023-02-25,2023-02-10,0.6711111111111111,0.8533333333333334,0.8977777777777778,0.7244444444444444,0.9540040215384962,0.7322233735259043,0.8400242730023239,0.6694531918232024,0.7926513379757343,0.7022166905406337
hotel_63,2023-02-26,2023-02-10,0.8933333333333333,0.8533333333333334,0.6133333333333333,0.6622222222222223,0.6657673542576502,0.7322233735259043,0.7129051824555255,0.6596234411088907,0.7444311142903723,0.710397658330227
hotel_63,2023-02-27,2023-02-10,0.96,0.8533333333333334,0.6888888888888889,0.7422222222222222,0.664881624497836,0.7322233735259043,0.6856317078391296,0.6326316015379477,0.7596661093161328,0.7000421640965835
hotel_63,2023-02-28,2023-02-10,0.9288888888888889,0.8533333333333334,0.5111111111111111,0.7866666666666666,0.7187666847429857,0.7322233735259043,0.7753144832924652,0.7265938732420513,0.7117848928684843,0.6942813693525605
hotel_63,2023-03-01,2023-02-10,0.6577777777777778,0.8533333333333334,0.5777777777777777,0.8622222222222222,0.7381215501456785,0.7322233735259043,0.7505330331342467,0.6849462606412239,0.6996228164577877,0.6844512553140876
hotel_63,2023-03-02,2023-02-10,0.49333333333333335,0.8533333333333334,0.9511111111111111,0.9644444444444444,0.7447428509451167,0.7322233735259043,0.7599383877844447,0.7064181084517335,0.7779223810587308,0.6711423582452462
hotel_63,2023-03-03,2023-02-10,0.6,0.8533333333333334,0.8533333333333334,0.6844444444444444,0.8947852230429162,0.7322233735259043,0.8864043901624739,0.751295088377399,0.7645885337531702,0.7075701803758498
hotel_63,2023-03-04,2023-02-10,0.7066666666666667,0.8533333333333334,0.8977777777777778,0.7155555555555555,0.9540040215384962,0.7322233735259043,0.8400242730023239,0.7163845970198934,0.7754924604205033,0.7035166837207039
hotel_63,2023-03-05,2023-02-10,0.29333333333333333,0.8533333333333334,0.6133333333333333,0.8,0.6657673542576502,0.7322233735259043,0.7129051824555255,0.7610844369476454,0.7405783671838106,0.69252602638549
hotel_63,2023-03-06,2023-02-10,0.3022222222222222,0.8533333333333334,0.6888888888888889,0.8977777777777778,0.664881624497836,0.7322233735259043,0.6856317078391296,0.71479835452901,0.7535490390796762,0.6798022936922027
hotel_63,2023-03-07,2023-02-10,0.92,0.8533333333333334,0.5111111111111111,0.6133333333333333,0.7187666847429857,0.7322233735259043,0.7753144832924652,0.7356474446308305,0.720935635366834,0.7168168321588715
hotel_63,2023-03-08,2023-02-10,0.8888888888888888,0.8533333333333334,0.5777777777777777,0.6888888888888889,0.7381215501456785,0.7322233735259043,0.7505330331342467,0.7612682542208151,0.7166214362721854,0.7069857246858157
hotel_63,2023-03-09,2023-02-10,0.8488888888888889,0.8533333333333334,0.9511111111111111,0.5111111111111111,0.7447428509451167,0.7322233735259043,0.7599383877844447,0.6299674248828965,0.7744138570730941,0.7301198937912511
hotel_63,2023-03-10,2023-02-10,1.0,0.8533333333333334,0.8533333333333334,0.5777777777777777,0.8947852230429162,0.7322233735259043,0.8864043901624739,0.6345780443355427,0.7633391071310403,0.7214449633505107
hotel_63,2023-03-11,2023-03-10,0.9955555555555555,1.0,0.7066666666666667,0.9511111111111111,1.0456929596617055,0.7450619953185418,0.9574078746704504,0.8962367702258636,0.9047724997145634,0.8019626279074286
hotel_63,2023-03-12,2023-03-10,0.88,1.0,0.29333333333333333,0.8533333333333334,0.7674238255592443,0.7450619953185418,0.8334208508360019,0.872872293075186,0.7118321387713973,0.7204434771567518
hotel_63,2023-03-13,2023-03-10,0.9866666666666667,1.0,0.3022222222222222,0.6888888888888889,0.7631735182808732,0.7450619953185418,0.7768375023771656,0.7273415436630136,0.6621160544485637,0.7035001622927666
hotel_63,2023-03-14,2023-03-10,0.9733333333333334,1.0,0.92,0.35555555555555557,0.8275473739131025,0.7450619953185418,0.9245347434082346,0.7531805018417417,0.8061326502285585,0.7476446725886864
hotel_63,2023-03-15,2023-03-10,0.9377777777777778,1.0,0.8888888888888888,0.5022222222222222,0.8452480304311073,0.7450619953185418,0.9075774427947974,0.752823691005781,0.7035503009999429,0.7390468159400733
hotel_63,2023-03-16,2023-03-10,0.8311111111111111,1.0,0.8488888888888889,0.6488888888888888,0.8490478139715076,0.7450619953185418,0.9232208963297178,0.7527072989410694,0.6524962744394582,0.7321722862955593
hotel_63,2023-03-17,2023-03-10,0.8844444444444445,1.0,1.0,0.96,0.9909943205726846,0.7450619953185418,0.9619778644712564,0.7237236970268934,0.7401980043450015,0.6971809441914972
hotel_63,2023-03-18,2023-03-10,0.8755555555555555,1.0,0.7066666666666667,0.9822222222222222,1.0456929596617055,0.7450619953185418,0.9574078746704504,0.7273979447311058,0.7537413131560371,0.6981785398820544
hotel_63,2023-03-19,2023-03-10,0.4088888888888889,1.0,0.29333333333333333,0.8711111111111111,0.7674238255592443,0.7450619953185418,0.8334208508360019,0.7212527807491671,0.6066276569035534,0.7145782657380096
hotel_63,2023-03-20,2023-03-10,0.4888888888888889,1.0,0.3022222222222222,1.008888888888889,0.7631735182808732,0.7450619953185418,0.7768375023771656,0.7706624120832275,0.6026456082223978,0.6936995516694805
hotel_63,2023-03-21,2023-03-10,0.6266666666666667,1.0,0.92,0.9955555555555555,0.8275473739131025,0.7450619953185418,0.9245347434082346,0.8655635735837107,0.8014156115085033,0.694231043470796
hotel_63,2023-03-22,2023-03-10,0.5333333333333333,1.0,0.8888888888888888,0.5555555555555556,0.8452480304311073,0.7450619953185418,0.9075774427947974,0.7156477223385778,0.7623459859882133,0.7562704728072375
hotel_63,2023-03-23,2023-03-10,0.8666666666666667,1.0,0.8488888888888889,0.7333333333333333,0.8490478139715076,0.7450619953185418,0.9232208963297178,0.8779187074205036,0.7347541832955231,0.7303886686847085
hotel_63,2023-03-24,2023-03-10,0.9377777777777778,1.0,1.0,0.7555555555555555,0.9909943205726846,0.7450619953185418,0.9619778644712564,0.806532811593298,0.7956580509074583,0.7271447829014922
hotel_63,2023-03-25,2023-03-10,0.9555555555555556,1.0,0.7066666666666667,0.7511111111111111,1.0456929596617055,0.7450619953185418,0.9574078746704504,0.8149003054462854,0.7740730905324101,0.7278878032331006
hotel_63,2023-03-26,2023-03-10,0.5333333333333333,1.0,0.29333333333333333,0.7422222222222222,0.7674238255592443,0.7450619953185418,0.8334208508360019,0.7951167107023804,0.6805265250800931,0.7292945026692257
hotel_63,2023-03-27,2023-03-10,0.9422222222222222,1.0,0.3022222222222222,0.6711111111111111,0.7631735182808732,0.7450619953185418,0.7768375023771656,0.7137267949622247,0.6664642283755245,0.7395702089539765
hotel_63,2023-03-28,2023-03-10,1.0044444444444445,1.0,0.92,0.8933333333333333,0.8275473739131025,0.7450619953185418,0.9245347434082346,0.7430797319965686,0.7621576914133033,0.7077998403489708
hotel_63,2023-03-29,2023-03-10,0.8,1.0,0.8888888888888888,0.96,0.8452480304311073,0.7450619953185418,0.9075774427947974,0.7215665753855773,0.7255369025961752,0.6982630116111614
hotel_63,2023-03-30,2023-03-10,0.7466666666666667,1.0,0.8488888888888889,0.9288888888888889,0.8490478139715076,0.7450619953185418,0.9232208963297178,0.7949888528489375,0.7051346466374677,0.702707237843658
hotel_63,2023-03-31,2023-03-10,1.0044444444444445,1.0,1.0,0.6577777777777778,0.9909943205726846,0.7450619953185418,0.9619778644712564,0.7223227884124961,0.7455446376646783,0.7415079334381268
hotel_63,2023-04-01,2023-03-10,0.9777777777777777,1.0,0.7066666666666667,0.49333333333333335,1.0456929596617055,0.7450619953185418,0.9574078746704504,0.7181561630066301,0.7425734651106216,0.7650412245359556
hotel_63,2023-04-02,2023-03-10,0.6222222222222222,1.0,0.29333333333333333,0.6,0.7674238255592443,0.7450619953185418,0.8334208508360019,0.7626041037231921,0.6782563538627209,0.7497657236527199
hotel_63,2023-04-03,2023-03-10,0.8444444444444444,1.0,0.3022222222222222,0.7066666666666667,0.7631735182808732,0.7450619953185418,0.7768375023771656,0.7515727609026058,0.6730149929328593,0.7344938676545489
hotel_63,2023-04-04,2023-03-10,0.8133333333333334,1.0,0.92,0.29333333333333333,0.8275473739131025,0.7450619953185418,0.9245347434082346,0.7240063609958475,0.7506923499476422,0.7936697982920455
hotel_63,2023-04-05,2023-03-10,0.7244444444444444,1.0,0.8888888888888888,0.3022222222222222,0.8452480304311073,0.7450619953185418,0.9075774427947974,0.6809527691261554,0.7299103990968223,0.7923984821061539
hotel_63,2023-04-06,2023-03-10,0.7911111111111111,1.0,0.8488888888888889,0.92,0.8490478139715076,0.7450619953185418,0.9232208963297178,0.7970096122413426,0.7168786721649912,0.7039550146205087
hotel_63,2023-04-07,2023-03-10,0.8666666666666667,1.0,1.0,0.8888888888888888,0.9909943205726846,0.7450619953185418,0.9619778644712564,0.8140022882676728,0.7440203072103407,0.7084095119097198
hotel_63,2023-04-08,2023-04-07,0.8933333333333333,0.8666666666666667,0.9777777777777777,0.8488888888888889,0.9433775114638809,0.8104756935431923,0.8696953774072276,0.7414161954253458,0.8644340499740387,0.8271980427288791
hotel_63,2023-04-09,2023-04-07,0.5688888888888889,0.8666666666666667,0.6222222222222222,1.0,0.6612122181820597,0.8104756935431923,0.6053808222819642,0.7827221123825164,0.6515968600235711,0.7748943158808121
hotel_63,2023-04-10,2023-04-07,0.7022222222222222,0.8666666666666667,0.8444444444444444,0.9955555555555555,0.6698040765928308,0.8104756935431923,0.7163364528869727,0.9875940973621395,0.8290025420349187,0.7608917155259269
hotel_63,2023-04-11,2023-04-07,0.7244444444444444,0.8666666666666667,0.8133333333333334,0.88,0.7329893302079129,0.8104756935431923,0.8348143415835627,0.9470021014896497,0.8410266107896649,0.7770195840469468
hotel_63,2023-04-12,2023-04-07,0.7955555555555556,0.8666666666666667,0.7244444444444444,0.9866666666666667,0.7441264629229638,0.8104756935431923,0.7515564525497384,0.817444381291279,0.7671587202468755,0.7690828893061319
hotel_63,2023-04-13,2023-04-07,0.8222222222222222,0.8666666666666667,0.7911111111111111,0.9733333333333334,0.7510310418893741,0.8104756935431923,0.7745732078477686,0.8451016222890646,0.7787513117902242,0.7753748477528292
hotel_63,2023-04-14,2023-04-07,1.008888888888889,0.8666666666666667,0.8666666666666667,0.9377777777777778,0.8912269835073008,0.8104756935431923,0.8703099149647758,0.8282746141427925,0.8710565042614683,0.7781321475482343
hotel_63,2023-04-15,2023-04-07,1.0044444444444445,0.8666666666666667,0.9777777777777777,0.8311111111111111,0.9433775114638809,0.8104756935431923,0.8696953774072276,0.8107388357155644,0.8660219914219157,0.7889627007483544
hotel_63,2023-04-16,2023-04-07,0.3466666666666667,0.8666666666666667,0.6222222222222222,0.8844444444444445,0.6612122181820597,0.8104756935431923,0.6053808222819642,0.8053899697615732,0.711547293924464,0.7784382137817383
hotel_63,2023-04-17,2023-04-07,0.4533333333333333,0.8666666666666667,0.8444444444444444,0.8755555555555555,0.6698040765928308,0.8104756935431923,0.7163364528869727,0.8046532509683685,0.8234162523820926,0.7792208332002212
hotel_63,2023-04-18,2023-04-07,0.5688888888888889,0.8666666666666667,0.8133333333333334,0.4088888888888889,0.7329893302079129,0.8104756935431923,0.8348143415835627,0.7204224869314804,0.8193987293075305,0.8357855291392603
hotel_63,2023-04-19,2023-04-07,0.8533333333333334,0.8666666666666667,0.7244444444444444,0.4888888888888889,0.7441264629229638,0.8104756935431923,0.7515564525497384,0.7769510433121717,0.7738876646943258,0.8242152185743237
hotel_63,2023-04-20,2023-04-07,0.8933333333333333,0.8666666666666667,0.7911111111111111,0.6266666666666667,0.7510310418893741,0.8104756935431923,0.7745732078477686,0.8914940862753502,0.7940735552136917,0.8072518964309919
hotel_63,2023-04-21,2023-04-07,0.9288888888888889,0.8666666666666667,0.8666666666666667,0.5333333333333333,0.8912269835073008,0.8104756935431923,0.8703099149647758,0.7289372752697446,0.8413489357286175,0.8247645586796094
hotel_63,2023-04-22,2023-04-07,0.9511111111111111,0.8666666666666667,0.9777777777777777,0.8666666666666667,0.9433775114638809,0.8104756935431923,0.8696953774072276,0.9273460573933149,0.8388915455206916,0.7825713963690366
hotel_63,2023-04-23,2023-04-07,0.48,0.8666666666666667,0.6222222222222222,0.9377777777777778,0.6612122181820597,0.8104756935431923,0.6053808222819642,0.8765705383769924,0.7369407855319869,0.7745894996678067
hotel_63,2023-04-24,2023-04-07,0.4222222222222222,0.8666666666666667,0.8444444444444444,0.9555555555555556,0.6698040765928308,0.8104756935431923,0.7163364528869727,0.8856568883784163,0.8163490236609263,0.7723402661438745
hotel_63,2023-04-25,2023-04-07,0.5066666666666667,0.8666666666666667,0.8133333333333334,0.5333333333333333,0.7329893302079129,0.8104756935431923,0.8348143415835627,0.8116906798105245,0.8181158316488764,0.8221412152100182
hotel_63,2023-04-26,2023-04-07,0.5155555555555555,0.8666666666666667,0.7244444444444444,0.9422222222222222,0.7441264629229638,0.8104756935431923,0.7515564525497384,0.8012396434321145,0.7853567698332182,0.7748631324830608
hotel_63,2023-04-27,2023-04-07,0.5333333333333333,0.8666666666666667,0.7911111111111111,1.0044444444444445,0.7510310418893741,0.8104756935431923,0.7745732078477686,0.8462001945681822,0.7946331140516203,0.7645080944005004
hotel_63,2023-04-28,2023-04-07,0.8888888888888888,0.8666666666666667,0.8666666666666667,0.8,0.8912269835073008,0.8104756935431923,0.8703099149647758,0.7933997191949776,0.8328181563896354,0.7876036163624569
hotel_63,2023-04-29,2023-04-07,0.9466666666666667,0.8666666666666667,0.9777777777777777,0.7466666666666667,0.9433775114638809,0.8104756935431923,0.8696953774072276,0.8407240980043375,0.8309707100898523,0.7942478519066964
hotel_63,2023-04-30,2023-04-07,0.6711111111111111,0.8666666666666667,0.6222222222222222,1.0044444444444445,0.6612122181820597,0.8104756935431923,0.6053808222819642,0.8191192152070148,0.7604988405979123,0.7674681288055053
hotel_63,2023-05-01,2023-04-07,0.5955555555555555,0.8666666666666667,0.8444444444444444,0.9777777777777777,0.6698040765928308,0.8104756935431923,0.7163364528869727,0.8068834653486013,0.8136094294139669,0.7727589979605387
hotel_63,2023-05-02,2023-04-07,0.5866666666666667,0.8666666666666667,0.8133333333333334,0.6222222222222222,0.7329893302079129,0.8104756935431923,0.8348143415835627,0.7774388505874609,0.8133379252705274,0.8137386705616257
hotel_63,2023-05-03,2023-04-07,0.6444444444444445,0.8666666666666667,0.7244444444444444,0.8444444444444444,0.7441264629229638,0.8104756935431923,0.7515564525497384,0.8080990087838256,0.7918729261335807,0.7859466641400815
hotel_63,2023-05-04,2023-04-07,0.56,0.8666666666666667,0.7911111111111111,0.8133333333333334,0.7510310418893741,0.8104756935431923,0.7745732078477686,0.7704541402809032,0.8000484797735953,0.7952425852513725
hotel_63,2023-05-05,2023-04-07,0.8933333333333333,0.8666666666666667,0.8666666666666667,0.7244444444444444,0.8912269835073008,0.8104756935431923,0.8703099149647758,0.7181371688174574,0.8240084373947484,0.8054888081852006
hotel_63,2023-05-06,2023-05-05,0.9911111111111112,0.8933333333333333,0.9466666666666667,0.7911111111111111,0.8813236565823572,0.6941887646206147,0.8601122074638584,0.7265519804322499,0.8960684032286492,0.8257098304694939
hotel_63,2023-05-07,2023-05-05,0.3422222222222222,0.8933333333333333,0.6711111111111111,0.8666666666666667,0.5908768028142628,0.6941887646206147,0.45801996593726835,0.7554226442411117,0.6765248071816745,0.7505020122902317
hotel_63,2023-05-08,2023-05-05,0.49777777777777776,0.8933333333333333,0.5955555555555555,0.8933333333333333,0.6006965105414052,0.6941887646206147,0.5609826491482118,0.6435576525957818,0.6346123454521031,0.7035808408119142
hotel_63,2023-05-09,2023-05-05,0.7733333333333333,0.8933333333333333,0.5866666666666667,0.5688888888888889,0.6637062472986333,0.6941887646206147,0.6204373103519126,0.645538876594912,0.6640199984648196,0.7297462659044908
hotel_63,2023-05-10,2023-05-05,0.92,0.8933333333333333,0.6444444444444445,0.7022222222222222,0.6799658663761385,0.6941887646206147,0.6431917386004892,0.8520700037820238,0.6667868463389803,0.7093488604025544
hotel_63,2023-05-11,2023-05-05,0.96,0.8933333333333333,0.56,0.7244444444444444,0.6866622422979574,0.6941887646206147,0.6664692406713784,0.8184694259586731,0.6385722815406476,0.7116391460795196
hotel_63,2023-05-12,2023-05-05,0.8622222222222222,0.8933333333333333,0.8933333333333333,0.7955555555555556,0.8323555912393659,0.6941887646206147,0.8595268199033286,0.709991616961708,0.8339245597017355,0.7080948330789014
hotel_63,2023-05-13,2023-05-05,0.96,0.8933333333333333,0.9466666666666667,0.8222222222222222,0.8813236565823572,0.6941887646206147,0.8601122074638584,0.7393014623724952,0.8496116096044144,0.7087220298902983
hotel_63,2023-05-14,2023-05-05,0.5511111111111111,0.8933333333333333,0.6711111111111111,1.008888888888889,0.5908768028142628,0.6941887646206147,0.45801996593726835,0.7473165812060281,0.7064736756985881,0.6848686696882044
hotel_63,2023-05-15,2023-05-05,0.4222222222222222,0.8933333333333333,0.5955555555555555,1.0044444444444445,0.6006965105414052,0.6941887646206147,0.5609826491482118,0.7288256163684494,0.6744785411250003,0.685752851051884
hotel_63,2023-05-16,2023-05-05,0.8488888888888889,0.8933333333333333,0.5866666666666667,0.3466666666666667,0.6637062472986333,0.6941887646206147,0.6204373103519126,0.6346911655395561,0.6827391320799506,0.7761216018624416
hotel_63,2023-05-17,2023-05-05,0.9111111111111111,0.8933333333333333,0.6444444444444445,0.4533333333333333,0.6799658663761385,0.6941887646206147,0.6431917386004892,0.648675456726808,0.7008319752457688,0.7607810019044382
hotel_63,2023-05-18,2023-05-05,0.7244444444444444,0.8933333333333333,0.56,0.5688888888888889,0.6866622422979574,0.6941887646206147,0.6664692406713784,0.5829544990884471,0.6702390620881311,0.7443907999318433
hotel_63,2023-05-19,2023-05-05,0.8888888888888888,0.8933333333333333,0.8933333333333333,0.8533333333333334,0.8323555912393659,0.6941887646206147,0.8595268199033286,0.6789478985615376,0.8214957545862931,0.7049024318753011
hotel_63,2023-05-20,2023-05-05,1.0133333333333334,0.8933333333333333,0.9466666666666667,0.8933333333333333,0.8813236565823572,0.6941887646206147,0.8601122074638584,0.7935028117816343,0.8274705527490349,0.6993433376252264
hotel_63,2023-05-21,2023-05-05,0.7022222222222222,0.8933333333333333,0.6711111111111111,0.9288888888888889,0.5908768028142628,0.6941887646206147,0.45801996593726835,0.6483896470781549,0.72422254319605,0.6944761561808657
hotel_63,2023-05-22,2023-05-05,0.8888888888888888,0.8933333333333333,0.5955555555555555,0.9511111111111111,0.6006965105414052,0.6941887646206147,0.5609826491482118,0.8275418429550955,0.7031736617928867,0.6914652425890542
hotel_63,2023-05-23,2023-05-05,0.92,0.8933333333333333,0.5866666666666667,0.48,0.6637062472986333,0.6941887646206147,0.6204373103519126,0.7127571971800638,0.713837152212359,0.7565808074290833
hotel_63,2023-05-24,2023-05-05,0.7955555555555556,0.8933333333333333,0.6444444444444445,0.4222222222222222,0.6799658663761385,0.6941887646206147,0.6431917386004892,0.7129554833965361,0.7202341392060139,0.7645819039642575
hotel_63,2023-05-25,2023-05-05,0.5866666666666667,0.8933333333333333,0.56,0.5066666666666667,0.6866622422979574,0.6941887646206147,0.6664692406713784,0.6651373454860438,0.7034307290755819,0.7529219614273144
hotel_63,2023-05-26,2023-05-05,0.9111111111111111,0.8933333333333333,0.8933333333333333,0.5155555555555555,0.8323555912393659,0.6941887646206147,0.8595268199033286,0.6674191548070112,0.8030104508411047,0.751690248484187
hotel_63,2023-05-27,2023-05-05,0.9644444444444444,0.8933333333333333,0.9466666666666667,0.5333333333333333,0.8813236565823572,0.6941887646206147,0.8601122074638584,0.7217218575337161,0.8094071975616789,0.7492290291967536
hotel_63,2023-05-28,2023-05-05,0.9288888888888889,0.8933333333333333,0.6711111111111111,0.8888888888888888,0.5908768028142628,0.6941887646206147,0.45801996593726835,0.7340289142326816,0.7392505849872821,0.7001131318593252
hotel_63,2023-05-29,2023-05-05,0.5244444444444445,0.8933333333333333,0.5955555555555555,0.9466666666666667,0.6006965105414052,0.6941887646206147,0.5609826491482118,0.7741221711958728,0.7244398688722142,0.6921303904006663
hotel_63,2023-05-30,2023-05-05,0.6311111111111111,0.8933333333333333,0.5866666666666667,0.6711111111111111,0.6637062472986333,0.6941887646206147,0.6204373103519126,0.7190063164664157,0.7302597653980866,0.7301914652874694
hotel_63,2023-05-31,2023-05-05,0.6488888888888888,0.8933333333333333,0.6444444444444445,0.5955555555555555,0.6799658663761385,0.6941887646206147,0.6431917386004892,0.6921832867682466,0.737462433139424,0.7406280409374987
hotel_63,2023-06-01,2023-05-05,0.6888888888888889,0.8933333333333333,0.56,0.5866666666666667,0.6866622422979574,0.6941887646206147,0.6664692406713784,0.6473221325375891,0.72430677736099,0.7418563736493272
hotel_63,2023-06-02,2023-05-05,0.7111111111111111,0.8933333333333333,0.8933333333333333,0.6444444444444445,0.8323555912393659,0.6941887646206147,0.8595268199033286,0.695259787581286,0.796185077150946,0.7338761441575253
hotel_63,2023-06-03,2023-06-02,0.7555555555555555,0.7111111111111111,0.9644444444444444,0.56,0.8117287079900483,0.7508397986004626,0.8372076932989496,0.6807264435473654,0.8586949444834131,0.7673841555759391
hotel_63,2023-06-04,2023-06-02,0.43555555555555553,0.7111111111111111,0.9288888888888889,0.8933333333333333,0.5180816994569175,0.7508397986004626,0.46699339935357076,0.6899359199113413,0.8115136028888166,0.7268271700672977
hotel_63,2023-06-05,2023-06-02,0.5422222222222223,0.7111111111111111,0.5244444444444445,0.9911111111111112,0.5247584954827331,0.7508397986004626,0.44243358839212577,0.8054659232469246,0.7575735918476267,0.7266471535702901
hotel_63,2023-06-06,2023-06-02,0.6,0.7111111111111111,0.6311111111111111,0.3422222222222222,0.5959512644452947,0.7508397986004626,0.5915214414644292,0.7315037728217377,0.7989148367584631,0.8296611263716851
hotel_63,2023-06-07,2023-06-02,0.6666666666666666,0.7111111111111111,0.6488888888888888,0.49777777777777776,0.612981407980453,0.7508397986004626,0.6388384067250762,0.6603805961001112,0.776462895833244,0.7998964220161876
hotel_63,2023-06-08,2023-06-02,0.6755555555555556,0.7111111111111111,0.6888888888888889,0.7733333333333333,0.6152190494748339,0.7508397986004626,0.5869709934240138,0.7125186678234061,0.7240717837642621,0.7380083856874697
hotel_63,2023-06-09,2023-06-02,0.8888888888888888,0.7111111111111111,0.7111111111111111,0.92,0.7585084269735789,0.7508397986004626,0.7507119027862723,0.9142768476439175,0.8158805707206986,0.7192895428178072
hotel_63,2023-06-10,2023-06-02,0.9688888888888889,0.7111111111111111,0.9644444444444444,0.96,0.8117287079900483,0.7508397986004626,0.8372076932989496,0.8880534375557484,0.8723821619399552,0.7120233101908096
hotel_63,2023-06-11,2023-06-02,0.5866666666666667,0.7111111111111111,0.9288888888888889,0.8622222222222222,0.5180816994569175,0.7508397986004626,0.46699339935357076,0.7829249104585874,0.8442174344670655,0.7353055720663779
hotel_63,2023-06-12,2023-06-02,0.68,0.7111111111111111,0.5244444444444445,0.96,0.5247584954827331,0.7508397986004626,0.44243358839212577,0.8178902334505359,0.7096778628345639,0.720173112689696
hotel_63,2023-06-13,2023-06-02,0.8177777777777778,0.7111111111111111,0.6311111111111111,0.5511111111111111,0.5959512644452947,0.7508397986004626,0.5915214414644292,0.7602045127129966,0.7535743680413302,0.7969437759047227
hotel_63,2023-06-14,2023-06-02,0.6933333333333334,0.7111111111111111,0.6488888888888888,0.4222222222222222,0.612981407980453,0.7508397986004626,0.6388384067250762,0.7212859999170341,0.7526417473795488,0.8158767897880664
hotel_63,2023-06-15,2023-06-02,0.7555555555555555,0.7111111111111111,0.6888888888888889,0.8488888888888889,0.6152190494748339,0.7508397986004626,0.5869709934240138,0.70755791385715,0.7487319530207428,0.7125971350765298
hotel_63,2023-06-16,2023-06-02,0.9288888888888889,0.7111111111111111,0.7111111111111111,0.9111111111111111,0.7585084269735789,0.7508397986004626,0.7507119027862723,0.728284908279555,0.7858367919693507,0.7078048298319508
hotel_63,2023-06-17,2023-06-02,1.0,0.7111111111111111,0.9644444444444444,0.7244444444444444,0.8117287079900483,0.7508397986004626,0.8372076932989496,0.6351232263250901,0.8471527769097429,0.7343972539252229
hotel_63,2023-06-18,2023-06-02,0.8533333333333334,0.7111111111111111,0.9288888888888889,0.8888888888888888,0.5180816994569175,0.7508397986004626,0.46699339935357076,0.7502545968691815,0.8252863546778315,0.7235667094412023
hotel_63,2023-06-19,2023-06-02,0.7022222222222222,0.7111111111111111,0.5244444444444445,1.0133333333333334,0.5247584954827331,0.7508397986004626,0.44243358839212577,0.8696751778843907,0.7670603868243254,0.7072285559824438
hotel_63,2023-06-20,2023-06-02,0.7777777777777778,0.7111111111111111,0.6311111111111111,0.7022222222222222,0.5959512644452947,0.7508397986004626,0.5915214414644292,0.6942762408587617,0.7932100305570167,0.7588227453303983
hotel_63,2023-06-21,2023-06-02,0.7688888888888888,0.7111111111111111,0.6488888888888888,0.8888888888888888,0.612981407980453,0.7508397986004626,0.6388384067250762,0.8742935808643634,0.7866820084243693,0.7360155408954886
hotel_63,2023-06-22,2023-06-02,0.9155555555555556,0.7111111111111111,0.6888888888888889,0.92,0.6152190494748339,0.7508397986004626,0.5869709934240138,0.7737331590529533,0.7706530593852339,0.7087003108127656
hotel_63,2023-06-23,2023-06-02,0.9955555555555555,0.7111111111111111,0.7111111111111111,0.7955555555555556,0.7585084269735789,0.7508397986004626,0.7507119027862723,0.753168964148893,0.8090525630944714,0.7263106011721708
hotel_63,2023-06-24,2023-06-02,0.84,0.7111111111111111,0.9644444444444444,0.5866666666666667,0.8117287079900483,0.7508397986004626,0.8372076932989496,0.6803901725977298,0.8451871941658541,0.7557199035151972
hotel_63,2023-06-25,2023-06-02,0.6311111111111111,0.7111111111111111,0.9288888888888889,0.9111111111111111,0.5180816994569175,0.7508397986004626,0.46699339935357076,0.7459018848052892,0.8304536937881134,0.7116500127606723
hotel_63,2023-06-26,2023-06-02,0.8444444444444444,0.7111111111111111,0.5244444444444445,0.9644444444444444,0.5247584954827331,0.7508397986004626,0.44243358839212577,0.806251979902946,0.7736666631871123,0.7051383723021392
hotel_63,2023-06-27,2023-06-02,0.8844444444444445,0.7111111111111111,0.6311111111111111,0.9288888888888889,0.5959512644452947,0.7508397986004626,0.5915214414644292,0.8219185319430031,0.7949825647573121,0.7249142140185308
hotel_63,2023-06-28,2023-06-02,0.8266666666666667,0.7111111111111111,0.6488888888888888,0.5244444444444445,0.612981407980453,0.7508397986004626,0.6388384067250762,0.7805946434195925,0.7929917839079779,0.7931915650102153
hotel_63,2023-06-29,2023-06-02,0.8844444444444445,0.7111111111111111,0.6888888888888889,0.6311111111111111,0.6152190494748339,0.7508397986004626,0.5869709934240138,0.7504900149513684,0.787092778570142,0.7668829506438348
hotel_63,2023-06-30,2023-06-02,0.8666666666666667,0.7111111111111111,0.7111111111111111,0.6488888888888888,0.7585084269735789,0.7508397986004626,0.7507119027862723,0.7223495337396211,0.8103862975784558,0.7593962249810772
hotel_7,2023-02-11,2023-02-10,0.43973941368078173,0.5716612377850163,0.509771986970684,0.46254071661237783,0.47765527547375725,0.5711792583111902,0.4901128458827245,0.5440949951374126,0.49303075995718515,0.5658857843628049
hotel_7,2023-02-12,2023-02-10,0.44625407166123776,0.5716612377850163,0.44136807817589574,0.5684039087947883,0.43559089402117485,0.5711792583111902,0.4459920070392539,0.5303324405245964,0.45255357107910166,0.5802147391300118
hotel_7,2023-02-13,2023-02-10,0.40390879478827363,0.5716612377850163,0.3517915309446254,0.3973941368078176,0.3398553968537611,0.5711792583111902,0.33537896418726926,0.5176813373063202,0.35219664192008865,0.564332893885614
hotel_7,2023-02-14,2023-02-10,0.43485342019543977,0.5716612377850163,0.44462540716612375,0.3957654723127036,0.40376244610673684,0.5711792583111902,0.3685845617108393,0.4955179321355514,0.4050998538676661,0.5450491836021666
hotel_7,2023-02-15,2023-02-10,0.5276872964169381,0.5716612377850163,0.5276872964169381,0.3811074918566775,0.5152341198716073,0.5711792583111902,0.4794887724672273,0.4992195976256548,0.5044551947927961,0.5570529424525509
hotel_7,2023-02-16,2023-02-10,0.5162866449511401,0.5716612377850163,0.5228013029315961,0.3941368078175896,0.5057780921077468,0.5711792583111902,0.4851986337823272,0.5422454498510803,0.5054354320466418,0.5432684024224863
hotel_7,2023-02-17,2023-02-10,0.6026058631921825,0.5716612377850163,0.5716612377850163,0.5244299674267101,0.5705385864114237,0.5711792583111902,0.5716649985339926,0.5487422211919757,0.5810456259187703,0.5639191605639434
hotel_7,2023-02-18,2023-02-10,0.5602605863192183,0.5716612377850163,0.509771986970684,0.506514657980456,0.47765527547375725,0.5711792583111902,0.4901128458827245,0.553729172830194,0.5037966449969081,0.5524177044944197
hotel_7,2023-02-19,2023-02-10,0.5928338762214984,0.5716612377850163,0.44136807817589574,0.5895765472312704,0.43559089402117485,0.5711792583111902,0.4459920070392539,0.5367960003889348,0.46704095696609427,0.5595465997032015
hotel_7,2023-02-20,2023-02-10,0.498371335504886,0.5716612377850163,0.3517915309446254,0.509771986970684,0.3398553968537611,0.5711792583111902,0.33537896418726926,0.5688368808305296,0.3620968840296768,0.5285679222777808
hotel_7,2023-02-21,2023-02-10,0.5618892508143323,0.5716612377850163,0.44462540716612375,0.4771986970684039,0.40376244610673684,0.5711792583111902,0.3685845617108393,0.5633157373323397,0.40702932478408727,0.49652913589567504
hotel_7,2023-02-22,2023-02-10,0.6172638436482085,0.5716612377850163,0.5276872964169381,0.30944625407166126,0.5152341198716073,0.5711792583111902,0.4794887724672273,0.5231989252293412,0.5083610810452938,0.533322008068008
hotel_7,2023-02-23,2023-02-10,0.5814332247557004,0.5716612377850163,0.5228013029315961,0.3289902280130293,0.5057780921077468,0.5711792583111902,0.4851986337823272,0.531173641727671,0.5086498528398321,0.5296984596679574
hotel_7,2023-02-24,2023-02-10,0.6351791530944625,0.5716612377850163,0.5716612377850163,0.4511400651465798,0.5705385864114237,0.5711792583111902,0.5716649985339926,0.5546280921990117,0.5883787071322453,0.5279145379859581
hotel_7,2023-02-25,2023-02-10,0.5684039087947883,0.5716612377850163,0.509771986970684,0.4820846905537459,0.47765527547375725,0.5711792583111902,0.4901128458827245,0.5676120179497858,0.510604415828821,0.5170234593474671
hotel_7,2023-02-26,2023-02-10,0.6074918566775245,0.5716612377850163,0.44136807817589574,0.5635179153094463,0.43559089402117485,0.5711792583111902,0.4459920070392539,0.5625851774779872,0.47295722103710114,0.5020263918303507
hotel_7,2023-02-27,2023-02-10,0.4201954397394137,0.5716612377850163,0.3517915309446254,0.50814332247557,0.3398553968537611,0.5711792583111902,0.33537896418726926,0.5715243209602889,0.36719799638955974,0.497616023010255
hotel_7,2023-02-28,2023-02-10,0.4771986970684039,0.5716612377850163,0.44462540716612375,0.48859934853420195,0.40376244610673684,0.5711792583111902,0.3685845617108393,0.5597577015867949,0.41142328245003035,0.476355438863889
hotel_7,2023-03-01,2023-02-10,0.6042345276872965,0.5716612377850163,0.5276872964169381,0.3289902280130293,0.5152341198716073,0.5711792583111902,0.4794887724672273,0.5540120128020368,0.5121454503466505,0.4916072712029622
hotel_7,2023-03-02,2023-02-10,0.5700325732899023,0.5716612377850163,0.5228013029315961,0.38436482084690554,0.5057780921077468,0.5711792583111902,0.4851986337823272,0.5575462370922881,0.5119091538934283,0.503844905567737
hotel_7,2023-03-03,2023-02-10,0.6123778501628665,0.5716612377850163,0.5716612377850163,0.504885993485342,0.5705385864114237,0.5711792583111902,0.5716649985339926,0.5478734638144315,0.5911857859527276,0.5450175490028398
hotel_7,2023-03-04,2023-02-10,0.5765472312703583,0.5716612377850163,0.509771986970684,0.48534201954397393,0.47765527547375725,0.5711792583111902,0.4901128458827245,0.5402451174077696,0.5130220168655255,0.5503470775831255
hotel_7,2023-03-05,2023-02-10,0.5781758957654723,0.5716612377850163,0.44136807817589574,0.5830618892508144,0.43559089402117485,0.5711792583111902,0.4459920070392539,0.5707767632629154,0.4750393836588836,0.5136236737010889
hotel_7,2023-03-06,2023-02-10,0.41368078175895767,0.5716612377850163,0.3517915309446254,0.509771986970684,0.3398553968537611,0.5711792583111902,0.33537896418726926,0.5881429351637211,0.36899126215233824,0.5018657240256177
hotel_7,2023-03-07,2023-02-10,0.496742671009772,0.5716612377850163,0.44462540716612375,0.44136807817589574,0.40376244610673684,0.5711792583111902,0.3685845617108393,0.5555653643908695,0.4129677353476051,0.4853151405485593
hotel_7,2023-03-08,2023-02-10,0.6237785016286646,0.5716612377850163,0.5276872964169381,0.3517915309446254,0.5152341198716073,0.5711792583111902,0.4794887724672273,0.5532182576821028,0.5134756127811299,0.5068482455014255
hotel_7,2023-03-09,2023-02-10,0.6058631921824105,0.5716612377850163,0.5228013029315961,0.44462540716612375,0.5057780921077468,0.5711792583111902,0.4851986337823272,0.5621894399615774,0.5130547583368305,0.5139268775131981
hotel_7,2023-03-10,2023-02-10,0.6726384364820847,0.5716612377850163,0.5716612377850163,0.5276872964169381,0.5705385864114237,0.5711792583111902,0.5716649985339926,0.5701284951047038,0.5921724395423362,0.543581634750826
hotel_7,2023-03-11,2023-03-10,0.6237785016286646,0.6726384364820847,0.5765472312703583,0.5228013029315961,0.5882674923419289,0.6705748190656374,0.6013705662969208,0.6476621434687122,0.5968348396955994,0.6856474582256482
hotel_7,2023-03-12,2023-03-10,0.6661237785016286,0.6726384364820847,0.5781758957654723,0.5716612377850163,0.5561861218097256,0.6705748190656374,0.5961735942553643,0.6617196187338471,0.5746082538765964,0.6639419229199618
hotel_7,2023-03-13,2023-03-10,0.5130293159609121,0.6726384364820847,0.41368078175895767,0.43973941368078173,0.4393822311715559,0.6705748190656374,0.47154169517316746,0.6299169299103149,0.44508548430120126,0.6857046145334714
hotel_7,2023-03-14,2023-03-10,0.5342019543973942,0.6726384364820847,0.496742671009772,0.44625407166123776,0.5093524697084555,0.6705748190656374,0.5262871711527448,0.6186183659894339,0.4940397740440813,0.6631243512877328
hotel_7,2023-03-15,2023-03-10,0.6547231270358306,0.6726384364820847,0.6237785016286646,0.40390879478827363,0.6176476686927251,0.6705748190656374,0.6271964099446969,0.5989969166999536,0.5935067084499953,0.71720438038548
hotel_7,2023-03-16,2023-03-10,0.6482084690553745,0.6726384364820847,0.6058631921824105,0.43485342019543977,0.6047731921190347,0.6705748190656374,0.607972233101567,0.5848069051505936,0.577638227321434,0.7139394151316869
hotel_7,2023-03-17,2023-03-10,0.6644951140065146,0.6726384364820847,0.6726384364820847,0.5276872964169381,0.6725960635762329,0.6705748190656374,0.672638225543784,0.6014376065779387,0.6455930713394242,0.7208697210473665
hotel_7,2023-03-18,2023-03-10,0.5977198697068404,0.6726384364820847,0.5765472312703583,0.5162866449511401,0.5882674923419289,0.6705748190656374,0.6013705662969208,0.6377685322410671,0.5670606326070347,0.7006116623366203
hotel_7,2023-03-19,2023-03-10,0.6465798045602605,0.6726384364820847,0.5781758957654723,0.6026058631921825,0.5561861218097256,0.6705748190656374,0.5961735942553643,0.6548696370331499,0.5465580984839005,0.6756243160555971
hotel_7,2023-03-20,2023-03-10,0.5244299674267101,0.6726384364820847,0.41368078175895767,0.5602605863192183,0.4393822311715559,0.6705748190656374,0.47154169517316746,0.6550999413541149,0.4255782291275329,0.6718700988925815
hotel_7,2023-03-21,2023-03-10,0.2736156351791531,0.6726384364820847,0.496742671009772,0.5928338762214984,0.5093524697084555,0.6705748190656374,0.5262871711527448,0.6407549375196362,0.4719343344017898,0.6594831089161792
hotel_7,2023-03-22,2023-03-10,0.3289902280130293,0.6726384364820847,0.6237785016286646,0.498371335504886,0.6176476686927251,0.6705748190656374,0.6271964099446969,0.6540202563314143,0.5703252227364151,0.6552724017322621
hotel_7,2023-03-23,2023-03-10,0.34201954397394135,0.6726384364820847,0.6058631921824105,0.5618892508143323,0.6047731921190347,0.6705748190656374,0.607972233101567,0.6631478174275516,0.5569170150912355,0.6409041947657821
hotel_7,2023-03-24,2023-03-10,0.43973941368078173,0.6726384364820847,0.6726384364820847,0.6172638436482085,0.6725960635762329,0.6705748190656374,0.672638225543784,0.6307602472517118,0.626604358253591,0.722820263146218
hotel_7,2023-03-25,2023-03-10,0.3762214983713355,0.6726384364820847,0.5765472312703583,0.5814332247557004,0.5882674923419289,0.6705748190656374,0.6013705662969208,0.6345363067133197,0.5506193769304107,0.7111516208157883
hotel_7,2023-03-26,2023-03-10,0.36644951140065146,0.6726384364820847,0.5781758957654723,0.6351791530944625,0.5561861218097256,0.6705748190656374,0.5961735942553643,0.6661031889092248,0.5324186997737989,0.6703970161513116
hotel_7,2023-03-27,2023-03-10,0.14169381107491857,0.6726384364820847,0.41368078175895767,0.5684039087947883,0.4393822311715559,0.6705748190656374,0.47154169517316746,0.6717850410665337,0.4134286117868144,0.6502408233629186
hotel_7,2023-03-28,2023-03-10,0.14006514657980457,0.6726384364820847,0.496742671009772,0.6074918566775245,0.5093524697084555,0.6705748190656374,0.5262871711527448,0.6724419507585618,0.46149557283511555,0.6199744384427093
hotel_7,2023-03-29,2023-03-10,0.30293159609120524,0.6726384364820847,0.6237785016286646,0.4201954397394137,0.6176476686927251,0.6705748190656374,0.6271964099446969,0.6510614997806886,0.5613565180350949,0.6308028060962966
hotel_7,2023-03-30,2023-03-10,0.3306188925081433,0.6726384364820847,0.6058631921824105,0.4771986970684039,0.6047731921190347,0.6705748190656374,0.607972233101567,0.6507350042761579,0.5492113563506789,0.6231295414009934
hotel_7,2023-03-31,2023-03-10,0.44462540716612375,0.6726384364820847,0.6726384364820847,0.6042345276872965,0.6725960635762329,0.6705748190656374,0.672638225543784,0.6591653054668727,0.6199838743939053,0.6794224451679807
hotel_7,2023-04-01,2023-03-10,0.3534201954397394,0.6726384364820847,0.5765472312703583,0.5700325732899023,0.5882674923419289,0.6705748190656374,0.6013705662969208,0.6591055191624359,0.5449312447513438,0.6693222832147687
hotel_7,2023-04-02,2023-03-10,0.3697068403908795,0.6726384364820847,0.5781758957654723,0.6123778501628665,0.5561861218097256,0.6705748190656374,0.5961735942553643,0.6507361223725223,0.5275316177610798,0.667858907331769
hotel_7,2023-04-03,2023-03-10,0.20358306188925082,0.6726384364820847,0.41368078175895767,0.5765472312703583,0.4393822311715559,0.6705748190656374,0.47154169517316746,0.6392362249090124,0.40922976938337635,0.679067593123871
hotel_7,2023-04-04,2023-03-10,0.24267100977198697,0.6726384364820847,0.496742671009772,0.5781758957654723,0.5093524697084555,0.6705748190656374,0.5262871711527448,0.6673478956888889,0.4578880464047878,0.6225730417063274
hotel_7,2023-04-05,2023-03-10,0.48534201954397393,0.6726384364820847,0.6237785016286646,0.41368078175895767,0.6176476686927251,0.6705748190656374,0.6271964099446969,0.6545084245975357,0.5582570335355624,0.632849377130202
hotel_7,2023-04-06,2023-03-10,0.4771986970684039,0.6726384364820847,0.6058631921824105,0.496742671009772,0.6047731921190347,0.6705748190656374,0.607972233101567,0.6390152711325366,0.5465483670841077,0.6455578051918582
hotel_7,2023-04-07,2023-03-10,0.5781758957654723,0.6726384364820847,0.6726384364820847,0.6237785016286646,0.6725960635762329,0.6705748190656374,0.672638225543784,0.6520043839349423,0.6176959094645945,0.6843147872043513
hotel_7,2023-04-08,2023-04-07,0.3322475570032573,0.5781758957654723,0.3534201954397394,0.6058631921824105,0.49917202460710874,0.5781657981267931,0.5119739328077503,0.5460575999068573,0.5019264007671158,0.5350718496806649
hotel_7,2023-04-09,2023-04-07,0.3762214983713355,0.5781758957654723,0.3697068403908795,0.6726384364820847,0.4850482660004323,0.5781657981267931,0.5345073916270416,0.5612026029593602,0.5024550790844815,0.5033603356157844
hotel_7,2023-04-10,2023-04-07,0.28664495114006516,0.5781758957654723,0.20358306188925082,0.6237785016286646,0.3235518338621844,0.5781657981267931,0.3795511010387413,0.5429518793253233,0.3608133948863327,0.51119561578786
hotel_7,2023-04-11,2023-04-07,0.255700325732899,0.5781758957654723,0.24267100977198697,0.6661237785016286,0.35748807736358224,0.5781657981267931,0.37569446975536586,0.5628034870194878,0.3759474968999461,0.48121405951832086
hotel_7,2023-04-12,2023-04-07,0.30618892508143325,0.5781758957654723,0.48534201954397393,0.5130293159609121,0.5135680788040389,0.5781657981267931,0.5076404598589397,0.5089701073279591,0.516758789863563,0.5346321097788596
hotel_7,2023-04-13,2023-04-07,0.3306188925081433,0.5781758957654723,0.4771986970684039,0.5342019543973942,0.5050555044357664,0.5781657981267931,0.5032874126212322,0.5066696488970981,0.5097027675852165,0.5256346350404145
hotel_7,2023-04-14,2023-04-07,0.46579804560260585,0.5781758957654723,0.5781758957654723,0.6547231270358306,0.5808296965099659,0.5781657981267931,0.5781732866707996,0.506027463169495,0.5894491212982457,0.5439190959826847
hotel_7,2023-04-15,2023-04-07,0.34527687296416937,0.5781758957654723,0.3534201954397394,0.6482084690553745,0.49917202460710874,0.5781657981267931,0.5119739328077503,0.49802262327042884,0.5158371374901766,0.5334101834613804
hotel_7,2023-04-16,2023-04-07,0.34201954397394135,0.5781758957654723,0.3697068403908795,0.6644951140065146,0.4850482660004323,0.5781657981267931,0.5345073916270416,0.5151204928452477,0.5139890312206145,0.5022525699290527
hotel_7,2023-04-17,2023-04-07,0.19543973941368079,0.5781758957654723,0.20358306188925082,0.5977198697068404,0.3235518338621844,0.5781657981267931,0.3795511010387413,0.5358704748816435,0.3756309960886599,0.4908539377983096
hotel_7,2023-04-18,2023-04-07,0.19381107491856678,0.5781758957654723,0.24267100977198697,0.6465798045602605,0.35748807736358224,0.5781657981267931,0.37569446975536586,0.5594387479482672,0.38814712477946595,0.46089244005331254
hotel_7,2023-04-19,2023-04-07,0.2719869706840391,0.5781758957654723,0.48534201954397393,0.5244299674267101,0.5135680788040389,0.5781657981267931,0.5076404598589397,0.5433507379445032,0.5111042893285777,0.47183095435198386
hotel_7,2023-04-20,2023-04-07,0.3338762214983713,0.5781758957654723,0.4771986970684039,0.2736156351791531,0.5050555044357664,0.5781657981267931,0.5032874126212322,0.49226950642765366,0.506162947836842,0.46978107752369114
hotel_7,2023-04-21,2023-04-07,0.5390879478827362,0.5781758957654723,0.5781758957654723,0.3289902280130293,0.5808296965099659,0.5781657981267931,0.5781732866707996,0.5109122359366449,0.5834415709736747,0.4829514606023588
hotel_7,2023-04-22,2023-04-07,0.5618892508143323,0.5781758957654723,0.3534201954397394,0.34201954397394135,0.49917202460710874,0.5781657981267931,0.5119739328077503,0.5283623952585748,0.5103400596695378,0.45141498529331847
hotel_7,2023-04-23,2023-04-07,0.6465798045602605,0.5781758957654723,0.3697068403908795,0.43973941368078173,0.4850482660004323,0.5781657981267931,0.5345073916270416,0.5103991670567457,0.5092467578750001,0.45923738187144836
hotel_7,2023-04-24,2023-04-07,0.5228013029315961,0.5781758957654723,0.20358306188925082,0.3762214983713355,0.3235518338621844,0.5781657981267931,0.3795511010387413,0.5063781001730548,0.3715725603755518,0.46659304677937985
hotel_7,2023-04-25,2023-04-07,0.5211726384364821,0.5781758957654723,0.24267100977198697,0.36644951140065146,0.35748807736358224,0.5781657981267931,0.37569446975536586,0.5361666020569811,0.3846778531999708,0.4403215090548575
hotel_7,2023-04-26,2023-04-07,0.7084690553745928,0.5781758957654723,0.48534201954397393,0.14169381107491857,0.5135680788040389,0.5781657981267931,0.5076404598589397,0.5089778988976491,0.5081391307509968,0.4586419717785154
hotel_7,2023-04-27,2023-04-07,0.6514657980456026,0.5781758957654723,0.4771986970684039,0.14006514657980457,0.5050555044357664,0.5781657981267931,0.5032874126212322,0.514650824415343,0.5036287087035003,0.4373875973945954
hotel_7,2023-04-28,2023-04-07,0.7231270358306189,0.5781758957654723,0.5781758957654723,0.30293159609120524,0.5808296965099659,0.5781657981267931,0.5781732866707996,0.5194349152604536,0.5812756338517614,0.4913850590091171
hotel_7,2023-04-29,2023-04-07,0.6205211726384365,0.5781758957654723,0.3534201954397394,0.3306188925081433,0.49917202460710874,0.5781657981267931,0.5119739328077503,0.5295128219284557,0.5084888999359238,0.46906259433650377
hotel_7,2023-04-30,2023-04-07,0.6579804560260586,0.5781758957654723,0.3697068403908795,0.44462540716612375,0.4850482660004323,0.5781657981267931,0.5345073916270416,0.5509788747834726,0.5076646287824987,0.4376624348156631
hotel_7,2023-05-01,2023-04-07,0.5407166123778502,0.5781758957654723,0.20358306188925082,0.3534201954397394,0.3235518338621844,0.5781657981267931,0.3795511010387413,0.5397684832159244,0.37022036348169407,0.4513395574304608
hotel_7,2023-05-02,2023-04-07,0.6074918566775245,0.5781758957654723,0.24267100977198697,0.3697068403908795,0.35748807736358224,0.5781657981267931,0.37569446975536586,0.5337680510269298,0.3835221722596599,0.4506891604290477
hotel_7,2023-05-03,2023-04-07,0.755700325732899,0.5781758957654723,0.48534201954397393,0.20358306188925082,0.5135680788040389,0.5781657981267931,0.5076404598589397,0.4991818918093507,0.507151405929552,0.4696087915020948
hotel_7,2023-05-04,2023-04-07,0.749185667752443,0.5781758957654723,0.4771986970684039,0.24267100977198697,0.5050555044357664,0.5781657981267931,0.5032874126212322,0.5342725036343332,0.5027845307917236,0.44337489359687704
hotel_7,2023-05-05,2023-04-07,0.760586319218241,0.5781758957654723,0.5781758957654723,0.48534201954397393,0.5808296965099659,0.5781657981267931,0.5781732866707996,0.5584833856218129,0.5805541410520901,0.48400039696215585
hotel_7,2023-05-06,2023-05-05,0.6286644951140065,0.760586319218241,0.6205211726384365,0.4771986970684039,0.6556315762004182,0.7605851792180929,0.6694160910620499,0.7432440661697326,0.6419487298788735,0.6877901881358381
hotel_7,2023-05-07,2023-05-05,0.5423452768729642,0.760586319218241,0.6579804560260586,0.5781758957654723,0.661117095510499,0.7605851792180929,0.6955156420043308,0.7686100527733243,0.6399781674398431,0.6605239946464787
hotel_7,2023-05-08,2023-05-05,0.40390879478827363,0.760586319218241,0.5407166123778502,0.3322475570032573,0.5017511666966242,0.7605851792180929,0.5502321409738814,0.7386730100277477,0.4975770848558963,0.6706100169234237
hotel_7,2023-05-09,2023-05-05,0.41205211726384366,0.760586319218241,0.6074918566775245,0.3762214983713355,0.5173270129692971,0.7605851792180929,0.5390299919724009,0.756103936825126,0.5094390736355802,0.6487438264074443
hotel_7,2023-05-10,2023-05-05,0.5537459283387622,0.760586319218241,0.755700325732899,0.28664495114006516,0.6644997453048136,0.7605851792180929,0.6681866879819903,0.7244558133924371,0.6220742088931099,0.6704671851158558
hotel_7,2023-05-11,2023-05-05,0.758957654723127,0.760586319218241,0.749185667752443,0.255700325732899,0.6696622390148093,0.7605851792180929,0.6676409464777077,0.7373027891882761,0.612448379174378,0.654138450519698
hotel_7,2023-05-12,2023-05-05,0.758957654723127,0.760586319218241,0.760586319218241,0.30618892508143325,0.7532208067540305,0.7605851792180929,0.7605944745655734,0.6898291632648383,0.676294771919882,0.7041136917765026
hotel_7,2023-05-13,2023-05-05,0.760586319218241,0.760586319218241,0.6205211726384365,0.3306188925081433,0.6556315762004182,0.7605851792180929,0.6694160910620499,0.6945831511049699,0.5768030476783382,0.6921460871911188
hotel_7,2023-05-14,2023-05-05,0.6482084690553745,0.760586319218241,0.6579804560260586,0.46579804560260585,0.661117095510499,0.7605851792180929,0.6955156420043308,0.7112305064265747,0.5803152940977666,0.6643252907823546
hotel_7,2023-05-15,2023-05-05,0.5944625407166124,0.760586319218241,0.5407166123778502,0.34527687296416937,0.5017511666966242,0.7605851792180929,0.5502321409738814,0.689188092255473,0.44179704837878636,0.6721780972957807
hotel_7,2023-05-16,2023-05-05,0.3729641693811075,0.760586319218241,0.6074918566775245,0.34201954397394135,0.5173270129692971,0.7605851792180929,0.5390299919724009,0.7012497758851144,0.4488198664857108,0.659464715416089
hotel_7,2023-05-17,2023-05-05,0.6026058631921825,0.760586319218241,0.755700325732899,0.19543973941368079,0.6644997453048136,0.7605851792180929,0.6681866879819903,0.6893890199257474,0.562976498383137,0.6873266328196118
hotel_7,2023-05-18,2023-05-05,0.6628664495114006,0.760586319218241,0.749185667752443,0.19381107491856678,0.6696622390148093,0.7605851792180929,0.6676409464777077,0.7104733378467158,0.5557131723611729,0.6620333334100312
hotel_7,2023-05-19,2023-05-05,0.7361563517915309,0.760586319218241,0.760586319218241,0.2719869706840391,0.7532208067540305,0.7605851792180929,0.7605944745655734,0.7052060089472956,0.6343805025854707,0.6892097062759541
hotel_7,2023-05-20,2023-05-05,0.5456026058631922,0.760586319218241,0.6205211726384365,0.3338762214983713,0.6556315762004182,0.7605851792180929,0.6694160910620499,0.6674888565060338,0.5417842778700126,0.7383015053049494
hotel_7,2023-05-21,2023-05-05,0.4560260586319218,0.760586319218241,0.6579804560260586,0.5390879478827362,0.661117095510499,0.7605851792180929,0.6955156420043308,0.7111665781297841,0.5504157384977916,0.7178615957422545
hotel_7,2023-05-22,2023-05-05,0.3322475570032573,0.760586319218241,0.5407166123778502,0.5618892508143323,0.5017511666966242,0.7605851792180929,0.5502321409738814,0.7342057207792616,0.4161784853280338,0.7039725208192822
hotel_7,2023-05-23,2023-05-05,0.38599348534201955,0.760586319218241,0.6074918566775245,0.6465798045602605,0.5173270129692971,0.7605851792180929,0.5390299919724009,0.7275183937700895,0.4268570344708603,0.6786910078263974
hotel_7,2023-05-24,2023-05-05,0.7166123778501629,0.760586319218241,0.755700325732899,0.5228013029315961,0.6644997453048136,0.7605851792180929,0.6681866879819903,0.7018357621911254,0.5441460490041402,0.7071121485299668
hotel_7,2023-05-25,2023-05-05,0.762214983713355,0.760586319218241,0.749185667752443,0.5211726384364821,0.6696622390148093,0.7605851792180929,0.6676409464777077,0.7270906911994802,0.53956812962894,0.6977654873839569
hotel_7,2023-05-26,2023-05-05,0.7785016286644951,0.760586319218241,0.760586319218241,0.7084690553745928,0.7532208067540305,0.7605851792180929,0.7605944745655734,0.7265652175730224,0.620537869897138,0.7405380530621615
hotel_7,2023-05-27,2023-05-05,0.750814332247557,0.760586319218241,0.6205211726384365,0.6514657980456026,0.6556315762004182,0.7605851792180929,0.6694160910620499,0.7263285515544449,0.5299157091796057,0.7367525822303722
hotel_7,2023-05-28,2023-05-05,0.7785016286644951,0.760586319218241,0.6579804560260586,0.7231270358306189,0.661117095510499,0.7605851792180929,0.6955156420043308,0.737626961984323,0.540239716783278,0.7136340290101038
hotel_7,2023-05-29,2023-05-05,0.6237785016286646,0.760586319218241,0.5407166123778502,0.6205211726384365,0.5017511666966242,0.7605851792180929,0.5502321409738814,0.7338430755536638,0.40745364060760747,0.7084626293239328
hotel_7,2023-05-30,2023-05-05,0.6270358306188925,0.760586319218241,0.6074918566775245,0.6579804560260586,0.5173270129692971,0.7605851792180929,0.5390299919724009,0.754063194620823,0.41937641801371184,0.6723872451144778
hotel_7,2023-05-31,2023-05-05,0.6449511400651465,0.760586319218241,0.755700325732899,0.5407166123778502,0.6644997453048136,0.7605851792180929,0.6681866879819903,0.7222300593376872,0.5377322245310402,0.7067645048312277
hotel_7,2023-06-01,2023-05-05,0.7980456026058632,0.760586319218241,0.749185667752443,0.6074918566775245,0.6696622390148093,0.7605851792180929,0.6676409464777077,0.7256470675481911,0.5340689646057236,0.6913242710364745
hotel_7,2023-06-02,2023-05-05,0.8094462540716613,0.760586319218241,0.760586319218241,0.755700325732899,0.7532208067540305,0.7605851792180929,0.7605944745655734,0.7119397411752401,0.6158229270296532,0.7241758413104438
hotel_7,2023-06-03,2023-06-02,0.6938110749185668,0.8094462540716613,0.750814332247557,0.749185667752443,0.7270081556901234,0.8094451124755522,0.7207415327403021,0.8192354944347716,0.7313032124017698,0.7979830877471442
hotel_7,2023-06-04,2023-06-02,0.50814332247557,0.8094462540716613,0.7785016286644951,0.760586319218241,0.7080671679310537,0.8094451124755522,0.6919830327695474,0.8391102590458432,0.7123706216123835,0.7032678544826835
hotel_7,2023-06-05,2023-06-02,0.509771986970684,0.8094462540716613,0.6237785016286646,0.6286644951140065,0.5797217911384903,0.8094451124755522,0.5661560612515374,0.8166503849938422,0.5740219189997547,0.7027404135594865
hotel_7,2023-06-06,2023-06-02,0.5700325732899023,0.8094462540716613,0.6270358306188925,0.5423452768729642,0.571969959588913,0.8094451124755522,0.5440116289445347,0.8234566880547282,0.5420800910664951,0.6856611857562851
hotel_7,2023-06-07,2023-06-02,0.6905537459283387,0.8094462540716613,0.6449511400651465,0.40390879478827363,0.7372719503055183,0.8094451124755522,0.7024063259243042,0.7719028419175256,0.6430691941508799,0.7496453465684247
hotel_7,2023-06-08,2023-06-02,0.7214983713355049,0.8094462540716613,0.7980456026058632,0.41205211726384366,0.776442840243807,0.8094451124755522,0.7662325605345498,0.787355465521688,0.6854671672477376,0.73252898306031
hotel_7,2023-06-09,2023-06-02,0.7019543973941368,0.8094462540716613,0.8094462540716613,0.5537459283387622,0.8082867631899068,0.8094451124755522,0.8094494348013995,0.780394485850382,0.7400874694119023,0.7426311295890649
hotel_7,2023-06-10,2023-06-02,0.5146579804560261,0.8094462540716613,0.750814332247557,0.758957654723127,0.7270081556901234,0.8094451124755522,0.7207415327403021,0.8259041088823184,0.6347709056994922,0.7209850130457904
hotel_7,2023-06-11,2023-06-02,0.5684039087947883,0.8094462540716613,0.7785016286644951,0.758957654723127,0.7080671679310537,0.8094451124755522,0.6919830327695474,0.7798080380293793,0.6079002612365113,0.7316080742974975
hotel_7,2023-06-12,2023-06-02,0.5863192182410424,0.8094462540716613,0.6237785016286646,0.760586319218241,0.5797217911384903,0.8094451124755522,0.5661560612515374,0.789189677041378,0.47326000817339564,0.7223936896945468
hotel_7,2023-06-13,2023-06-02,0.5488599348534202,0.8094462540716613,0.6270358306188925,0.6482084690553745,0.571969959588913,0.8094451124755522,0.5440116289445347,0.7862826006149994,0.4680389732339937,0.6985971591701314
hotel_7,2023-06-14,2023-06-02,0.6400651465798045,0.8094462540716613,0.6449511400651465,0.5944625407166124,0.7372719503055183,0.8094451124755522,0.7024063259243042,0.7610846752283232,0.6143466691379316,0.7286328731794876
hotel_7,2023-06-15,2023-06-02,0.6710097719869706,0.8094462540716613,0.7980456026058632,0.3729641693811075,0.776442840243807,0.8094451124755522,0.7662325605345498,0.7361725129125023,0.6451087181154276,0.7466663975948622
hotel_7,2023-06-16,2023-06-02,0.6742671009771987,0.8094462540716613,0.8094462540716613,0.6026058631921825,0.8082867631899068,0.8094451124755522,0.8094494348013995,0.7522482522386009,0.7024551305729919,0.7605665506274579
hotel_7,2023-06-17,2023-06-02,0.4495114006514658,0.8094462540716613,0.750814332247557,0.6628664495114006,0.7270081556901234,0.8094451124755522,0.7207415327403021,0.7834308177116261,0.6199583053831834,0.7448429356116985
hotel_7,2023-06-18,2023-06-02,0.4381107491856677,0.8094462540716613,0.7785016286644951,0.7361563517915309,0.7080671679310537,0.8094451124755522,0.6919830327695474,0.7878567009509387,0.6047702288017598,0.7342176176923454
hotel_7,2023-06-19,2023-06-02,0.4560260586319218,0.8094462540716613,0.6237785016286646,0.5456026058631922,0.5797217911384903,0.8094451124755522,0.5661560612515374,0.7269429173252323,0.474800033534638,0.7619077742608246
hotel_7,2023-06-20,2023-06-02,0.34364820846905536,0.8094462540716613,0.6270358306188925,0.4560260586319218,0.571969959588913,0.8094451124755522,0.5440116289445347,0.7500899425511186,0.46131856044101466,0.72632008018923
hotel_7,2023-06-21,2023-06-02,0.41042345276872966,0.8094462540716613,0.6449511400651465,0.3322475570032573,0.7372719503055183,0.8094451124755522,0.7024063259243042,0.7545037378415145,0.588856869682302,0.7293773039387265
hotel_7,2023-06-22,2023-06-02,0.3745928338762215,0.8094462540716613,0.7980456026058632,0.38599348534201955,0.776442840243807,0.8094451124755522,0.7662325605345498,0.7599147843928663,0.6303963086032014,0.6987488350677805
hotel_7,2023-06-23,2023-06-02,0.4169381107491857,0.8094462540716613,0.8094462540716613,0.7166123778501629,0.8082867631899068,0.8094451124755522,0.8094494348013995,0.7853507478473672,0.690395590057434,0.6985437800062432
hotel_7,2023-06-24,2023-06-02,0.33876221498371334,0.8094462540716613,0.750814332247557,0.762214983713355,0.7270081556901234,0.8094451124755522,0.7207415327403021,0.8141491465435845,0.5994536961902206,0.690622091658907
hotel_7,2023-06-25,2023-06-02,0.3289902280130293,0.8094462540716613,0.7785016286644951,0.7785016286644951,0.7080671679310537,0.8094451124755522,0.6919830327695474,0.8132602196890575,0.5813017766592916,0.6725040920757743
hotel_7,2023-06-26,2023-06-02,0.247557003257329,0.8094462540716613,0.6237785016286646,0.750814332247557,0.5797217911384903,0.8094451124755522,0.5661560612515374,0.812308586703432,0.4517131279173988,0.6840345976790562
hotel_7,2023-06-27,2023-06-02,0.28664495114006516,0.8094462540716613,0.6270358306188925,0.7785016286644951,0.571969959588913,0.8094451124755522,0.5440116289445347,0.8253242803751324,0.4451316947587478,0.659212831609982
hotel_7,2023-06-28,2023-06-02,0.44788273615635177,0.8094462540716613,0.6449511400651465,0.6237785016286646,0.7372719503055183,0.8094451124755522,0.7024063259243042,0.8002471734409086,0.5848439097590201,0.6911668854613348
hotel_7,2023-06-29,2023-06-02,0.5521172638436482,0.8094462540716613,0.7980456026058632,0.6270358306188925,0.776442840243807,0.8094451124755522,0.7662325605345498,0.8191846494361424,0.622667485611669,0.6698981844821889
hotel_7,2023-06-30,2023-06-02,0.6498371335504886,0.8094462540716613,0.8094462540716613,0.6449511400651465,0.8082867631899068,0.8094451124755522,0.8094494348013995,0.7893733883967274,0.6830245103018057,0.7025479907304507
hotel_70,2023-02-11,2023-02-10,0.43859649122807015,0.4166666666666667,0.2894736842105263,0.20614035087719298,0.44474151750181373,0.4166543859648991,0.4071361104835302,0.39885359419893895,0.3888238529185517,0.36390370291774304
hotel_70,2023-02-12,2023-02-10,0.25,0.4166666666666667,0.2412280701754386,0.29385964912280704,0.2565593141982787,0.4166543859648991,0.29043657291272806,0.443248695019782,0.310439895100574,0.3238858470687699
hotel_70,2023-02-13,2023-02-10,0.2412280701754386,0.4166666666666667,0.3201754385964912,0.3508771929824561,0.24084282517283315,0.4166543859648991,0.30298181314517747,0.4660995647409742,0.3411417859968248,0.3200782920582815
hotel_70,2023-02-14,2023-02-10,0.2982456140350877,0.4166666666666667,0.2807017543859649,0.23684210526315788,0.26081191721919655,0.4166543859648991,0.29760952415560155,0.4481681692445939,0.3283521542500475,0.32984029909516654
hotel_70,2023-02-15,2023-02-10,0.2894736842105263,0.4166666666666667,0.29385964912280704,0.2149122807017544,0.29404029978246565,0.4166543859648991,0.3245246127323701,0.4531123642768255,0.34286061963769887,0.3002324607062073
hotel_70,2023-02-16,2023-02-10,0.2982456140350877,0.4166666666666667,0.29385964912280704,0.2675438596491228,0.31651067605629823,0.4166543859648991,0.3317481222635497,0.45532373217167443,0.37359638405387563,0.32266632183100774
hotel_70,2023-02-17,2023-02-10,0.3991228070175439,0.4166666666666667,0.4166666666666667,0.34210526315789475,0.41667153664230244,0.4166543859648991,0.41666287751268605,0.45114651049668336,0.43643817280042657,0.3607053614796331
hotel_70,2023-02-18,2023-02-10,0.4342105263157895,0.4166666666666667,0.2894736842105263,0.29385964912280704,0.44474151750181373,0.4166543859648991,0.4071361104835302,0.42289685393206905,0.3954005683895524,0.3572590543334388
hotel_70,2023-02-19,2023-02-10,0.36403508771929827,0.4166666666666667,0.2412280701754386,0.40350877192982454,0.2565593141982787,0.4166543859648991,0.29043657291272806,0.40262351438471294,0.3559166268300175,0.3297979884822949
hotel_70,2023-02-20,2023-02-10,0.42543859649122806,0.4166666666666667,0.3201754385964912,0.3508771929824561,0.24084282517283315,0.4166543859648991,0.30298181314517747,0.4152992586452028,0.38891598573063396,0.3281749406767943
hotel_70,2023-02-21,2023-02-10,0.39035087719298245,0.4166666666666667,0.2807017543859649,0.16228070175438597,0.26081191721919655,0.4166543859648991,0.29760952415560155,0.4908858772917918,0.37324618217570726,0.328214499643752
hotel_70,2023-02-22,2023-02-10,0.42543859649122806,0.4166666666666667,0.29385964912280704,0.19736842105263158,0.29404029978246565,0.4166543859648991,0.3245246127323701,0.513383765029507,0.3817889536088755,0.3193898168149173
hotel_70,2023-02-23,2023-02-10,0.42543859649122806,0.4166666666666667,0.29385964912280704,0.20175438596491227,0.31651067605629823,0.4166543859648991,0.3317481222635497,0.5368278674459501,0.3917474643534534,0.32605898661829313
hotel_70,2023-02-24,2023-02-10,0.42543859649122806,0.4166666666666667,0.4166666666666667,0.2324561403508772,0.41667153664230244,0.4166543859648991,0.41666287751268605,0.457203725004771,0.4479668473605478,0.34489207164734154
hotel_70,2023-02-25,2023-02-10,0.4298245614035088,0.4166666666666667,0.2894736842105263,0.24561403508771928,0.44474151750181373,0.4166543859648991,0.4071361104835302,0.39648041560490854,0.4265406826480949,0.34569412797790705
hotel_70,2023-02-26,2023-02-10,0.3508771929824561,0.4166666666666667,0.2412280701754386,0.3508771929824561,0.2565593141982787,0.4166543859648991,0.29043657291272806,0.3695567926725957,0.39086041429490725,0.3342035927121294
hotel_70,2023-02-27,2023-02-10,0.37280701754385964,0.4166666666666667,0.3201754385964912,0.37719298245614036,0.24084282517283315,0.4166543859648991,0.30298181314517747,0.32641081142879114,0.4105169765307698,0.3304953865187389
hotel_70,2023-02-28,2023-02-10,0.42543859649122806,0.4166666666666667,0.2807017543859649,0.16228070175438597,0.26081191721919655,0.4166543859648991,0.29760952415560155,0.2886123497716886,0.40170545590391943,0.3301774847856229
hotel_70,2023-03-01,2023-02-10,0.40789473684210525,0.4166666666666667,0.29385964912280704,0.17982456140350878,0.29404029978246565,0.4166543859648991,0.3245246127323701,0.35820250537396486,0.40870967141052644,0.32662004864349303
hotel_70,2023-03-02,2023-02-10,0.37719298245614036,0.4166666666666667,0.29385964912280704,0.17982456140350878,0.31651067605629823,0.4166543859648991,0.3317481222635497,0.373804832732417,0.420910797303497,0.32932134082974246
hotel_70,2023-03-03,2023-02-10,0.43859649122807015,0.4166666666666667,0.4166666666666667,0.2149122807017544,0.41667153664230244,0.4166543859648991,0.41666287751268605,0.41341441997389694,0.457475261451204,0.3378371511329533
hotel_70,2023-03-04,2023-02-10,0.43859649122807015,0.4166666666666667,0.2894736842105263,0.3201754385964912,0.44474151750181373,0.4166543859648991,0.4071361104835302,0.4278968993419329,0.4385505379455325,0.3396765662040972
hotel_70,2023-03-05,2023-02-10,0.29385964912280704,0.4166666666666667,0.2412280701754386,0.3991228070175439,0.2565593141982787,0.4166543859648991,0.29043657291272806,0.4505996230390952,0.41546108142936317,0.33479375376406795
hotel_70,2023-03-06,2023-02-10,0.43859649122807015,0.4166666666666667,0.3201754385964912,0.2894736842105263,0.24084282517283315,0.4166543859648991,0.30298181314517747,0.36515994533998464,0.4314653612536203,0.33209236653601265
hotel_70,2023-03-07,2023-02-10,0.42543859649122806,0.4166666666666667,0.2807017543859649,0.2412280701754386,0.26081191721919655,0.4166543859648991,0.29760952415560155,0.39143001950310896,0.4240349710771104,0.33143121189676883
hotel_70,2023-03-08,2023-02-10,0.37280701754385964,0.4166666666666667,0.29385964912280704,0.3201754385964912,0.29404029978246565,0.4166543859648991,0.3245246127323701,0.3987271967965577,0.4287987667450884,0.3300209306420259
hotel_70,2023-03-09,2023-02-10,0.34649122807017546,0.4166666666666667,0.29385964912280704,0.2807017543859649,0.31651067605629823,0.4166543859648991,0.3317481222635497,0.361507445178677,0.43565976357251235,0.3311099421445898
hotel_70,2023-03-10,2023-02-10,0.3684210526315789,0.4166666666666667,0.4166666666666667,0.29385964912280704,0.41667153664230244,0.4166543859648991,0.41666287751268605,0.3929312791357671,0.4639222806311111,0.3350157789763232
hotel_70,2023-03-11,2023-03-10,0.40789473684210525,0.3684210526315789,0.43859649122807015,0.29385964912280704,0.3986128818684279,0.3933974102378253,0.3740965887772815,0.3771201780197092,0.36972936265393375,0.38447449937284156
hotel_70,2023-03-12,2023-03-10,0.31140350877192985,0.3684210526315789,0.29385964912280704,0.4166666666666667,0.2112556382361824,0.4183734626629414,0.2469112149082949,0.4014536670080269,0.2997852750444206,0.37742832311582386
hotel_70,2023-03-13,2023-03-10,0.34649122807017546,0.3684210526315789,0.43859649122807015,0.43859649122807015,0.20188409995226936,0.4433495150880575,0.2933480302676835,0.3985473444798866,0.3527213323633211,0.37565811153508905
hotel_70,2023-03-14,2023-03-10,0.33771929824561403,0.3684210526315789,0.42543859649122806,0.25,0.2218933871965272,0.46832556751317356,0.2991695564693003,0.4106664637458439,0.3642033701582038,0.3969287988089889
hotel_70,2023-03-15,2023-03-10,0.2675438596491228,0.3684210526315789,0.37280701754385964,0.2412280701754386,0.25923440066640135,0.49330161993828964,0.3029914789219913,0.42796572368777364,0.342099400175284,0.3914665943643085
hotel_70,2023-03-16,2023-03-10,0.3333333333333333,0.3684210526315789,0.34649122807017546,0.2982456140350877,0.2783611620815323,0.5182776723634057,0.3032352093999142,0.417881225666491,0.32450586507205004,0.3790308347627946
hotel_70,2023-03-17,2023-03-10,0.3815789473684211,0.3684210526315789,0.3684210526315789,0.2894736842105263,0.368450470864797,0.5432537247885217,0.36842537893172767,0.4157299364035583,0.34985167617397606,0.37939682737630664
hotel_70,2023-03-18,2023-03-10,0.3333333333333333,0.3684210526315789,0.43859649122807015,0.2982456140350877,0.3986128818684279,0.5682297772136379,0.3740965887772815,0.42333505333426147,0.3502710469290541,0.380082107419111
hotel_70,2023-03-19,2023-03-10,0.2324561403508772,0.3684210526315789,0.29385964912280704,0.3991228070175439,0.2112556382361824,0.5932058296387539,0.2469112149082949,0.44290014563800184,0.2846766678069038,0.36877520046250173
hotel_70,2023-03-20,2023-03-10,0.2894736842105263,0.3684210526315789,0.43859649122807015,0.4342105263157895,0.20188409995226936,0.61818188206387,0.2933480302676835,0.4226249584539457,0.3448192271130395,0.3658519029936514
hotel_70,2023-03-21,2023-03-10,0.32894736842105265,0.3684210526315789,0.42543859649122806,0.36403508771929827,0.2218933871965272,0.6431579344889861,0.2991695564693003,0.3958040141170144,0.34457479385299916,0.3761357996091099
hotel_70,2023-03-22,2023-03-10,0.34649122807017546,0.3684210526315789,0.37280701754385964,0.42543859649122806,0.25923440066640135,0.6681339869141021,0.3029914789219913,0.41044852895934664,0.3217897815487795,0.36685818357228384
hotel_70,2023-03-23,2023-03-10,0.39473684210526316,0.3684210526315789,0.34649122807017546,0.39035087719298245,0.2783611620815323,0.6931100393392182,0.3032352093999142,0.4687831366909931,0.3083004216212795,0.3706135256735311
hotel_70,2023-03-24,2023-03-10,0.39473684210526316,0.3684210526315789,0.3684210526315789,0.42543859649122806,0.368450470864797,0.7180860917643344,0.36842537893172767,0.4954331941640604,0.32296641606066695,0.36485461279796416
hotel_70,2023-03-25,2023-03-10,0.40789473684210525,0.3684210526315789,0.43859649122807015,0.42543859649122806,0.3986128818684279,0.7430621441894504,0.3740965887772815,0.5139225592025772,0.3234911047107433,0.3645941345576418
hotel_70,2023-03-26,2023-03-10,0.41228070175438597,0.3684210526315789,0.29385964912280704,0.42543859649122806,0.2112556382361824,0.7680381966145664,0.2469112149082949,0.45213174183039895,0.28160127912154204,0.364851475649188
hotel_70,2023-03-27,2023-03-10,0.3991228070175439,0.3684210526315789,0.43859649122807015,0.4298245614035088,0.20188409995226936,0.7930142490396825,0.2933480302676835,0.39974169813921057,0.3166701522597502,0.3647066412717896
hotel_70,2023-03-28,2023-03-10,0.4342105263157895,0.3684210526315789,0.42543859649122806,0.3508771929824561,0.2218933871965272,0.8179903014647987,0.2991695564693003,0.3694118561978007,0.32001683152541,0.37609784272162766
hotel_70,2023-03-29,2023-03-10,0.3684210526315789,0.3684210526315789,0.37280701754385964,0.37280701754385964,0.25923440066640135,0.8429663538899147,0.3029914789219913,0.33345418349651396,0.3061197387840767,0.3731692702388963
hotel_70,2023-03-30,2023-03-10,0.4517543859649123,0.3684210526315789,0.34649122807017546,0.42543859649122806,0.2783611620815323,0.8679424063150307,0.3032352093999142,0.3019110754142151,0.2965477491630281,0.3657345189655735
hotel_70,2023-03-31,2023-03-10,0.37719298245614036,0.3684210526315789,0.3684210526315789,0.40789473684210525,0.368450470864797,0.8929184587401469,0.36842537893172767,0.3560867244769661,0.30880936448952584,0.3679924756212229
hotel_70,2023-04-01,2023-03-10,0.4517543859649123,0.3684210526315789,0.43859649122807015,0.37719298245614036,0.3986128818684279,0.9178945111652629,0.3740965887772815,0.3591212027279805,0.3091026462862295,0.37211486817447087
hotel_70,2023-04-02,2023-03-10,0.36403508771929827,0.3684210526315789,0.29385964912280704,0.43859649122807015,0.2112556382361824,0.942870563590379,0.2469112149082949,0.401398356050851,0.27610866489863717,0.36348224572291077
hotel_70,2023-04-03,2023-03-10,0.45614035087719296,0.3684210526315789,0.43859649122807015,0.43859649122807015,0.20188409995226936,0.967846616015495,0.2933480302676835,0.42042956722623737,0.3052899829290812,0.36351261894551595
hotel_70,2023-04-04,2023-03-10,0.4517543859649123,0.3684210526315789,0.42543859649122806,0.29385964912280704,0.2218933871965272,0.9928226684406112,0.2991695564693003,0.4166972293504324,0.3062898273034417,0.3837863184116093
hotel_70,2023-04-05,2023-03-10,0.4342105263157895,0.3684210526315789,0.37280701754385964,0.43859649122807015,0.25923440066640135,1.017798720865727,0.3029914789219913,0.35934206922356565,0.2950385513722903,0.3636589294978847
hotel_70,2023-04-06,2023-03-10,0.42105263157894735,0.3684210526315789,0.34649122807017546,0.42543859649122806,0.2783611620815323,1.0427747732908434,0.3032352093999142,0.3805383464265263,0.287946504423196,0.36552565078046584
hotel_70,2023-04-07,2023-03-10,0.3157894736842105,0.3684210526315789,0.3684210526315789,0.37280701754385964,0.368450470864797,1.0677508257159594,0.36842537893172767,0.3789646895688712,0.2962516782205216,0.3728604637225325
hotel_70,2023-04-08,2023-04-07,0.2850877192982456,0.3157894736842105,0.4517543859649123,0.34649122807017546,0.3474219498401573,0.3372977792066216,0.34855446875714735,0.3061026337383738,0.3435319430312076,0.33583739114961164
hotel_70,2023-04-09,2023-04-07,0.2543859649122807,0.3157894736842105,0.36403508771929827,0.3684210526315789,0.23211379521067851,0.35879340012974786,0.2614659988597742,0.36026715829505973,0.31682340084002597,0.37158219940386494
hotel_70,2023-04-10,2023-04-07,0.35526315789473684,0.3157894736842105,0.45614035087719296,0.40789473684210525,0.22431768814779332,0.3802890210528742,0.3145303849584507,0.38582663168500747,0.3423145372719977,0.4005107386860889
hotel_70,2023-04-11,2023-04-07,0.4298245614035088,0.3157894736842105,0.4517543859649123,0.31140350877192985,0.21026250646154263,0.4017846419760005,0.3269691811976919,0.4199367235744762,0.35138681339665073,0.42874907787693806
hotel_70,2023-04-12,2023-04-07,0.44298245614035087,0.3157894736842105,0.4342105263157895,0.34649122807017546,0.2267569370538569,0.42328026289912685,0.2997048514481758,0.44164371808164815,0.3261461000326252,0.41886009687476955
hotel_70,2023-04-13,2023-04-07,0.37719298245614036,0.3157894736842105,0.42105263157894735,0.33771929824561403,0.25972103392983786,0.4447758838222532,0.32139793706862074,0.47205271787235753,0.3468172031020484,0.4046557039935134
hotel_70,2023-04-14,2023-04-07,0.37719298245614036,0.3157894736842105,0.3157894736842105,0.2675438596491228,0.3085947717587414,0.4662715047453795,0.3157994404988431,0.49782340911239015,0.2909405123641196,0.399746168290919
hotel_70,2023-04-15,2023-04-07,0.36403508771929827,0.3157894736842105,0.4517543859649123,0.3333333333333333,0.3474219498401573,0.4877671256685058,0.34855446875714735,0.5238159603523168,0.3220569684588608,0.3835874103135111
hotel_70,2023-04-16,2023-04-07,0.2850877192982456,0.3157894736842105,0.36403508771929827,0.3815789473684211,0.23211379521067851,0.5092627465916322,0.2614659988597742,0.5484898688297678,0.28734331520509915,0.3782081765322963
hotel_70,2023-04-17,2023-04-07,0.40350877192982454,0.3157894736842105,0.45614035087719296,0.3333333333333333,0.22431768814779332,0.5307583675147585,0.3145303849584507,0.5696931411268078,0.322977272130215,0.3909759907999805
hotel_70,2023-04-18,2023-04-07,0.3201754385964912,0.3157894736842105,0.4517543859649123,0.2324561403508772,0.21026250646154263,0.5522539884378848,0.3269691811976919,0.6035909201820809,0.3245658268937342,0.4111707326819875
hotel_70,2023-04-19,2023-04-07,0.31140350877192985,0.3157894736842105,0.4342105263157895,0.2894736842105263,0.2267569370538569,0.573749609361011,0.2997048514481758,0.6166168519823184,0.31126732154130254,0.4065181382435183
hotel_70,2023-04-20,2023-04-07,0.2675438596491228,0.3157894736842105,0.42105263157894735,0.32894736842105265,0.25972103392983786,0.5952452302841373,0.32139793706862074,0.626104491612428,0.3139422704694656,0.4008190886847327
hotel_70,2023-04-21,2023-04-07,0.4473684210526316,0.3157894736842105,0.3157894736842105,0.34649122807017546,0.3085947717587414,0.6167408512072637,0.3157994404988431,0.6614501544976876,0.2646756826458356,0.3960200653548657
hotel_70,2023-04-22,2023-04-07,0.44298245614035087,0.3157894736842105,0.4517543859649123,0.39473684210526316,0.3474219498401573,0.63823647213039,0.34855446875714735,0.7381455096434493,0.2828950426005936,0.38672324849614376
hotel_70,2023-04-23,2023-04-07,0.2149122807017544,0.3157894736842105,0.36403508771929827,0.39473684210526316,0.23211379521067851,0.6597320930535164,0.2614659988597742,0.7881772308051554,0.26383534381649765,0.3852341109728703
hotel_70,2023-04-24,2023-04-07,0.34210526315789475,0.3157894736842105,0.45614035087719296,0.40789473684210525,0.22431768814779332,0.6812277139766427,0.3145303849584507,0.8273515528392482,0.28282561164963244,0.3833613352050715
hotel_70,2023-04-25,2023-04-07,0.35964912280701755,0.3157894736842105,0.4517543859649123,0.41228070175438597,0.21026250646154263,0.702723334899769,0.3269691811976919,0.8046392470365106,0.2860409376472582,0.38366135350383523
hotel_70,2023-04-26,2023-04-07,0.2543859649122807,0.3157894736842105,0.4342105263157895,0.3991228070175439,0.2267569370538569,0.7242189558228953,0.2997048514481758,0.7825696880149761,0.27425939710555536,0.38657214232235704
hotel_70,2023-04-27,2023-04-07,0.2719298245614035,0.3157894736842105,0.42105263157894735,0.4342105263157895,0.25972103392983786,0.7457145767460216,0.32139793706862074,0.7916952833663341,0.28128379589287883,0.3823730572011136
hotel_70,2023-04-28,2023-04-07,0.4649122807017544,0.3157894736842105,0.3157894736842105,0.3684210526315789,0.3085947717587414,0.767210197669148,0.3157994404988431,0.7768709018213138,0.24886960904374775,0.3915815259274711
hotel_70,2023-04-29,2023-04-07,0.4780701754385965,0.3157894736842105,0.4517543859649123,0.4517543859649123,0.3474219498401573,0.7887058185922743,0.34855446875714735,0.7828413389067015,0.2639767000925435,0.3796712418234463
hotel_70,2023-04-30,2023-04-07,0.25,0.3157894736842105,0.36403508771929827,0.37719298245614036,0.23211379521067851,0.8102014395154007,0.2614659988597742,0.8344866809711589,0.24752749378818162,0.3895707262046575
hotel_70,2023-05-01,2023-04-07,0.2675438596491228,0.3157894736842105,0.45614035087719296,0.4517543859649123,0.22431768814779332,0.831697060438527,0.3145303849584507,0.8637712434934782,0.26422922064265203,0.37892326002775734
hotel_70,2023-05-02,2023-04-07,0.2807017543859649,0.3157894736842105,0.4517543859649123,0.36403508771929827,0.21026250646154263,0.8531926813616533,0.3269691811976919,0.9080670093167855,0.26573036090826524,0.3910419557712993
hotel_70,2023-05-03,2023-04-07,0.17543859649122806,0.3157894736842105,0.4342105263157895,0.45614035087719296,0.2267569370538569,0.8746883022847796,0.2997048514481758,0.969441289613681,0.25799791224756446,0.3783861722226379
hotel_70,2023-05-04,2023-04-07,0.25877192982456143,0.3157894736842105,0.42105263157894735,0.4517543859649123,0.25972103392983786,0.896183923207906,0.32139793706862074,0.9867218134498484,0.2610399490313026,0.37917968817305014
hotel_70,2023-05-05,2023-04-07,0.3684210526315789,0.3157894736842105,0.3157894736842105,0.4342105263157895,0.3085947717587414,0.9176795441310323,0.3157994404988431,0.9602888947295375,0.23598146365837913,0.38174637660523353
hotel_70,2023-05-06,2023-05-05,0.41228070175438597,0.3684210526315789,0.4780701754385965,0.42105263157894735,0.38740125155159716,0.3929536301407407,0.3594177437035569,0.3856286260113955,0.37155766036959936,0.33538097402594025
hotel_70,2023-05-07,2023-05-05,0.2236842105263158,0.3684210526315789,0.25,0.3157894736842105,0.27544346714422535,0.41749471989236875,0.24760871203997503,0.3919501864218481,0.22955985256969025,0.2728371947084206
hotel_70,2023-05-08,2023-05-05,0.2850877192982456,0.3684210526315789,0.2675438596491228,0.2850877192982456,0.29569960398103207,0.44203580964399686,0.32539900786873666,0.37217509461090004,0.27208009511952247,0.3259520773147585
hotel_70,2023-05-09,2023-05-05,0.35964912280701755,0.3684210526315789,0.2807017543859649,0.2543859649122807,0.26819930363875516,0.46657689939562497,0.3355104875011222,0.41624858449196517,0.28153616970904927,0.3476357826560425
hotel_70,2023-05-10,2023-05-05,0.34649122807017546,0.3684210526315789,0.17543859649122806,0.35526315789473684,0.2647245735232996,0.4911179891472531,0.29215709094167736,0.4555159968241285,0.21599871995524506,0.27457506797077824
hotel_70,2023-05-11,2023-05-05,0.31140350877192985,0.3684210526315789,0.25877192982456143,0.4298245614035088,0.304776264099583,0.5156590788988812,0.307605377218626,0.5024739600402828,0.2489241337891545,0.2813258359672152
hotel_70,2023-05-12,2023-05-05,0.3991228070175439,0.3684210526315789,0.3684210526315789,0.44298245614035087,0.3705708325108163,0.5402001686505092,0.36841616811959976,0.5251549880518076,0.34120628465175784,0.3513855396603322
hotel_70,2023-05-13,2023-05-05,0.4517543859649123,0.3684210526315789,0.4780701754385965,0.37719298245614036,0.38740125155159716,0.5647412584021374,0.3594177437035569,0.5408592908730396,0.3460469658455539,0.3169909553935054
hotel_70,2023-05-14,2023-05-05,0.3157894736842105,0.3684210526315789,0.25,0.37719298245614036,0.27544346714422535,0.5892823481537655,0.24760871203997503,0.5644527533069931,0.23283503578407871,0.264737660644059
hotel_70,2023-05-15,2023-05-05,0.43859649122807015,0.3684210526315789,0.2675438596491228,0.36403508771929827,0.29569960398103207,0.6138234379053935,0.32539900786873666,0.5926030047026285,0.2521109977247489,0.32139223572932457
hotel_70,2023-05-16,2023-05-05,0.44298245614035087,0.3684210526315789,0.2807017543859649,0.2850877192982456,0.26819930363875516,0.6383645276570216,0.3355104875011222,0.6037217571130131,0.25906514930573316,0.3478849699860796
hotel_70,2023-05-17,2023-05-05,0.3201754385964912,0.3684210526315789,0.17543859649122806,0.40350877192982454,0.2647245735232996,0.6629056174086497,0.29215709094167736,0.6417787219660201,0.20681348927735999,0.28056288504275634
hotel_70,2023-05-18,2023-05-05,0.4298245614035088,0.3684210526315789,0.25877192982456143,0.3201754385964912,0.304776264099583,0.6874467071602779,0.307605377218626,0.6675719988130167,0.24183897563825732,0.28345940010073006
hotel_70,2023-05-19,2023-05-05,0.45614035087719296,0.3684210526315789,0.3684210526315789,0.31140350877192985,0.3705708325108163,0.711987796911906,0.36841616811959976,0.681631026931115,0.30429897563912806,0.34814953778247415
hotel_70,2023-05-20,2023-05-05,0.4605263157894737,0.3684210526315789,0.4780701754385965,0.2675438596491228,0.38740125155159716,0.736528886663534,0.3594177437035569,0.6913854057170294,0.3068217527853342,0.3174255896567537
hotel_70,2023-05-21,2023-05-05,0.40789473684210525,0.3684210526315789,0.25,0.4473684210526316,0.27544346714422535,0.761069976415162,0.24760871203997503,0.7522412976478089,0.22804019174767515,0.2673427678135451
hotel_70,2023-05-22,2023-05-05,0.38596491228070173,0.3684210526315789,0.2675438596491228,0.44298245614035087,0.29569960398103207,0.7856110661667902,0.32539900786873666,0.8141526968921633,0.2467397675378628,0.3191034987940083
hotel_70,2023-05-23,2023-05-05,0.41228070175438597,0.3684210526315789,0.2807017543859649,0.2149122807017544,0.26819930363875516,0.8101521559184184,0.3355104875011222,0.8279547242256678,0.25179043582614247,0.34584256400659896
hotel_70,2023-05-24,2023-05-05,0.3991228070175439,0.3684210526315789,0.17543859649122806,0.34210526315789475,0.2647245735232996,0.8346932456700464,0.29215709094167736,0.8835634639805173,0.2154297153472229,0.28356268790167377
hotel_70,2023-05-25,2023-05-05,0.40789473684210525,0.3684210526315789,0.25877192982456143,0.35964912280701755,0.304776264099583,0.8592343354216745,0.307605377218626,0.8782037623544479,0.23663161230014693,0.28423902408971635
hotel_70,2023-05-26,2023-05-05,0.39035087719298245,0.3684210526315789,0.3684210526315789,0.2543859649122807,0.3705708325108163,0.8837754251733025,0.36841616811959976,0.8501723675296367,0.28411334913890096,0.3449808977299865
hotel_70,2023-05-27,2023-05-05,0.41228070175438597,0.3684210526315789,0.4780701754385965,0.2719298245614035,0.38740125155159716,0.9083165149249306,0.3594177437035569,0.8717427499422892,0.28635198980466,0.3180927642226189
hotel_70,2023-05-28,2023-05-05,0.4298245614035088,0.3684210526315789,0.25,0.4649122807017544,0.27544346714422535,0.9328576046765589,0.24760871203997503,0.8989543683528445,0.22738041527001773,0.27017287587720384
hotel_70,2023-05-29,2023-05-05,0.2543859649122807,0.3684210526315789,0.2675438596491228,0.4780701754385965,0.29569960398103207,0.9573986944281869,0.32539900786873666,0.910959858544052,0.23918897496792993,0.31721486737583365
hotel_70,2023-05-30,2023-05-05,0.35964912280701755,0.3684210526315789,0.2807017543859649,0.25,0.26819930363875516,0.981939784179815,0.3355104875011222,0.9127064202589443,0.24288207258043074,0.3438687949358804
hotel_70,2023-05-31,2023-05-05,0.4868421052631579,0.3684210526315789,0.17543859649122806,0.2675438596491228,0.2647245735232996,1.006480873931443,0.29215709094167736,0.9374498521701247,0.21566442279521122,0.2862575819331268
hotel_70,2023-06-01,2023-05-05,0.5964912280701754,0.3684210526315789,0.25877192982456143,0.2807017543859649,0.304776264099583,1.031021963683071,0.307605377218626,0.9756649061024122,0.2328483580349513,0.28500879530275125
hotel_70,2023-06-02,2023-05-05,0.5657894736842105,0.3684210526315789,0.3684210526315789,0.17543859649122806,0.3705708325108163,1.0555630534346991,0.36841616811959976,1.0224578281495853,0.2667270129588404,0.3420095674991587
hotel_70,2023-06-03,2023-06-02,0.5964912280701754,0.5657894736842105,0.41228070175438597,0.25877192982456143,0.5917986913036359,0.5900349253676664,0.5837701131991505,0.5812054183531957,0.5743634708062781,0.500974928336879
hotel_70,2023-06-04,2023-06-02,0.4649122807017544,0.5657894736842105,0.4298245614035088,0.3684210526315789,0.48171847607544516,0.6142745598148339,0.462069160278494,0.5847538764604837,0.5653676988575693,0.41598057682789
hotel_70,2023-06-05,2023-06-02,0.4473684210526316,0.5657894736842105,0.2543859649122807,0.41228070175438597,0.48848736242562163,0.6385141942620013,0.485617742636922,0.6260313020146194,0.5004917303918942,0.40784388422611756
hotel_70,2023-06-06,2023-06-02,0.5131578947368421,0.5657894736842105,0.35964912280701755,0.2236842105263158,0.481538355076262,0.6627538287091687,0.5148299618698482,0.6019813488353261,0.5431333199821656,0.44454928789510073
hotel_70,2023-06-07,2023-06-02,0.5877192982456141,0.5657894736842105,0.4868421052631579,0.2850877192982456,0.46774949360625423,0.6869934631563361,0.4824338364392037,0.5947177245308554,0.5819622116582837,0.4464477166589048
hotel_70,2023-06-08,2023-06-02,0.6140350877192983,0.5657894736842105,0.5964912280701754,0.35964912280701755,0.5069465780793083,0.7112330976035035,0.5153908242747575,0.6426360120567887,0.6211161887577556,0.4279528044379626
hotel_70,2023-06-09,2023-06-02,0.6403508771929824,0.5657894736842105,0.5657894736842105,0.34649122807017546,0.5620563067445632,0.7354727320506709,0.5664451768958432,0.6761097404360904,0.6058920520774433,0.4567022940536201
hotel_70,2023-06-10,2023-06-02,0.6403508771929824,0.5657894736842105,0.41228070175438597,0.31140350877192985,0.5917986913036359,0.7597123664978382,0.5837701131991505,0.7138564721724401,0.6149533239473368,0.46963544928472434
hotel_70,2023-06-11,2023-06-02,0.5877192982456141,0.5657894736842105,0.4298245614035088,0.3991228070175439,0.48171847607544516,0.7839520009450057,0.462069160278494,0.7487797861763457,0.6168989977520634,0.43754984101549016
hotel_70,2023-06-12,2023-06-02,0.5526315789473685,0.5657894736842105,0.2543859649122807,0.4517543859649123,0.48848736242562163,0.8081916353921731,0.485617742636922,0.7648319381183784,0.545651793970538,0.43900935666911134
hotel_70,2023-06-13,2023-06-02,0.5175438596491229,0.5657894736842105,0.35964912280701755,0.3157894736842105,0.481538355076262,0.8324312698393406,0.5148299618698482,0.7631374159903852,0.5896430874170754,0.46546575477219504
hotel_70,2023-06-14,2023-06-02,0.543859649122807,0.5657894736842105,0.4868421052631579,0.43859649122807015,0.46774949360625423,0.8566709042865079,0.4824338364392037,0.8121377593290985,0.6385524154747655,0.4613152300884684
hotel_70,2023-06-15,2023-06-02,0.5789473684210527,0.5657894736842105,0.5964912280701754,0.44298245614035087,0.5069465780793083,0.8809105387336753,0.5153908242747575,0.8230497510841823,0.6826158036466105,0.432394656290072
hotel_70,2023-06-16,2023-06-02,0.6447368421052632,0.5657894736842105,0.5657894736842105,0.3201754385964912,0.5620563067445632,0.9051501731808427,0.5664451768958432,0.8383829244655425,0.668852781341487,0.44899713897176263
hotel_70,2023-06-17,2023-06-02,0.7368421052631579,0.5657894736842105,0.41228070175438597,0.4298245614035088,0.5917986913036359,0.92938980762801,0.5837701131991505,0.8797074265296877,0.6743051341985253,0.47569150448369457
hotel_70,2023-06-18,2023-06-02,0.6447368421052632,0.5657894736842105,0.4298245614035088,0.45614035087719296,0.48171847607544516,0.9536294420751775,0.462069160278494,0.8989536835701589,0.6724153887078722,0.4440825602900278
hotel_70,2023-06-19,2023-06-02,0.5701754385964912,0.5657894736842105,0.2543859649122807,0.4605263157894737,0.48848736242562163,0.977869076522345,0.485617742636922,0.9123030538699405,0.6302617911116319,0.44138494290064634
hotel_70,2023-06-20,2023-06-02,0.6096491228070176,0.5657894736842105,0.35964912280701755,0.40789473684210525,0.481538355076262,1.0021087109695124,0.5148299618698482,0.960555333854151,0.6570191749294426,0.47070572627781126
hotel_70,2023-06-21,2023-06-02,0.5526315789473685,0.5657894736842105,0.4868421052631579,0.38596491228070173,0.46774949360625423,1.0263483454166797,0.4824338364392037,1.0013888162743774,0.6843448274040699,0.4575778446612541
hotel_70,2023-06-22,2023-06-02,0.5482456140350878,0.5657894736842105,0.5964912280701754,0.41228070175438597,0.5069465780793083,1.050587979863847,0.5153908242747575,1.0149037819340545,0.7101413664291951,0.43221514301666986
hotel_70,2023-06-23,2023-06-02,0.6403508771929824,0.5657894736842105,0.5657894736842105,0.3991228070175439,0.5620563067445632,1.0748276143110145,0.5664451768958432,1.0629734801000228,0.7012382105372837,0.4540967505927378
hotel_70,2023-06-24,2023-06-02,0.7982456140350878,0.5657894736842105,0.41228070175438597,0.40789473684210525,0.5917986913036359,1.0990672487581818,0.5837701131991505,1.0688129236400654,0.7056210271838536,0.4725823660627349
hotel_70,2023-06-25,2023-06-02,0.6535087719298246,0.5657894736842105,0.4298245614035088,0.39035087719298245,0.48171847607544516,1.1233068832053492,0.462069160278494,1.0463726124822361,0.7055384151112037,0.4410758745810804
hotel_70,2023-06-26,2023-06-02,0.7105263157894737,0.5657894736842105,0.2543859649122807,0.41228070175438597,0.48848736242562163,1.1475465176525168,0.485617742636922,1.0746504869833489,0.6713170222644048,0.4382973517839265
hotel_70,2023-06-27,2023-06-02,0.7105263157894737,0.5657894736842105,0.35964912280701755,0.4298245614035088,0.481538355076262,1.1717861520996842,0.5148299618698482,1.1131224882366504,0.6926909982982433,0.47049478361334773
hotel_70,2023-06-28,2023-06-02,0.75,0.5657894736842105,0.4868421052631579,0.2543859649122807,0.46774949360625423,1.1960257865468515,0.4824338364392037,1.0998276838466592,0.7156439898927878,0.4477944286190472
hotel_70,2023-06-29,2023-06-02,0.7587719298245614,0.5657894736842105,0.5964912280701754,0.35964912280701755,0.5069465780793083,1.220265420994019,0.5153908242747575,1.1049818375200648,0.7367169327998774,0.42969590850539374
hotel_70,2023-06-30,2023-06-02,0.8377192982456141,0.5657894736842105,0.5657894736842105,0.4868421052631579,0.5620563067445632,1.2445050554411865,0.5664451768958432,1.143939564635576,0.7298520012123552,0.460164759899145
hotel_84,2023-02-11,2023-02-10,0.9204152249134948,0.7854671280276817,0.8927335640138409,0.1903114186851211,0.8141608235645224,0.6381084365733931,0.8028517689657917,0.565059205913541,0.7297813283918412,0.7289733645321301
hotel_84,2023-02-12,2023-02-10,0.20761245674740483,0.7854671280276817,0.4532871972318339,0.5121107266435986,0.5673191381898524,0.6381084365733931,0.6120694980158699,0.5506828373357842,0.503553259668114,0.49487248013684604
hotel_84,2023-02-13,2023-02-10,0.356401384083045,0.7854671280276817,0.5882352941176471,0.41522491349480967,0.5750735785458644,0.6381084365733931,0.5922234067213948,0.5685155764969438,0.49859295515272906,0.5081366351865088
hotel_84,2023-02-14,2023-02-10,0.6643598615916955,0.7854671280276817,0.6332179930795848,0.23183391003460208,0.6305909214111205,0.6381084365733931,0.6065798161933486,0.6007098052877726,0.553522437254376,0.6615763357748159
hotel_84,2023-02-15,2023-02-10,0.5432525951557093,0.7854671280276817,0.643598615916955,0.18339100346020762,0.6469828903723714,0.6381084365733931,0.6217183934792443,0.5800766089181497,0.5167543018713234,0.5837045006458375
hotel_84,2023-02-16,2023-02-10,0.8131487889273357,0.7854671280276817,0.532871972318339,0.28027681660899656,0.6170352733011697,0.6381084365733931,0.6018073084167909,0.5475959313957153,0.5204896714923147,0.4717894801713266
hotel_84,2023-02-17,2023-02-10,1.0,0.7854671280276817,0.7854671280276817,0.32525951557093424,0.7620711894827383,0.6381084365733931,0.7693460082516373,0.5101654002918189,0.7298430779042692,0.5930650200505785
hotel_84,2023-02-18,2023-02-10,1.041522491349481,0.7854671280276817,0.8927335640138409,0.3494809688581315,0.8141608235645224,0.6381084365733931,0.8028517689657917,0.46747900350127075,0.7353604194576915,0.6472398225801655
hotel_84,2023-02-19,2023-02-10,0.8339100346020761,0.7854671280276817,0.4532871972318339,0.11072664359861592,0.5673191381898524,0.6381084365733931,0.6120694980158699,0.4325510260562268,0.5279696611011729,0.5095122882325533
hotel_84,2023-02-20,2023-02-10,0.6332179930795848,0.7854671280276817,0.5882352941176471,0.020761245674740483,0.5750735785458644,0.6381084365733931,0.5922234067213948,0.37045719937153476,0.5592182424723697,0.5169334214089869
hotel_84,2023-02-21,2023-02-10,0.8096885813148789,0.7854671280276817,0.6332179930795848,0.006920415224913495,0.6305909214111205,0.6381084365733931,0.6065798161933486,0.4392803477863546,0.5894067975786093,0.6439895160626569
hotel_84,2023-02-22,2023-02-10,1.013840830449827,0.7854671280276817,0.643598615916955,0.006920415224913495,0.6469828903723714,0.6381084365733931,0.6217183934792443,0.4806472662931535,0.5752926269281935,0.5828755581763433
hotel_84,2023-02-23,2023-02-10,1.0069204152249136,0.7854671280276817,0.532871972318339,0.02768166089965398,0.6170352733011697,0.6381084365733931,0.6018073084167909,0.5179817940203459,0.5563285572147214,0.48877005543937485
hotel_84,2023-02-24,2023-02-10,1.0069204152249136,0.7854671280276817,0.7854671280276817,0.08304498269896193,0.7620711894827383,0.6381084365733931,0.7693460082516373,0.4746917880187097,0.7050589597249626,0.5866188117829932
hotel_84,2023-02-25,2023-02-10,0.6401384083044983,0.7854671280276817,0.8927335640138409,0.0034602076124567475,0.8141608235645224,0.6381084365733931,0.8028517689657917,0.43763696038556943,0.6989443253687154,0.6339300195994613
hotel_84,2023-02-26,2023-02-10,0.19377162629757785,0.7854671280276817,0.4532871972318339,0.0034602076124567475,0.5673191381898524,0.6381084365733931,0.6120694980158699,0.4012392645989799,0.5533845221164262,0.5212739280908956
hotel_84,2023-02-27,2023-02-10,0.42214532871972316,0.7854671280276817,0.5882352941176471,0.01730103806228374,0.5750735785458644,0.6381084365733931,0.5922234067213948,0.32941609915945463,0.5694503376524952,0.5245094678342412
hotel_84,2023-02-28,2023-02-10,0.5640138408304498,0.7854671280276817,0.6332179930795848,0.03460207612456748,0.6305909214111205,0.6381084365733931,0.6065798161933486,0.3232536868121861,0.5930345339727372,0.6296436516810218
hotel_84,2023-03-01,2023-02-10,0.5017301038062284,0.7854671280276817,0.643598615916955,0.01384083044982699,0.6469828903723714,0.6381084365733931,0.6217183934792443,0.42551539813313705,0.5804420796917514,0.5818208515280764
hotel_84,2023-03-02,2023-02-10,0.48788927335640137,0.7854671280276817,0.532871972318339,0.020761245674740483,0.6170352733011697,0.6381084365733931,0.6018073084167909,0.44000104816352376,0.570935436286598,0.5027825630368251
hotel_84,2023-03-03,2023-02-10,0.7889273356401384,0.7854671280276817,0.7854671280276817,0.05536332179930796,0.7620711894827383,0.6381084365733931,0.7693460082516373,0.4660244221450445,0.6834651942398857,0.5816497896977754
hotel_84,2023-03-04,2023-02-10,0.9100346020761245,0.7854671280276817,0.8927335640138409,0.20069204152249134,0.8141608235645224,0.6381084365733931,0.8028517689657917,0.4717619088574279,0.6810722060038517,0.6227974531581648
hotel_84,2023-03-05,2023-02-10,0.5847750865051903,0.7854671280276817,0.4532871972318339,0.8200692041522492,0.5673191381898524,0.6381084365733931,0.6120694980158699,0.6520785031134074,0.5713364339420485,0.5307119303874471
hotel_84,2023-03-06,2023-02-10,0.8823529411764706,0.7854671280276817,0.5882352941176471,0.8927335640138409,0.5750735785458644,0.6381084365733931,0.5922234067213948,0.6030234694731377,0.5849078591220808,0.5310163763510795
hotel_84,2023-03-07,2023-02-10,0.8269896193771626,0.7854671280276817,0.6332179930795848,0.4532871972318339,0.6305909214111205,0.6381084365733931,0.6065798161933486,0.5643791027381558,0.6021258615628403,0.6179499075719995
hotel_84,2023-03-08,2023-02-10,0.754325259515571,0.7854671280276817,0.643598615916955,0.5882352941176471,0.6469828903723714,0.6381084365733931,0.6217183934792443,0.5958620677656001,0.5933436648922573,0.5806477596948136
hotel_84,2023-03-09,2023-02-10,0.6920415224913494,0.7854671280276817,0.532871972318339,0.6332179930795848,0.6170352733011697,0.6381084365733931,0.6018073084167909,0.5624493248644185,0.5851034722066819,0.5143380033069823
hotel_84,2023-03-10,2023-02-10,0.9446366782006921,0.7854671280276817,0.7854671280276817,0.643598615916955,0.7620711894827383,0.6381084365733931,0.7693460082516373,0.5768968438379997,0.6680377630524563,0.5778388590337654
hotel_84,2023-03-11,2023-03-10,0.972318339100346,0.9446366782006921,0.9100346020761245,0.532871972318339,0.9089282610664536,0.8098528871104654,0.916223657208646,0.8250865186010429,0.855017753542064,0.8516426347616295
hotel_84,2023-03-12,2023-03-10,0.6262975778546713,0.9446366782006921,0.5847750865051903,0.7854671280276817,0.6270213889358269,0.8098528871104654,0.5761750485600838,0.8686513010600296,0.6171186416647256,0.7181498422526597
hotel_84,2023-03-13,2023-03-10,0.5951557093425606,0.9446366782006921,0.8823529411764706,0.9204152249134948,0.6960922736162185,0.8098528871104654,0.6539535785890248,0.8615567003390538,0.7358105403996891,0.7613501378653651
hotel_84,2023-03-14,2023-03-10,0.643598615916955,0.9446366782006921,0.8269896193771626,0.20761245674740483,0.7632822965292345,0.8098528871104654,0.7401700653723577,0.7353888559147023,0.7857977616794555,0.8205016794074425
hotel_84,2023-03-15,2023-03-10,0.671280276816609,0.9446366782006921,0.754325259515571,0.356401384083045,0.7678204564064761,0.8098528871104654,0.7320866512821563,0.7718114130009843,0.6835348326850899,0.7663843112353608
hotel_84,2023-03-16,2023-03-10,0.6885813148788927,0.9446366782006921,0.6920415224913494,0.6643598615916955,0.7718796104752202,0.8098528871104654,0.7404708722906307,0.845498231016221,0.6906344712351408,0.7569005554952304
hotel_84,2023-03-17,2023-03-10,0.9930795847750865,0.9446366782006921,0.9446366782006921,0.5432525951557093,0.9196977071739926,0.8098528871104654,0.9362433629555127,0.8090186642175987,0.8365076933752843,0.7937915198058159
hotel_84,2023-03-18,2023-03-10,0.9965397923875432,0.9446366782006921,0.9100346020761245,0.8131487889273357,0.9089282610664536,0.8098528871104654,0.916223657208646,0.8209096322322936,0.8434471150234553,0.7818186420559914
hotel_84,2023-03-19,2023-03-10,0.5916955017301038,0.9446366782006921,0.5847750865051903,1.0,0.6270213889358269,0.8098528871104654,0.5761750485600838,0.8162664986728707,0.6502189933400988,0.7654884634338658
hotel_84,2023-03-20,2023-03-10,0.42560553633217996,0.9446366782006921,0.8823529411764706,1.041522491349481,0.6960922736162185,0.8098528871104654,0.6539535785890248,0.7833743943007879,0.7757480312320502,0.7804565912083458
hotel_84,2023-03-21,2023-03-10,0.44982698961937717,0.9446366782006921,0.8269896193771626,0.8339100346020761,0.7632822965292345,0.8098528871104654,0.7401700653723577,0.7107418565261949,0.7833465817673637,0.7830615336845599
hotel_84,2023-03-22,2023-03-10,0.4429065743944637,0.9446366782006921,0.754325259515571,0.6332179930795848,0.7678204564064761,0.8098528871104654,0.7320866512821563,0.622581288634739,0.7206538631529614,0.7728666680146299
hotel_84,2023-03-23,2023-03-10,0.903114186851211,0.9446366782006921,0.6920415224913494,0.8096885813148789,0.7718796104752202,0.8098528871104654,0.7404708722906307,0.7097356509793851,0.712394447391445,0.7761848978561522
hotel_84,2023-03-24,2023-03-10,0.9273356401384083,0.9446366782006921,0.9446366782006921,1.013840830449827,0.9196977071739926,0.8098528871104654,0.9362433629555127,0.7767450462602092,0.8304064594701548,0.7806932158930969
hotel_84,2023-03-25,2023-03-10,0.8512110726643599,0.9446366782006921,0.9100346020761245,1.0069204152249136,0.9089282610664536,0.8098528871104654,0.916223657208646,0.8116816075622622,0.8170391965799241,0.7765532439215834
hotel_84,2023-03-26,2023-03-10,0.7681660899653979,0.9446366782006921,0.5847750865051903,1.0069204152249136,0.6270213889358269,0.8098528871104654,0.5761750485600838,0.7790100302740454,0.6749969722664174,0.7758377626849914
hotel_84,2023-03-27,2023-03-10,0.7370242214532872,0.9446366782006921,0.8823529411764706,0.6401384083044983,0.6960922736162185,0.8098528871104654,0.6539535785890248,0.6794751490084532,0.7598773641402444,0.778655122516728
hotel_84,2023-03-28,2023-03-10,0.5259515570934256,0.9446366782006921,0.8269896193771626,0.19377162629757785,0.7632822965292345,0.8098528871104654,0.7401700653723577,0.5753217902621888,0.7725368337031305,0.7777354981083895
hotel_84,2023-03-29,2023-03-10,0.5709342560553633,0.9446366782006921,0.754325259515571,0.42214532871972316,0.7678204564064761,0.8098528871104654,0.7320866512821563,0.5467449585928756,0.7230147005567452,0.7764908777644459
hotel_84,2023-03-30,2023-03-10,0.6678200692041523,0.9446366782006921,0.6920415224913494,0.5640138408304498,0.7718796104752202,0.8098528871104654,0.7404708722906307,0.5566404190086555,0.7201434930439559,0.777635932972097
hotel_84,2023-03-31,2023-03-10,0.8408304498269896,0.9446366782006921,0.9446366782006921,0.5017301038062284,0.9196977071739926,0.8098528871104654,0.9362433629555127,0.637453543352692,0.8056544976747744,0.7778324410788118
hotel_84,2023-04-01,2023-03-10,0.9134948096885813,0.9446366782006921,0.9100346020761245,0.48788927335640137,0.9089282610664536,0.8098528871104654,0.916223657208646,0.6456140439620954,0.8010319784534301,0.777053862520565
hotel_84,2023-04-02,2023-03-10,0.6332179930795848,0.9446366782006921,0.5847750865051903,0.7889273356401384,0.6270213889358269,0.8098528871104654,0.5761750485600838,0.7130322618803271,0.6945967782277228,0.7773087277817424
hotel_84,2023-04-03,2023-03-10,0.7993079584775087,0.9446366782006921,0.8823529411764706,0.9100346020761245,0.6960922736162185,0.8098528871104654,0.6539535785890248,0.7362218919579905,0.7605016722753292,0.7776523316006304
hotel_84,2023-04-04,2023-03-10,0.9100346020761245,0.9446366782006921,0.8269896193771626,0.5847750865051903,0.7632822965292345,0.8098528871104654,0.7401700653723577,0.8489486769234553,0.7677057622761113,0.7773356268636449
hotel_84,2023-04-05,2023-03-10,0.9826989619377162,0.9446366782006921,0.754325259515571,0.8823529411764706,0.7678204564064761,0.8098528871104654,0.7320866512821563,0.8484336317542727,0.7318136298378634,0.7772816578379954
hotel_84,2023-04-06,2023-03-10,0.8581314878892734,0.9446366782006921,0.6920415224913494,0.8269896193771626,0.7718796104752202,0.8098528871104654,0.7404708722906307,0.7946902126571652,0.7285624283681259,0.7774968180037222
hotel_84,2023-04-07,2023-03-10,0.643598615916955,0.9446366782006921,0.9446366782006921,0.754325259515571,0.9196977071739926,0.8098528871104654,0.9362433629555127,0.81410844001346,0.7930869846916366,0.7774261851181864
hotel_84,2023-04-08,2023-04-07,0.6020761245674741,0.643598615916955,0.9134948096885813,0.6920415224913494,0.7878312187139078,0.7906586462788419,0.777110067098053,0.7916400195238986,0.6918107757425276,0.6882464184858944
hotel_84,2023-04-09,2023-04-07,0.39792387543252594,0.643598615916955,0.6332179930795848,0.9446366782006921,0.5291986840450784,0.7906586462788419,0.4554503633605359,0.8512200997427725,0.6617008430905675,0.7415157406840014
hotel_84,2023-04-10,2023-04-07,0.657439446366782,0.643598615916955,0.7993079584775087,0.972318339100346,0.5438225083126048,0.7906586462788419,0.5021474807066973,0.8583521033572431,0.7152690882249395,0.7615773369865589
hotel_84,2023-04-11,2023-04-07,0.7820069204152249,0.643598615916955,0.9100346020761245,0.6262975778546713,0.5997203139984164,0.7906586462788419,0.5321011584621996,0.8478599391025212,0.7646394954708753,0.824087233735682
hotel_84,2023-04-12,2023-04-07,0.8339100346020761,0.643598615916955,0.9826989619377162,0.5951557093425606,0.6133064534615674,0.7906586462788419,0.5456889178225004,0.8374965863570937,0.8009388742887402,0.8305268122049965
hotel_84,2023-04-13,2023-04-07,0.7923875432525952,0.643598615916955,0.8581314878892734,0.643598615916955,0.5984541010823732,0.7906586462788419,0.611727682100382,0.7279042224750238,0.7750395991823866,0.7630645053377676
hotel_84,2023-04-14,2023-04-07,0.7993079584775087,0.643598615916955,0.643598615916955,0.671280276816609,0.7410702034855067,0.7906586462788419,0.7290136791416417,0.7627999342333145,0.7204888874625687,0.7701902558082134
hotel_84,2023-04-15,2023-04-07,0.8304498269896193,0.643598615916955,0.9134948096885813,0.6885813148788927,0.7878312187139078,0.7906586462788419,0.777110067098053,0.8302925048389549,0.7523801695190148,0.7920557351624289
hotel_84,2023-04-16,2023-04-07,0.4186851211072664,0.643598615916955,0.6332179930795848,0.9930795847750865,0.5291986840450784,0.7906586462788419,0.4554503633605359,0.8454324397429055,0.6891353985125783,0.7430251895117544
hotel_84,2023-04-17,2023-04-07,0.4913494809688581,0.643598615916955,0.7993079584775087,0.9965397923875432,0.5438225083126048,0.7906586462788419,0.5021474807066973,0.8577859850330928,0.7400610348058598,0.7720519844019438
hotel_84,2023-04-18,2023-04-07,0.629757785467128,0.643598615916955,0.9100346020761245,0.5916955017301038,0.5997203139984164,0.7906586462788419,0.5321011584621996,0.7937443620082357,0.7931906909344554,0.8404436827482514
hotel_84,2023-04-19,2023-04-07,0.629757785467128,0.643598615916955,0.9826989619377162,0.42560553633217996,0.6133064534615674,0.7906586462788419,0.5456889178225004,0.7379025124661629,0.8188457839556879,0.8665646236061604
hotel_84,2023-04-20,2023-04-07,0.9238754325259516,0.643598615916955,0.8581314878892734,0.44982698961937717,0.5984541010823732,0.7906586462788419,0.611727682100382,0.6680213162048461,0.7854990928546011,0.8388433699600479
hotel_84,2023-04-21,2023-04-07,0.9446366782006921,0.643598615916955,0.643598615916955,0.4429065743944637,0.7410702034855067,0.7906586462788419,0.7290136791416417,0.5899376869604963,0.7132655705513731,0.8182164713007299
hotel_84,2023-04-22,2023-04-07,0.9065743944636678,0.643598615916955,0.9134948096885813,0.903114186851211,0.7878312187139078,0.7906586462788419,0.777110067098053,0.740406914880983,0.7391449721307438,0.7764683935344472
hotel_84,2023-04-23,2023-04-07,0.657439446366782,0.643598615916955,0.6332179930795848,0.9273356401384083,0.5291986840450784,0.7906586462788419,0.4554503633605359,0.8057455583338338,0.7040806813344749,0.7919114864363066
hotel_84,2023-04-24,2023-04-07,0.9342560553633218,0.643598615916955,0.7993079584775087,0.8512110726643599,0.5438225083126048,0.7906586462788419,0.5021474807066973,0.8258202008811277,0.7378886295331338,0.8008948615124615
hotel_84,2023-04-25,2023-04-07,0.9792387543252595,0.643598615916955,0.9100346020761245,0.7681660899653979,0.5997203139984164,0.7906586462788419,0.5321011584621996,0.791674411230911,0.7727177575463292,0.8129486071362336
hotel_84,2023-04-26,2023-04-07,0.9826989619377162,0.643598615916955,0.9826989619377162,0.7370242214532872,0.6133064534615674,0.7906586462788419,0.5456889178225004,0.6897519340870663,0.7909963324981891,0.7811480817462363
hotel_84,2023-04-27,2023-04-07,0.7439446366782007,0.643598615916955,0.8581314878892734,0.5259515570934256,0.5984541010823732,0.7906586462788419,0.611727682100382,0.5619297925015958,0.7714728643601656,0.7653873190691434
hotel_84,2023-04-28,2023-04-07,0.9515570934256056,0.643598615916955,0.643598615916955,0.5709342560553633,0.7410702034855067,0.7906586462788419,0.7290136791416417,0.5528911248439498,0.7269164679566268,0.7815096024270934
hotel_84,2023-04-29,2023-04-07,1.0069204152249136,0.643598615916955,0.9134948096885813,0.6678200692041523,0.7878312187139078,0.7906586462788419,0.777110067098053,0.5784365712649016,0.7458067197210564,0.7833693560682553
hotel_84,2023-04-30,2023-04-07,0.8062283737024222,0.643598615916955,0.6332179930795848,0.8408304498269896,0.5291986840450784,0.7906586462788419,0.4554503633605359,0.6735965967254226,0.7163840381288548,0.7536478850810938
hotel_84,2023-05-01,2023-04-07,0.629757785467128,0.643598615916955,0.7993079584775087,0.9134948096885813,0.5438225083126048,0.7906586462788419,0.5021474807066973,0.6871651776646841,0.7424977533068852,0.7453767612184885
hotel_84,2023-05-02,2023-04-07,0.6851211072664359,0.643598615916955,0.9100346020761245,0.6332179930795848,0.5997203139984164,0.7906586462788419,0.5321011584621996,0.7041737206114949,0.7691142049919514,0.8093333750246846
hotel_84,2023-05-03,2023-04-07,0.5155709342560554,0.643598615916955,0.9826989619377162,0.7993079584775087,0.6133064534615674,0.7906586462788419,0.5456889178225004,0.7580493152299581,0.7827305136329996,0.8040554640272859
hotel_84,2023-05-04,2023-04-07,0.7335640138408305,0.643598615916955,0.8581314878892734,0.9100346020761245,0.5984541010823732,0.7906586462788419,0.611727682100382,0.8745868851998724,0.7670093695903968,0.7748830404336191
hotel_84,2023-05-05,2023-04-07,0.8719723183391004,0.643598615916955,0.643598615916955,0.9826989619377162,0.7410702034855067,0.7906586462788419,0.7290136791416417,0.8936530592856449,0.7318134537981064,0.7953077017379735
hotel_84,2023-05-06,2023-05-05,0.9826989619377162,0.8719723183391004,1.0069204152249136,0.8581314878892734,0.9044072367227207,0.7560204814365733,0.8498671467206207,0.8041001829023136,0.9273135809968036,0.8425641274256711
hotel_84,2023-05-07,2023-05-05,0.7993079584775087,0.8719723183391004,0.8062283737024222,0.643598615916955,0.6446853936951208,0.7560204814365733,0.5860127022287904,0.7913482013185303,0.7398288188719283,0.8222667198230008
hotel_84,2023-05-08,2023-05-05,0.9377162629757786,0.8719723183391004,0.629757785467128,0.6020761245674741,0.6631111808415682,0.7560204814365733,0.6628533061152433,0.7407553592478183,0.7663487170050711,0.8070648031087377
hotel_84,2023-05-09,2023-05-05,0.9238754325259516,0.8719723183391004,0.6851211072664359,0.39792387543252594,0.7231086172689505,0.7560204814365733,0.7156735967672145,0.7721411192734035,0.7669353921003025,0.85662809610576
hotel_84,2023-05-10,2023-05-05,0.8408304498269896,0.8719723183391004,0.5155709342560554,0.657439446366782,0.7347219991310093,0.7560204814365733,0.7117218204952084,0.8029032564384104,0.7188890866129162,0.8273136373166948
hotel_84,2023-05-11,2023-05-05,0.8685121107266436,0.8719723183391004,0.7335640138408305,0.7820069204152249,0.7231673638790385,0.7560204814365733,0.77910181518193,0.811536149250717,0.7438785115629986,0.790208254533837
hotel_84,2023-05-12,2023-05-05,0.8373702422145328,0.8719723183391004,0.8719723183391004,0.8339100346020761,0.8630414863231322,0.7560204814365733,0.8534719456041102,0.812418091745262,0.8634534031773874,0.7841205424073143
hotel_84,2023-05-13,2023-05-05,0.9930795847750865,0.8719723183391004,1.0069204152249136,0.7923875432525952,0.9044072367227207,0.7560204814365733,0.8498671467206207,0.7078574778905109,0.8982338323589143,0.7738432406691014
hotel_84,2023-05-14,2023-05-05,0.7301038062283737,0.8719723183391004,0.8062283737024222,0.7993079584775087,0.6446853936951208,0.7560204814365733,0.5860127022287904,0.7384061807809961,0.7658461279390166,0.7791097626958083
hotel_84,2023-05-15,2023-05-05,0.8408304498269896,0.8719723183391004,0.629757785467128,0.8304498269896193,0.6631111808415682,0.7560204814365733,0.6628533061152433,0.8016557495847859,0.7424168225731365,0.7843477464634987
hotel_84,2023-05-16,2023-05-05,0.9342560553633218,0.8719723183391004,0.6851211072664359,0.4186851211072664,0.7231086172689505,0.7560204814365733,0.7156735967672145,0.7547158065855969,0.74866855434615,0.8634715394782104
hotel_84,2023-05-17,2023-05-05,0.972318339100346,0.8719723183391004,0.5155709342560554,0.4913494809688581,0.7347219991310093,0.7560204814365733,0.7117218204952084,0.7805251518133811,0.6950336132551782,0.8612983277998968
hotel_84,2023-05-18,2023-05-05,0.903114186851211,0.8719723183391004,0.7335640138408305,0.629757785467128,0.7231673638790385,0.7560204814365733,0.77910181518193,0.7450873633097188,0.7502328281565392,0.8133801622570443
hotel_84,2023-05-19,2023-05-05,0.740484429065744,0.8719723183391004,0.8719723183391004,0.629757785467128,0.8630414863231322,0.7560204814365733,0.8534719456041102,0.6942703386534885,0.8406206632662865,0.8005606396867351
hotel_84,2023-05-20,2023-05-05,0.8996539792387543,0.8719723183391004,1.0069204152249136,0.9238754325259516,0.9044072367227207,0.7560204814365733,0.8498671467206207,0.6731442038890997,0.8655012876083177,0.7578555481033226
hotel_84,2023-05-21,2023-05-05,0.7854671280276817,0.8719723183391004,0.8062283737024222,0.9446366782006921,0.6446853936951208,0.7560204814365733,0.5860127022287904,0.6120236826991287,0.7650209872232239,0.7494103326055247
hotel_84,2023-05-22,2023-05-05,0.916955017301038,0.8719723183391004,0.629757785467128,0.9065743944636678,0.6631111808415682,0.7560204814365733,0.6628533061152433,0.7436462670630709,0.7598154127863502,0.7969015480670711
hotel_84,2023-05-23,2023-05-05,0.9550173010380623,0.8719723183391004,0.6851211072664359,0.657439446366782,0.7231086172689505,0.7560204814365733,0.7156735967672145,0.761859682847652,0.7626324905371766,0.838624633559009
hotel_84,2023-05-24,2023-05-05,0.8512110726643599,0.8719723183391004,0.5155709342560554,0.9342560553633218,0.7347219991310093,0.7560204814365733,0.7117218204952084,0.8188042002024906,0.7282653922088785,0.7938472664960649
hotel_84,2023-05-25,2023-05-05,0.7508650519031141,0.8719723183391004,0.7335640138408305,0.9792387543252595,0.7231673638790385,0.7560204814365733,0.77910181518193,0.8018970270633687,0.7576978090156115,0.7805683070548741
hotel_84,2023-05-26,2023-05-05,0.7820069204152249,0.8719723183391004,0.8719723183391004,0.9826989619377162,0.8630414863231322,0.7560204814365733,0.8534719456041102,0.7072276901061333,0.826901094907063,0.7681236195589698
hotel_84,2023-05-27,2023-05-05,0.8719723183391004,0.8719723183391004,1.0069204152249136,0.7439446366782007,0.9044072367227207,0.7560204814365733,0.8498671467206207,0.5540584208503612,0.8449846552818875,0.7721762004272044
hotel_84,2023-05-28,2023-05-05,0.8477508650519031,0.8719723183391004,0.8062283737024222,0.9515570934256056,0.6446853936951208,0.7560204814365733,0.5860127022287904,0.591305380722373,0.7703537749800956,0.753081884641054
hotel_84,2023-05-29,2023-05-05,0.6539792387543253,0.8719723183391004,0.629757785467128,1.0069204152249136,0.6631111808415682,0.7560204814365733,0.6628533061152433,0.6267229813044835,0.761974616444619,0.7570562172822518
hotel_84,2023-05-30,2023-05-05,0.6124567474048442,0.8719723183391004,0.6851211072664359,0.8062283737024222,0.7231086172689505,0.7560204814365733,0.7156735967672145,0.6725850129934575,0.7650869802267376,0.7966337131068076
hotel_84,2023-05-31,2023-05-05,0.657439446366782,0.8719723183391004,0.5155709342560554,0.629757785467128,0.7347219991310093,0.7560204814365733,0.7117218204952084,0.6487685132852276,0.7371383527437202,0.8275457433408705
hotel_84,2023-06-01,2023-05-05,0.740484429065744,0.8719723183391004,0.7335640138408305,0.6851211072664359,0.7231673638790385,0.7560204814365733,0.77910181518193,0.6655284953650864,0.7630646622991742,0.8050945875094795
hotel_84,2023-06-02,2023-05-05,0.9273356401384083,0.8719723183391004,0.8719723183391004,0.5155709342560554,0.8630414863231322,0.7560204814365733,0.8534719456041102,0.6962760242081008,0.8149889792977921,0.8446249376829528
hotel_84,2023-06-03,2023-06-02,0.9619377162629758,0.9273356401384083,0.8719723183391004,0.7335640138408305,0.9576001322148802,0.7845195803576028,0.9640538934936822,0.938199112341198,0.9839166824442508,0.8728009915204756
hotel_84,2023-06-04,2023-06-02,0.8858131487889274,0.9273356401384083,0.8477508650519031,0.8719723183391004,0.7039536649142274,0.7845195803576028,0.7759501140480926,0.9881940096359789,0.8665027693702572,0.8185603452526624
hotel_84,2023-06-05,2023-06-02,0.6262975778546713,0.9273356401384083,0.6539792387543253,0.9826989619377162,0.7238423096192661,0.7845195803576028,0.83033613950653,0.9318394332900721,0.796000980570896,0.7729974362975717
hotel_84,2023-06-06,2023-06-02,0.7889273356401384,0.9273356401384083,0.6124567474048442,0.7993079584775087,0.7809622096635512,0.7845195803576028,0.8719504851276715,0.8893650978869793,0.7783853563792442,0.7776079112705898
hotel_84,2023-06-07,2023-06-02,0.7820069204152249,0.9273356401384083,0.657439446366782,0.9377162629757786,0.7904199082712313,0.7845195803576028,0.8379384299509713,0.8637234370946854,0.7492439819278729,0.7600837672979214
hotel_84,2023-06-08,2023-06-02,0.7577854671280276,0.9273356401384083,0.740484429065744,0.9238754325259516,0.7785679780233528,0.7845195803576028,0.8502681110306167,0.8928622685984855,0.7838291159236269,0.754018927468306
hotel_84,2023-06-09,2023-06-02,0.9446366782006921,0.9273356401384083,0.9273356401384083,0.8408304498269896,0.911509469720994,0.7845195803576028,0.8950587235369472,0.8978562913735035,0.8471886870871679,0.7880514551741754
hotel_84,2023-06-10,2023-06-02,1.0103806228373702,0.9273356401384083,0.8719723183391004,0.8685121107266436,0.9576001322148802,0.7845195803576028,0.9640538934936822,0.9099038007991349,0.915503329958287,0.7843945636418725
hotel_84,2023-06-11,2023-06-02,0.8858131487889274,0.9273356401384083,0.8477508650519031,0.8373702422145328,0.7039536649142274,0.7845195803576028,0.7759501140480926,0.9094340276261389,0.8372679968057134,0.7909785313349452
hotel_84,2023-06-12,2023-06-02,0.9515570934256056,0.9273356401384083,0.6539792387543253,0.9930795847750865,0.7238423096192661,0.7845195803576028,0.83033613950653,0.8428210920206666,0.7743677233549333,0.7702742358258063
hotel_84,2023-06-13,2023-06-02,0.9653979238754326,0.9273356401384083,0.6124567474048442,0.7301038062283737,0.7809622096635512,0.7845195803576028,0.8719504851276715,0.826211602353623,0.7486876643611301,0.8063524879084516
hotel_84,2023-06-14,2023-06-02,0.8858131487889274,0.9273356401384083,0.657439446366782,0.8408304498269896,0.7904199082712313,0.7845195803576028,0.8379384299509713,0.8972399038182968,0.7488355192175846,0.7936229338951483
hotel_84,2023-06-15,2023-06-02,0.9619377162629758,0.9273356401384083,0.740484429065744,0.9342560553633218,0.7785679780233528,0.7845195803576028,0.8502681110306167,0.8681839893510633,0.7841031357030382,0.7558010248957465
hotel_84,2023-06-16,2023-06-02,1.0,0.9273356401384083,0.9273356401384083,0.972318339100346,0.911509469720994,0.7845195803576028,0.8950587235369472,0.903038830710091,0.8519749166412244,0.7550912286126081
hotel_84,2023-06-17,2023-06-02,0.9930795847750865,0.9273356401384083,0.8719723183391004,0.903114186851211,0.9576001322148802,0.7845195803576028,0.9640538934936822,0.8641342996421243,0.9005271906979073,0.7647498178578693
hotel_84,2023-06-18,2023-06-02,0.986159169550173,0.9273356401384083,0.8477508650519031,0.740484429065744,0.7039536649142274,0.7845195803576028,0.7759501140480926,0.7947624584476649,0.833129893472442,0.7820902611484781
hotel_84,2023-06-19,2023-06-02,0.7958477508650519,0.9273356401384083,0.6539792387543253,0.8996539792387543,0.7238423096192661,0.7845195803576028,0.83033613950653,0.8044184232808895,0.7935680404174041,0.7869471297927424
hotel_84,2023-06-20,2023-06-02,0.9204152249134948,0.9273356401384083,0.6124567474048442,0.7854671280276817,0.7809622096635512,0.7845195803576028,0.8719504851276715,0.7392551252258696,0.773888950506707,0.8049759033977851
hotel_84,2023-06-21,2023-06-02,1.0,0.9273356401384083,0.657439446366782,0.916955017301038,0.7904199082712313,0.7845195803576028,0.8379384299509713,0.8760273094200948,0.7702570171125741,0.7946341292811877
hotel_84,2023-06-22,2023-06-02,0.9688581314878892,0.9273356401384083,0.740484429065744,0.9550173010380623,0.7785679780233528,0.7845195803576028,0.8502681110306167,0.8904922891752899,0.7922408335768768,0.7690041720431101
hotel_84,2023-06-23,2023-06-02,0.6643598615916955,0.9273356401384083,0.9273356401384083,0.8512110726643599,0.911509469720994,0.7845195803576028,0.8950587235369472,0.9219648009135442,0.8381128326297065,0.8034868474799531
hotel_84,2023-06-24,2023-06-02,0.903114186851211,0.9273356401384083,0.8719723183391004,0.7508650519031141,0.9576001322148802,0.7845195803576028,0.9640538934936822,0.895782732320187,0.875664033676409,0.81834814680711
hotel_84,2023-06-25,2023-06-02,0.8961937716262975,0.9273356401384083,0.8477508650519031,0.7820069204152249,0.7039536649142274,0.7845195803576028,0.7759501140480926,0.8172777225100077,0.8267675049708305,0.8156335393361209
hotel_84,2023-06-26,2023-06-02,0.9515570934256056,0.9273356401384083,0.6539792387543253,0.8719723183391004,0.7238423096192661,0.7845195803576028,0.83033613950653,0.6916936449944958,0.7955056442397861,0.7813371501380932
hotel_84,2023-06-27,2023-06-02,0.7231833910034602,0.9273356401384083,0.6124567474048442,0.8477508650519031,0.7809622096635512,0.7845195803576028,0.8719504851276715,0.736963904022595,0.7796857035428728,0.8013460184435283
hotel_84,2023-06-28,2023-06-02,0.7197231833910035,0.9273356401384083,0.657439446366782,0.6539792387543253,0.7904199082712313,0.7845195803576028,0.8379384299509713,0.7424036529026068,0.7791097084820718,0.8333272396857972
hotel_84,2023-06-29,2023-06-02,0.8823529411764706,0.9273356401384083,0.740484429065744,0.6124567474048442,0.7785679780233528,0.7845195803576028,0.8502681110306167,0.7630401748596515,0.7962189285520492,0.8271738990508566
hotel_84,2023-06-30,2023-06-02,0.9134948096885813,0.9273356401384083,0.9273356401384083,0.657439446366782,0.911509469720994,0.7845195803576028,0.8950587235369472,0.7391077954921119,0.8330652494582343,0.8086459353604372
hotel_91,2023-02-11,2023-02-10,0.6067415730337079,0.550561797752809,0.8876404494382022,0.6404494382022472,0.646439922889206,0.7112033693714145,0.6078232383373748,0.6444927683678225,0.6288323142260519,0.6760735427507079
hotel_91,2023-02-12,2023-02-10,0.4943820224719101,0.550561797752809,0.550561797752809,0.5056179775280899,0.47573600394160864,0.7112033693714145,0.48432427981141857,0.6607603711750853,0.6666881948785913,0.7730235946606558
hotel_91,2023-02-13,2023-02-10,0.6629213483146067,0.550561797752809,0.9325842696629213,0.4044943820224719,0.5946313365631687,0.7112033693714145,0.6753720296635362,0.6808646873653234,0.7243484225402674,0.7819860499907394
hotel_91,2023-02-14,2023-02-10,0.7415730337078652,0.550561797752809,0.9662921348314607,0.30337078651685395,0.6858938171261553,0.7112033693714145,0.8148777265001208,0.7247014324374147,0.7318142872744192,0.790948505320823
hotel_91,2023-02-15,2023-02-10,0.8876404494382022,0.550561797752809,0.9775280898876404,0.5280898876404494,0.6885933924118087,0.7112033693714145,0.7423596036063951,0.6326196278390258,0.7228207678242559,0.7710319379206373
hotel_91,2023-02-16,2023-02-10,0.7078651685393258,0.550561797752809,0.8202247191011236,0.8314606741573034,0.6184688832156794,0.7112033693714145,0.6363820587396399,0.6773999166791009,0.7209290848508533,0.7441445719303867
hotel_91,2023-02-17,2023-02-10,0.9438202247191011,0.550561797752809,0.550561797752809,0.6966292134831461,0.6539996959409258,0.7112033693714145,0.6207175696332078,0.6367663040534337,0.7555561688801876,0.7560945123704981
hotel_91,2023-02-18,2023-02-10,1.0,0.550561797752809,0.8876404494382022,0.5393258426966292,0.646439922889206,0.7112033693714145,0.6078232383373748,0.6684841872173648,0.7550695938548299,0.7700361095506281
hotel_91,2023-02-19,2023-02-10,0.5955056179775281,0.550561797752809,0.550561797752809,0.6292134831460674,0.47573600394160864,0.7112033693714145,0.48432427981141857,0.6569445526299156,0.6893155413855517,0.7620694825905538
hotel_91,2023-02-20,2023-02-10,0.8089887640449438,0.550561797752809,0.9325842696629213,0.5955056179775281,0.5946313365631687,0.7112033693714145,0.6753720296635362,0.6019195549534571,0.7677102846830646,0.7650569677005817
hotel_91,2023-02-21,2023-02-10,0.9325842696629213,0.550561797752809,0.9662921348314607,0.5168539325842697,0.6858938171261553,0.7112033693714145,0.8148777265001208,0.5445193605190252,0.7660487231067019,0.7720277662906467
hotel_91,2023-02-22,2023-02-10,0.898876404494382,0.550561797752809,0.9775280898876404,0.7640449438202247,0.6885933924118087,0.7112033693714145,0.7423596036063951,0.6394325666701947,0.7767701984791828,0.7501195421504425
hotel_91,2023-02-23,2023-02-10,0.9325842696629213,0.550561797752809,0.8202247191011236,0.9775280898876404,0.6184688832156794,0.7112033693714145,0.6363820587396399,0.6960775415153851,0.7419149308031875,0.7311988031202662
hotel_91,2023-02-24,2023-02-10,0.898876404494382,0.550561797752809,0.550561797752809,0.8426966292134831,0.6539996959409258,0.7112033693714145,0.6207175696332078,0.6307524502237909,0.683528566064421,0.7431487435603775
hotel_91,2023-02-25,2023-02-10,0.9550561797752809,0.550561797752809,0.8876404494382022,0.7528089887640449,0.646439922889206,0.7112033693714145,0.6078232383373748,0.6766790172454419,0.7028072045457459,0.7511153705204517
hotel_91,2023-02-26,2023-02-10,0.550561797752809,0.550561797752809,0.550561797752809,0.5393258426966292,0.47573600394160864,0.7112033693714145,0.48432427981141857,0.6258056390430761,0.7181646691797042,0.7700361095506281
hotel_91,2023-02-27,2023-02-10,0.7191011235955056,0.550561797752809,0.9325842696629213,0.5168539325842697,0.5946313365631687,0.7112033693714145,0.6753720296635362,0.6196716388944992,0.7187593483258858,0.7720277662906466
hotel_91,2023-02-28,2023-02-10,0.9325842696629213,0.550561797752809,0.9662921348314607,0.5280898876404494,0.6858938171261553,0.7112033693714145,0.8148777265001208,0.6346886448243125,0.7191574706560969,0.7710319379206374
hotel_91,2023-03-01,2023-02-10,0.9213483146067416,0.550561797752809,0.9775280898876404,0.6853932584269663,0.6885933924118087,0.7112033693714145,0.7423596036063951,0.6253865919758502,0.7209228266858443,0.7570903407405074
hotel_91,2023-03-02,2023-02-10,0.7752808988764045,0.550561797752809,0.8202247191011236,0.797752808988764,0.6184688832156794,0.7112033693714145,0.6363820587396399,0.6669891743224875,0.7219875463672555,0.7471320570404146
hotel_91,2023-03-03,2023-02-10,0.5842696629213483,0.550561797752809,0.550561797752809,0.6629213483146067,0.6539996959409258,0.7112033693714145,0.6207175696332078,0.6868346016020217,0.7224381280435217,0.759081997480526
hotel_91,2023-03-04,2023-02-10,0.6404494382022472,0.550561797752809,0.8876404494382022,0.6741573033707865,0.646439922889206,0.7112033693714145,0.6078232383373748,0.6545617088065471,0.7227548449651733,0.7580861691105166
hotel_91,2023-03-05,2023-02-10,0.4157303370786517,0.550561797752809,0.550561797752809,0.9325842696629213,0.47573600394160864,0.7112033693714145,0.48432427981141857,0.760804951768519,0.7229972788027254,0.7351821166003032
hotel_91,2023-03-06,2023-02-10,0.6067415730337079,0.550561797752809,0.9325842696629213,0.8876404494382022,0.5946313365631687,0.7112033693714145,0.6753720296635362,0.7639630834670414,0.7231484061656219,0.7391654300803403
hotel_91,2023-03-07,2023-02-10,0.5842696629213483,0.550561797752809,0.9662921348314607,0.550561797752809,0.6858938171261553,0.7112033693714145,0.8148777265001208,0.7371234100063632,0.7232405845006097,0.7690402811806187
hotel_91,2023-03-08,2023-02-10,0.6404494382022472,0.550561797752809,0.9775280898876404,0.9325842696629213,0.6885933924118087,0.7112033693714145,0.7423596036063951,0.7493483376952005,0.7233015342139747,0.7351821166003032
hotel_91,2023-03-09,2023-02-10,0.6179775280898876,0.550561797752809,0.8202247191011236,0.9662921348314607,0.6184688832156794,0.7112033693714145,0.6363820587396399,0.7268274553410875,0.7233418712097764,0.7321946314902753
hotel_91,2023-03-10,2023-02-10,0.651685393258427,0.550561797752809,0.550561797752809,0.9775280898876404,0.6539996959409258,0.7112033693714145,0.6207175696332078,0.7073118241359955,0.7233677548110226,0.7311988031202661
hotel_91,2023-03-11,2023-03-10,0.8089887640449438,0.651685393258427,0.6404494382022472,0.8202247191011236,0.6409712722062972,0.6329913976706402,0.6366459568424725,0.6574050341803104,0.6824940348392418,0.6692402664766038
hotel_91,2023-03-12,2023-03-10,0.7303370786516854,0.651685393258427,0.4157303370786517,0.550561797752809,0.46264379144287254,0.6329913976706402,0.4040887314206614,0.6045463184266551,0.5926876946439413,0.6881682080843926
hotel_91,2023-03-13,2023-03-10,0.9550561797752809,0.651685393258427,0.6067415730337079,0.6067415730337079,0.5861183393450601,0.6329913976706402,0.621134384762154,0.5377134816420118,0.6486761706573531,0.6816190729127721
hotel_91,2023-03-14,2023-03-10,0.9550561797752809,0.651685393258427,0.5842696629213483,0.4943820224719101,0.6774071406084442,0.6329913976706402,0.7329290037009705,0.5365104522892378,0.6871495779629587,0.6915384499753762
hotel_91,2023-03-15,2023-03-10,0.9550561797752809,0.651685393258427,0.6404494382022472,0.6629213483146067,0.6826965405317965,0.6329913976706402,0.728646522495209,0.5722024749325173,0.6878393781672236,0.6766593843814701
hotel_91,2023-03-16,2023-03-10,0.8314606741573034,0.651685393258427,0.6179775280898876,0.7415730337078652,0.6120907939929666,0.6329913976706402,0.6475281308218694,0.6342491915966891,0.6557379467891213,0.6697158204376473
hotel_91,2023-03-17,2023-03-10,0.7415730337078652,0.651685393258427,0.651685393258427,0.8876404494382022,0.6461956778947437,0.6329913976706402,0.6346717798110533,0.5844767348908431,0.6034744746213668,0.6568206302562621
hotel_91,2023-03-18,2023-03-10,0.4943820224719101,0.651685393258427,0.6404494382022472,0.7078651685393258,0.6409712722062972,0.6329913976706402,0.6366459568424725,0.5862541809165034,0.6152589834975535,0.6726916335564286
hotel_91,2023-03-19,2023-03-10,0.43820224719101125,0.651685393258427,0.4157303370786517,0.9438202247191011,0.46264379144287254,0.6329913976706402,0.4040887314206614,0.5882846693892789,0.591096092932811,0.6518609417249601
hotel_91,2023-03-20,2023-03-10,0.6629213483146067,0.651685393258427,0.6067415730337079,1.0,0.5861183393450601,0.6329913976706402,0.621134384762154,0.6160890662526226,0.6284964273122514,0.6469012531936581
hotel_91,2023-03-21,2023-03-10,0.8876404494382022,0.651685393258427,0.5842696629213483,0.5955056179775281,0.6774071406084442,0.6329913976706402,0.7329290037009705,0.5464769408566191,0.6101014092431252,0.6826110106190326
hotel_91,2023-03-22,2023-03-10,0.8876404494382022,0.651685393258427,0.6404494382022472,0.8089887640449438,0.6826965405317965,0.6329913976706402,0.728646522495209,0.5270614911225098,0.6299878548370194,0.6637641942000849
hotel_91,2023-03-23,2023-03-10,0.7303370786516854,0.651685393258427,0.6179775280898876,0.9325842696629213,0.6120907939929666,0.6329913976706402,0.6475281308218694,0.5069528409709279,0.6221765167689229,0.6528528794312205
hotel_91,2023-03-24,2023-03-10,0.5842696629213483,0.651685393258427,0.651685393258427,0.898876404494382,0.6461956778947437,0.6329913976706402,0.6346717798110533,0.5897984386754727,0.638181467395269,0.6558286925500018
hotel_91,2023-03-25,2023-03-10,0.5617977528089888,0.651685393258427,0.6404494382022472,0.9325842696629213,0.6409712722062972,0.6329913976706402,0.6366459568424725,0.6479647630676043,0.6427061234171171,0.6528528794312205
hotel_91,2023-03-26,2023-03-10,0.5280898876404494,0.651685393258427,0.4157303370786517,0.898876404494382,0.46264379144287254,0.6329913976706402,0.4040887314206614,0.5975104604635102,0.6451869555812522,0.6558286925500018
hotel_91,2023-03-27,2023-03-10,0.651685393258427,0.651685393258427,0.6067415730337079,0.9550561797752809,0.5861183393450601,0.6329913976706402,0.621134384762154,0.6449343380841169,0.6465471757166369,0.6508690040186997
hotel_91,2023-03-28,2023-03-10,0.8764044943820225,0.651685393258427,0.5842696629213483,0.550561797752809,0.6774071406084442,0.6329913976706402,0.7329290037009705,0.5366611760011282,0.6472929733741544,0.6865787614440743
hotel_91,2023-03-29,2023-03-10,0.8314606741573034,0.651685393258427,0.6404494382022472,0.7191011235955056,0.6826965405317965,0.6329913976706402,0.728646522495209,0.5494555378098785,0.6477018881751407,0.6716996958501682
hotel_91,2023-03-30,2023-03-10,0.7078651685393258,0.651685393258427,0.6179775280898876,0.9325842696629213,0.6120907939929666,0.6329913976706402,0.6475281308218694,0.6008546853920015,0.6479260928408169,0.6528528794312205
hotel_91,2023-03-31,2023-03-10,0.6292134831460674,0.651685393258427,0.651685393258427,0.9213483146067416,0.6461956778947437,0.6329913976706402,0.6346717798110533,0.607684996849421,0.64804902243884,0.6538448171374809
hotel_91,2023-04-01,2023-03-10,0.6741573033707865,0.651685393258427,0.6404494382022472,0.7752808988764045,0.6409712722062972,0.6329913976706402,0.6366459568424725,0.6074205930743531,0.6481164237394532,0.6667400073188661
hotel_91,2023-04-02,2023-03-10,0.7303370786516854,0.651685393258427,0.4157303370786517,0.5842696629213483,0.46264379144287254,0.6329913976706402,0.4040887314206614,0.5697455948028386,0.6481533793253935,0.6836029483252929
hotel_91,2023-04-03,2023-03-10,0.9887640449438202,0.651685393258427,0.6067415730337079,0.6404494382022472,0.5861183393450601,0.6329913976706402,0.621134384762154,0.557789962070668,0.648173641773147,0.6786432597939909
hotel_91,2023-04-04,2023-03-10,1.0,0.651685393258427,0.5842696629213483,0.4157303370786517,0.6774071406084442,0.6329913976706402,0.7329290037009705,0.6357829765898854,0.648184751508753,0.698482013919199
hotel_91,2023-04-05,2023-03-10,1.0112359550561798,0.651685393258427,0.6404494382022472,0.6067415730337079,0.6826965405317965,0.6329913976706402,0.728646522495209,0.6607840880567644,0.6481908428865933,0.6816190729127721
hotel_91,2023-04-06,2023-03-10,0.9887640449438202,0.651685393258427,0.6179775280898876,0.5842696629213483,0.6120907939929666,0.6329913976706402,0.6475281308218694,0.6295720401194399,0.6481941827396114,0.6836029483252929
hotel_91,2023-04-07,2023-03-10,1.0,0.651685393258427,0.651685393258427,0.6404494382022472,0.6461956778947437,0.6329913976706402,0.6346717798110533,0.6547138323455013,0.6481960139539071,0.6786432597939909
hotel_91,2023-04-08,2023-04-07,0.6966292134831461,1.0,0.6741573033707865,0.6179775280898876,0.9938447796559964,0.9931515778866314,0.9831901135559032,0.9707363482254576,0.9176623723493759,0.9294432445096601
hotel_91,2023-04-09,2023-04-07,0.3707865168539326,1.0,0.7303370786516854,0.651685393258427,0.8237487329988671,0.9931515778866314,0.8474263406430536,0.9595880520319239,0.8566478995056179,0.885534261670579
hotel_91,2023-04-10,2023-04-07,0.7865168539325843,1.0,0.9887640449438202,0.8089887640449438,0.9515310726003866,0.9931515778866314,1.0459181715149424,1.001434872719428,0.8756234975085178,0.8591564329336575
hotel_91,2023-04-11,2023-04-07,0.9775280898876404,1.0,1.0,0.7303370786516854,1.0437382339448236,0.9931515778866314,1.147302952798075,0.9407286175903103,0.9001244055997031,0.8677118539167114
hotel_91,2023-04-12,2023-04-07,1.0,1.0,1.0112359550561798,0.9550561797752809,1.0474405418206605,0.9931515778866314,1.1453568510993717,0.91581349232333,0.880995916607097,0.8432677939651291
hotel_91,2023-04-13,2023-04-07,0.6179775280898876,1.0,0.9887640449438202,0.9550561797752809,0.9735251047789297,0.9931515778866314,1.0443172953952837,0.9150258412934515,0.8561891897069206,0.8432677939651291
hotel_91,2023-04-14,2023-04-07,0.7078651685393258,1.0,1.0,0.9550561797752809,1.0003207486583745,0.9931515778866314,0.9761858639582962,0.9390141779612702,0.8471244283407426,0.8432677939651291
hotel_91,2023-04-15,2023-04-07,0.7415730337078652,1.0,0.6741573033707865,0.8314606741573034,0.9938447796559964,0.9931515778866314,0.9831901135559032,0.9801040244278075,0.8601433585680318,0.8567120269384993
hotel_91,2023-04-16,2023-04-07,0.4157303370786517,1.0,0.7303370786516854,0.7415730337078652,0.8237487329988671,0.9931515778866314,0.8474263406430536,0.9337594646028887,0.8669410517097302,0.8664896509191323
hotel_91,2023-04-17,2023-04-07,0.7528089887640449,1.0,0.9887640449438202,0.4943820224719101,0.9515310726003866,0.9931515778866314,1.0459181715149424,0.8820470878488534,0.9138227518709494,0.8933781168658729
hotel_91,2023-04-18,2023-04-07,0.7865168539325843,1.0,1.0,0.43820224719101125,1.0437382339448236,0.9931515778866314,1.147302952798075,0.8812962756840459,0.8930176503881347,0.8994891318537684
hotel_91,2023-04-19,2023-04-07,0.8202247191011236,1.0,1.0112359550561798,0.6629213483146067,1.0474405418206605,0.9931515778866314,1.1453568510993717,0.9298994962731204,0.8962018489552015,0.8750450719021862
hotel_91,2023-04-20,2023-04-07,0.7528089887640449,1.0,0.9887640449438202,0.8876404494382022,0.9735251047789297,0.9931515778866314,1.0443172953952837,0.901687881920881,0.9002409514644819,0.8506010119506039
hotel_91,2023-04-21,2023-04-07,0.6179775280898876,1.0,1.0,0.8876404494382022,1.0003207486583745,0.9931515778866314,0.9761858639582962,0.8868780583846015,0.9129407519919052,0.8506010119506039
hotel_91,2023-04-22,2023-04-07,0.7191011235955056,1.0,0.6741573033707865,0.7303370786516854,0.9938447796559964,0.9931515778866314,0.9831901135559032,0.8524296777409243,0.890143690811958,0.8677118539167115
hotel_91,2023-04-23,2023-04-07,0.6629213483146067,1.0,0.7303370786516854,0.5842696629213483,0.8237487329988671,0.9931515778866314,0.8474263406430536,0.9055465560296795,0.874841918100131,0.88360049288524
hotel_91,2023-04-24,2023-04-07,1.0,1.0,0.9887640449438202,0.5617977528089888,0.9515310726003866,0.9931515778866314,1.0459181715149424,0.9546112652008591,0.8691151609953148,0.8860448988803983
hotel_91,2023-04-25,2023-04-07,0.9887640449438202,1.0,1.0,0.5280898876404494,1.0437382339448236,0.9931515778866314,1.147302952798075,0.9120651133624883,0.8654447779215607,0.8897115078731357
hotel_91,2023-04-26,2023-04-07,0.9213483146067416,1.0,1.0112359550561798,0.651685393258427,1.0474405418206605,0.9931515778866314,1.1453568510993717,0.9664367802032813,0.8625519507633005,0.8762672748997654
hotel_91,2023-04-27,2023-04-07,0.550561797752809,1.0,0.9887640449438202,0.8764044943820225,0.9735251047789297,0.9931515778866314,1.0443172953952837,0.9028994354679309,0.8607072725713066,0.8518232149481831
hotel_91,2023-04-28,2023-04-07,0.43820224719101125,1.0,1.0,0.8314606741573034,1.0003207486583745,0.9931515778866314,0.9761858639582962,0.904250163240444,0.8595946539706347,0.8567120269384996
hotel_91,2023-04-29,2023-04-07,0.47191011235955055,1.0,0.6741573033707865,0.7078651685393258,0.9938447796559964,0.9931515778866314,0.9831901135559032,0.9365193575592854,0.8588780236393261,0.8701562599118698
hotel_91,2023-04-30,2023-04-07,0.42696629213483145,1.0,0.7303370786516854,0.6292134831460674,0.8237487329988671,0.9931515778866314,0.8474263406430536,0.9399775946346852,0.8584090925510949,0.8787116808949237
hotel_91,2023-05-01,2023-04-07,0.5393258426966292,1.0,0.9887640449438202,0.6741573033707865,0.9515310726003866,0.9931515778866314,1.0459181715149424,0.9278275337297539,0.8581088739329787,0.8738228689046073
hotel_91,2023-05-02,2023-04-07,0.8426966292134831,1.0,1.0,0.7303370786516854,1.0437382339448236,0.9931515778866314,1.147302952798075,0.8779463811178098,0.8579175010286776,0.8677118539167117
hotel_91,2023-05-03,2023-04-07,0.6966292134831461,1.0,1.0112359550561798,0.9887640449438202,1.0474405418206605,0.9931515778866314,1.1453568510993717,0.9167735192046503,0.8577946414168071,0.839601184972392
hotel_91,2023-05-04,2023-04-07,0.9325842696629213,1.0,0.9887640449438202,1.0,0.9735251047789297,0.9931515778866314,1.0443172953952837,0.9948168804434896,0.8577156756418712,0.8383789819748129
hotel_91,2023-05-05,2023-04-07,1.0,1.0,1.0,1.0112359550561798,1.0003207486583745,0.9931515778866314,0.9761858639582962,1.0117896008856084,0.8576650391264172,0.8371567789772337
hotel_91,2023-05-06,2023-05-05,0.9887640449438202,1.0,0.47191011235955055,0.9887640449438202,0.9605015759506944,0.9299569688893851,0.9009054712175917,0.8979357158937002,0.9070450573046435,0.8519480701003919
hotel_91,2023-05-07,2023-05-05,0.9101123595505618,1.0,0.42696629213483145,1.0,0.7897654039212525,0.9299569688893851,0.7730804383149504,0.9273488420362183,0.7869797385970592,0.761838575005258
hotel_91,2023-05-08,2023-05-05,0.9662921348314607,1.0,0.5393258426966292,0.6966292134831461,0.9274265516673356,0.9299569688893851,1.0325192345011787,0.8673667219544036,0.8618961176333341,0.7761048965467067
hotel_91,2023-05-09,2023-05-05,0.9662921348314607,1.0,0.8426966292134831,0.3707865168539326,1.0221621336218383,0.9299569688893851,1.1522255227556795,0.8112997722366347,0.8916740225902478,0.8109240038664824
hotel_91,2023-05-10,2023-05-05,0.9550561797752809,1.0,0.6966292134831461,0.7865168539325843,1.0228460064247968,0.9299569688893851,1.1213621031866141,0.9080609433323715,0.8249277208573732,0.766499625561941
hotel_91,2023-05-11,2023-05-05,0.9213483146067416,1.0,0.9325842696629213,0.9775280898876404,0.9449425854768657,0.9299569688893851,0.9950347995767087,0.8823478140060372,0.749458520672179,0.7460884247193138
hotel_91,2023-05-12,2023-05-05,0.9550561797752809,1.0,1.0,1.0,0.9691248285557349,0.9299569688893851,0.9530417107890362,0.8695807648515437,0.7237016510755094,0.7436871069731223
hotel_91,2023-05-13,2023-05-05,1.0,1.0,0.47191011235955055,0.6179775280898876,0.9605015759506944,0.9299569688893851,0.9009054712175917,0.8071345279241942,0.7125824467880321,0.7845095086583767
hotel_91,2023-05-14,2023-05-05,0.8764044943820225,1.0,0.42696629213483145,0.7078651685393258,0.7897654039212525,0.9299569688893851,0.7730804383149504,0.8373980003130177,0.6725753664473311,0.7749042376736109
hotel_91,2023-05-15,2023-05-05,0.9775280898876404,1.0,0.5393258426966292,0.7415730337078652,0.9274265516673356,0.9299569688893851,1.0325192345011787,0.8776975315564018,0.7221807842414234,0.7713022610543238
hotel_91,2023-05-16,2023-05-05,1.0,1.0,0.8426966292134831,0.4157303370786517,1.0221621336218383,0.9299569688893851,1.1522255227556795,0.8002282304676831,0.8222878468008983,0.8061213683740995
hotel_91,2023-05-17,2023-05-05,1.0112359550561798,1.0,0.6966292134831461,0.7528089887640449,1.0228460064247968,0.9299569688893851,1.1213621031866141,0.795310576534039,0.7629138774499886,0.770101602181228
hotel_91,2023-05-18,2023-05-05,1.0112359550561798,1.0,0.9325842696629213,0.7865168539325843,0.9449425854768657,0.9299569688893851,0.9950347995767087,0.8074991410758554,0.8207137314572387,0.7664996255619408
hotel_91,2023-05-19,2023-05-05,0.9662921348314607,1.0,1.0,0.8202247191011236,0.9691248285557349,0.9299569688893851,0.9530417107890362,0.849556942863952,0.8363362947760556,0.7628976489426537
hotel_91,2023-05-20,2023-05-05,0.9887640449438202,1.0,0.47191011235955055,0.7528089887640449,0.9605015759506944,0.9299569688893851,0.9009054712175917,0.8170442175919755,0.8050952664902129,0.7701016021812279
hotel_91,2023-05-21,2023-05-05,0.6853932584269663,1.0,0.42696629213483145,0.6179775280898876,0.7897654039212525,0.9299569688893851,0.7730804383149504,0.7902176442346321,0.7595021491375754,0.7845095086583765
hotel_91,2023-05-22,2023-05-05,1.0,1.0,0.5393258426966292,0.7191011235955056,0.9274265516673356,0.9299569688893851,1.0325192345011787,0.7776625212967985,0.7929893880835605,0.7737035788005151
hotel_91,2023-05-23,2023-05-05,1.0112359550561798,1.0,0.8426966292134831,0.6629213483146067,1.0221621336218383,0.9299569688893851,1.1522255227556795,0.8150774138143536,0.8228079870870805,0.7797068731659937
hotel_91,2023-05-24,2023-05-05,1.0,1.0,0.6966292134831461,1.0,1.0228460064247968,0.9299569688893851,1.1213621031866141,0.9132380731267011,0.7898434746035028,0.7436871069731222
hotel_91,2023-05-25,2023-05-05,0.8089887640449438,1.0,0.9325842696629213,0.9887640449438202,0.9449425854768657,0.9299569688893851,0.9950347995767087,0.8806959328878339,0.7782299999665302,0.744887765846218
hotel_91,2023-05-26,2023-05-05,0.898876404494382,1.0,1.0,0.9213483146067416,0.9691248285557349,0.9299569688893851,0.9530417107890362,0.912198033856887,0.7734232931207721,0.7520917190847922
hotel_91,2023-05-27,2023-05-05,1.0674157303370786,1.0,0.47191011235955055,0.550561797752809,0.9605015759506944,0.9299569688893851,0.9009054712175917,0.8015882313811732,0.7635471815832803,0.7917134618969508
hotel_91,2023-05-28,2023-05-05,1.0112359550561798,1.0,0.42696629213483145,0.43820224719101125,0.7897654039212525,0.9299569688893851,0.7730804383149504,0.7862779853361145,0.7417354206921296,0.803720050627908
hotel_91,2023-05-29,2023-05-05,0.5617977528089888,1.0,0.5393258426966292,0.47191011235955055,0.9274265516673356,0.9299569688893851,1.0325192345011787,0.8240543174348683,0.7640471221839347,0.8001180740086208
hotel_91,2023-05-30,2023-05-05,0.9775280898876404,1.0,0.8426966292134831,0.42696629213483145,1.0221621336218383,0.9299569688893851,1.1522255227556795,0.8246673528858964,0.801318954881523,0.8049207095010037
hotel_91,2023-05-31,2023-05-05,1.0,1.0,0.6966292134831461,0.5393258426966292,1.0228460064247968,0.9299569688893851,1.1213621031866141,0.819666156761031,0.7760749563702828,0.7929141207700465
hotel_91,2023-06-01,2023-05-05,0.9550561797752809,1.0,0.9325842696629213,0.8426966292134831,0.9449425854768657,0.9299569688893851,0.9950347995767087,0.8094187053000779,0.7916742078732023,0.7604963311964622
hotel_91,2023-06-02,2023-05-05,0.9662921348314607,1.0,1.0,0.6966292134831461,0.9691248285557349,0.9299569688893851,0.9530417107890362,0.8354222056014767,0.7955479812223056,0.7761048965467066
hotel_91,2023-06-03,2023-06-02,0.9550561797752809,0.9662921348314607,1.0674157303370786,0.9325842696629213,0.9612275496393161,0.9585423307388994,0.9866152750223138,1.0774845764972922,0.9681052065616064,0.9232205290062026
hotel_91,2023-06-04,2023-06-02,0.8764044943820225,0.9662921348314607,1.0112359550561798,1.0,0.7912019758843001,0.9585423307388994,0.8448324414727623,1.1004473296541433,0.8880032478360134,0.90371076239134
hotel_91,2023-06-05,2023-06-02,0.8651685393258427,0.9662921348314607,0.5617977528089888,0.9887640449438202,0.9215326932874931,0.9585423307388994,0.943732657325222,1.0615978899561656,0.8853306478465265,0.9018313487605425
hotel_91,2023-06-06,2023-06-02,0.9550561797752809,0.9662921348314607,0.9775280898876404,0.9101123595505618,1.016453272894178,0.9585423307388994,1.061273789025594,1.0809925016292803,0.9437998705725925,0.9100079973341413
hotel_91,2023-06-07,2023-06-02,1.0,0.9662921348314607,1.0,0.9662921348314607,1.0184593934986617,0.9585423307388994,1.0354987073865591,1.032731373274147,0.9374057239236294,0.904167534067285
hotel_91,2023-06-08,2023-06-02,0.9550561797752809,0.9662921348314607,0.9550561797752809,0.9662921348314607,0.9417989528925165,0.9585423307388994,0.9572719023881324,0.9841907813592587,0.8915049295960678,0.904167534067285
hotel_91,2023-06-09,2023-06-02,0.9213483146067416,0.9662921348314607,0.9662921348314607,0.9550561797752809,0.9649664736053538,0.9585423307388994,0.9593395927671343,1.0676420836104656,0.9144164100276186,0.9053356267206563
hotel_91,2023-06-10,2023-06-02,1.0112359550561798,0.9662921348314607,1.0674157303370786,0.9213483146067416,0.9612275496393161,0.9585423307388994,0.9866152750223138,1.0388479245396893,0.9468828673443589,0.90883990468077
hotel_91,2023-06-11,2023-06-02,0.6966292134831461,0.9662921348314607,1.0112359550561798,0.9550561797752809,0.7912019758843001,0.9585423307388994,0.8448324414727623,1.04063689981228,0.9457556103857878,0.9053356267206563
hotel_91,2023-06-12,2023-06-02,1.0,0.9662921348314607,0.5617977528089888,1.0,0.9215326932874931,0.9585423307388994,0.943732657325222,0.978941298496505,0.8218322829050355,0.9006632561071712
hotel_91,2023-06-13,2023-06-02,0.9325842696629213,0.9662921348314607,0.9775280898876404,0.8764044943820225,1.016453272894178,0.9585423307388994,1.061273789025594,0.9828417327879398,0.9226591232153243,0.913512275294255
hotel_91,2023-06-14,2023-06-02,0.9101123595505618,0.9662921348314607,1.0,0.9775280898876404,1.0184593934986617,0.9585423307388994,1.0354987073865591,1.0264481372162493,0.9259000605826752,0.9029994414139138
hotel_91,2023-06-15,2023-06-02,0.9887640449438202,0.9662921348314607,0.9550561797752809,1.0,0.9417989528925165,0.9585423307388994,0.9572719023881324,0.9697407997568894,0.924435757127,0.9006632561071712
hotel_91,2023-06-16,2023-06-02,0.8764044943820225,0.9662921348314607,0.9662921348314607,1.0112359550561798,0.9649664736053538,0.9585423307388994,0.9593395927671343,0.9655054512246861,0.9286589773663944,0.8994951634538
hotel_91,2023-06-17,2023-06-02,0.9325842696629213,0.9662921348314607,1.0674157303370786,1.0112359550561798,0.9612275496393161,0.9585423307388994,0.9866152750223138,0.9808339964365298,0.9224983807546117,0.8994951634538
hotel_91,2023-06-18,2023-06-02,0.7078651685393258,0.9662921348314607,1.0112359550561798,0.9662921348314607,0.7912019758843001,0.9585423307388994,0.8448324414727623,1.006662397501737,0.9182302477561063,0.904167534067285
hotel_91,2023-06-19,2023-06-02,0.7752808988764045,0.9662921348314607,0.5617977528089888,0.9887640449438202,0.9215326932874931,0.9585423307388994,0.943732657325222,0.9807618991949947,0.9166224270322926,0.9018313487605425
hotel_91,2023-06-20,2023-06-02,0.9887640449438202,0.9662921348314607,0.9775280898876404,0.6853932584269663,1.016453272894178,0.9585423307388994,1.061273789025594,0.9147155691785978,0.9156585371738631,0.9333698504015664
hotel_91,2023-06-21,2023-06-02,0.9325842696629213,0.9662921348314607,1.0,1.0,1.0184593934986617,0.9585423307388994,1.0354987073865591,0.9550294913768375,0.9149375390570086,0.9006632561071712
hotel_91,2023-06-22,2023-06-02,0.8202247191011236,0.9662921348314607,0.9550561797752809,1.0112359550561798,0.9417989528925165,0.9585423307388994,0.9572719023881324,0.9799802267158896,0.9144884253561149,0.8994951634538
hotel_91,2023-06-23,2023-06-02,0.8764044943820225,0.9662921348314607,0.9662921348314607,1.0,0.9649664736053538,0.9585423307388994,0.9593395927671343,1.0677007343811638,0.9142242493338606,0.9006632561071712
hotel_91,2023-06-24,2023-06-02,0.8539325842696629,0.9662921348314607,1.0674157303370786,0.8089887640449438,0.9612275496393161,0.9585423307388994,0.9866152750223138,1.0113451729561378,0.914060282433332,0.9205208312144826
hotel_91,2023-06-25,2023-06-02,0.8202247191011236,0.9662921348314607,1.0112359550561798,0.898876404494382,0.7912019758843001,0.9585423307388994,0.8448324414727623,1.045313139917079,0.9139568437665369,0.9111760899875125
hotel_91,2023-06-26,2023-06-02,0.9775280898876404,0.9662921348314607,0.5617977528089888,1.0674157303370786,0.9215326932874931,0.9585423307388994,0.943732657325222,0.9678131748406696,0.9138927000803027,0.8936547001869437
hotel_91,2023-06-27,2023-06-02,1.0112359550561798,0.9662921348314607,0.9775280898876404,1.0112359550561798,1.016453272894178,0.9585423307388994,1.061273789025594,0.9433219096706753,0.9138531003316023,0.8994951634538
hotel_91,2023-06-28,2023-06-02,1.0224719101123596,0.9662921348314607,1.0,0.5617977528089888,1.0184593934986617,0.9585423307388994,1.0354987073865591,0.9025903832262377,0.9138285219663943,0.9462188695886503
hotel_91,2023-06-29,2023-06-02,0.898876404494382,0.9662921348314607,0.9550561797752809,0.9775280898876404,0.9417989528925165,0.9585423307388994,0.9572719023881324,0.9667691911217429,0.9138132485234857,0.9029994414139138
hotel_91,2023-06-30,2023-06-02,0.8651685393258427,0.9662921348314607,0.9662921348314607,1.0,0.9649664736053538,0.9585423307388994,0.9593395927671343,0.9587019323789367,0.9138037731635689,0.9006632561071712
hotel_98,2023-02-11,2023-02-10,0.2661290322580645,0.1774193548387097,0.21774193548387097,0.20161290322580644,0.2234848542211605,0.17741532258066128,0.233764572069121,0.1702745309351696,0.23746325603244656,0.17545433065457974
hotel_98,2023-02-12,2023-02-10,0.11290322580645161,0.1774193548387097,0.08870967741935484,0.29838709677419356,0.06617579050046155,0.17741532258066128,0.06646924160976227,0.1614139803693274,0.09348120468424144,0.11760879828880433
hotel_98,2023-02-13,2023-02-10,0.22580645161290322,0.1774193548387097,0.14516129032258066,0.31451612903225806,0.09869545633689333,0.17741532258066128,0.10704478771066697,0.16073255355979432,0.1339263875200399,0.1513143015176841
hotel_98,2023-02-14,2023-02-10,0.3790322580645161,0.1774193548387097,0.1532258064516129,0.10483870967741936,0.09092193028318349,0.17741532258066128,0.11905780272154891,0.14232004220022199,0.14144572564952462,0.19073857566138314
hotel_98,2023-02-15,2023-02-10,0.2661290322580645,0.1774193548387097,0.13709677419354838,0.20967741935483872,0.05995344447007412,0.17741532258066128,0.08815122407432037,0.17745916157388528,0.12809070464113384,0.15563558305343778
hotel_98,2023-02-16,2023-02-10,0.4596774193548387,0.1774193548387097,0.13709677419354838,0.21774193548387097,0.08902174596308489,0.17741532258066128,0.08445509260854653,0.1798655692352666,0.15407499967566127,0.13381321042493435
hotel_98,2023-02-17,2023-02-10,0.5564516129032258,0.1774193548387097,0.1774193548387097,0.16129032258064516,0.1736422982552714,0.17741532258066128,0.17742461949635785,0.194274736335169,0.23839210391847648,0.17778093771199863
hotel_98,2023-02-18,2023-02-10,0.5403225806451613,0.1774193548387097,0.21774193548387097,0.14516129032258066,0.2234848542211605,0.17741532258066128,0.233764572069121,0.17619162930585763,0.29278443236507,0.18019333540870547
hotel_98,2023-02-19,2023-02-10,0.3548387096774194,0.1774193548387097,0.08870967741935484,0.28225806451612906,0.06617579050046155,0.17741532258066128,0.06646924160976227,0.21025692562312312,0.12715875670921215,0.13610275951776926
hotel_98,2023-02-20,2023-02-10,0.2903225806451613,0.1774193548387097,0.14516129032258066,0.3629032258064516,0.09869545633689333,0.17741532258066128,0.10704478771066697,0.2073349263837453,0.15339205728212474,0.15276867670343336
hotel_98,2023-02-21,2023-02-10,0.4274193548387097,0.1774193548387097,0.1532258064516129,0.12903225806451613,0.09092193028318349,0.17741532258066128,0.11905780272154891,0.17594801497608192,0.16037631750068176,0.1887482264939036
hotel_98,2023-02-22,2023-02-10,0.4596774193548387,0.1774193548387097,0.13709677419354838,0.1532258064516129,0.05995344447007412,0.17741532258066128,0.08815122407432037,0.20501913172630692,0.1455434206006467,0.15690215880111807
hotel_98,2023-02-23,2023-02-10,0.4596774193548387,0.1774193548387097,0.13709677419354838,0.14516129032258066,0.08902174596308489,0.17741532258066128,0.08445509260854653,0.25098696625158073,0.17085804786549708,0.13541583473900273
hotel_98,2023-02-24,2023-02-10,0.5887096774193549,0.1774193548387097,0.1774193548387097,0.11290322580645161,0.1736422982552714,0.17741532258066128,0.17742461949635785,0.3045428633030367,0.2544610539006817,0.17587103547921093
hotel_98,2023-02-25,2023-02-10,0.5725806451612904,0.1774193548387097,0.21774193548387097,0.13709677419354838,0.2234848542211605,0.17741532258066128,0.233764572069121,0.31509001820647653,0.30633819920740163,0.17945074178290174
hotel_98,2023-02-26,2023-02-10,0.4435483870967742,0.1774193548387097,0.08870967741935484,0.1693548387096774,0.06617579050046155,0.17741532258066128,0.06646924160976227,0.24127316757274858,0.13739602154151237,0.13829360422161835
hotel_98,2023-02-27,2023-02-10,0.27419354838709675,0.1774193548387097,0.14516129032258066,0.1935483870967742,0.09869545633689333,0.17741532258066128,0.10704478771066697,0.2566961131478262,0.16149836633928347,0.15255034097032055
hotel_98,2023-02-28,2023-02-10,0.24193548387096775,0.1774193548387097,0.1532258064516129,0.13709677419354838,0.09092193028318349,0.17741532258066128,0.11905780272154891,0.28303998423768584,0.167153960470691,0.18669725897375922
hotel_98,2023-03-01,2023-02-10,0.29838709677419356,0.1774193548387097,0.13709677419354838,0.14516129032258066,0.05995344447007412,0.17741532258066128,0.08815122407432037,0.23604604899072834,0.15128292269841664,0.15800106522658874
hotel_98,2023-03-02,2023-02-10,0.4112903225806452,0.1774193548387097,0.13709677419354838,0.12903225806451613,0.08902174596308489,0.17741532258066128,0.08445509260854653,0.22466590853215387,0.17568382977051383,0.13694982190856178
hotel_98,2023-03-03,2023-02-10,0.6532258064516129,0.1774193548387097,0.1774193548387097,0.07258064516129033,0.1736422982552714,0.17741532258066128,0.17742461949635785,0.21544733789013615,0.2586399617879279,0.17413301542764978
hotel_98,2023-03-04,2023-02-10,0.6129032258064516,0.1774193548387097,0.21774193548387097,0.12903225806451613,0.2234848542211605,0.17741532258066128,0.233764572069121,0.2246248197221408,0.30977857839141926,0.178698780295853
hotel_98,2023-03-05,2023-02-10,0.1774193548387097,0.1774193548387097,0.08870967741935484,0.20161290322580644,0.06617579050046155,0.17741532258066128,0.06646924160976227,0.2406347103521634,0.14017979696900523,0.1403199287169291
hotel_98,2023-03-06,2023-02-10,0.1693548387096774,0.1774193548387097,0.14516129032258066,0.21774193548387097,0.09869545633689333,0.17741532258066128,0.10704478771066697,0.21647182200873624,0.1637477223568367,0.15241214989749202
hotel_98,2023-03-07,2023-02-10,0.21774193548387097,0.1774193548387097,0.1532258064516129,0.08870967741935484,0.09092193028318349,0.17741532258066128,0.11905780272154891,0.20667959664407146,0.1690215478336698,0.18477279317817552
hotel_98,2023-03-08,2023-02-10,0.20161290322580644,0.1774193548387097,0.13709677419354838,0.14516129032258066,0.05995344447007412,0.17741532258066128,0.08815122407432037,0.2940989601261418,0.15282336918107225,0.15896690321498572
hotel_98,2023-03-09,2023-02-10,0.23387096774193547,0.1774193548387097,0.13709677419354838,0.1532258064516129,0.08902174596308489,0.17741532258066128,0.08445509260854653,0.2487098366451066,0.17696420220103237,0.13841737039652052
hotel_98,2023-03-10,2023-02-10,0.45161290322580644,0.1774193548387097,0.1774193548387097,0.13709677419354838,0.1736422982552714,0.17741532258066128,0.17742461949635785,0.21327210439099473,0.2597038688700023,0.17255396359196754
hotel_98,2023-03-11,2023-03-10,0.6209677419354839,0.45161290322580644,0.6129032258064516,0.13709677419354838,0.4629635160088827,0.4515911287096934,0.4427187074038515,0.3609035240544057,0.4867484838417966,0.5266404236524871
hotel_98,2023-03-12,2023-03-10,0.24193548387096775,0.45161290322580644,0.1774193548387097,0.1774193548387097,0.29109754834738205,0.4515911287096934,0.24444518387651093,0.39324655203568837,0.2637612812654243,0.38845038623763295
hotel_98,2023-03-13,2023-03-10,0.1693548387096774,0.45161290322580644,0.1693548387096774,0.2661290322580645,0.32618768491345407,0.4515911287096934,0.23499537186112393,0.4166061750197356,0.23374400610099683,0.34990220434514857
hotel_98,2023-03-14,2023-03-10,0.18548387096774194,0.45161290322580644,0.21774193548387097,0.11290322580645161,0.36859292823059275,0.4515911287096934,0.27790733105974025,0.3875330942337142,0.25963839778408654,0.43885594449994086
hotel_98,2023-03-15,2023-03-10,0.2661290322580645,0.45161290322580644,0.20161290322580644,0.22580645161290322,0.3287451080521121,0.4515911287096934,0.2590479923355328,0.40128884961751377,0.2428888903187565,0.3921151626615445
hotel_98,2023-03-16,2023-03-10,0.33064516129032256,0.45161290322580644,0.23387096774193547,0.3790322580645161,0.3612354279419129,0.4515911287096934,0.3183793407018265,0.40529526794987153,0.28466928562203464,0.34549120851612514
hotel_98,2023-03-17,2023-03-10,0.45161290322580644,0.45161290322580644,0.45161290322580644,0.2661290322580645,0.4635311438591122,0.4515911287096934,0.4516044518140995,0.4209908390243895,0.401495004686152,0.3872712440755301
hotel_98,2023-03-18,2023-03-10,0.46774193548387094,0.45161290322580644,0.6129032258064516,0.4596774193548387,0.4629635160088827,0.4515911287096934,0.4427187074038515,0.45208767255690163,0.4285306751572404,0.3944065971037395
hotel_98,2023-03-19,2023-03-10,0.1935483870967742,0.45161290322580644,0.1774193548387097,0.5564516129032258,0.29109754834738205,0.4515911287096934,0.24444518387651093,0.48238278589706596,0.22449986890033347,0.32614254483239
hotel_98,2023-03-20,2023-03-10,0.12096774193548387,0.45161290322580644,0.1693548387096774,0.5403225806451613,0.32618768491345407,0.4515911287096934,0.23499537186112393,0.45909260033219246,0.2173827174636997,0.3464328132378522
hotel_98,2023-03-21,2023-03-10,0.12903225806451613,0.45161290322580644,0.21774193548387097,0.3548387096774194,0.36859292823059275,0.4515911287096934,0.27790733105974025,0.4638020738269208,0.24509188935592482,0.3835111599667598
hotel_98,2023-03-22,2023-03-10,0.12903225806451613,0.45161290322580644,0.20161290322580644,0.2903225806451613,0.3287451080521121,0.4515911287096934,0.2590479923355328,0.44681065282723237,0.22997416521925074,0.34597595280917687
hotel_98,2023-03-23,2023-03-10,0.14516129032258066,0.45161290322580644,0.23387096774193547,0.4274193548387097,0.3612354279419129,0.4515911287096934,0.3183793407018265,0.4373931912622617,0.2732142048829865,0.35030646157803297
hotel_98,2023-03-24,2023-03-10,0.25,0.45161290322580644,0.45161290322580644,0.4596774193548387,0.4635311438591122,0.4515911287096934,0.4516044518140995,0.4642137131572703,0.39122293322612955,0.37851010138520347
hotel_98,2023-03-25,2023-03-10,0.3870967741935484,0.45161290322580644,0.6129032258064516,0.4596774193548387,0.4629635160088827,0.4515911287096934,0.4427187074038515,0.49837118156746485,0.41939371586359747,0.3792278978537129
hotel_98,2023-03-26,2023-03-10,0.1532258064516129,0.45161290322580644,0.1774193548387097,0.5887096774193549,0.29109754834738205,0.4515911287096934,0.24444518387651093,0.5647442267226194,0.21639811070558368,0.3288662304922085
hotel_98,2023-03-27,2023-03-10,0.22580645161290322,0.45161290322580644,0.1693548387096774,0.5725806451612904,0.32618768491345407,0.4515911287096934,0.23499537186112393,0.5721487991350778,0.21020661805382568,0.3426364163269008
hotel_98,2023-03-28,2023-03-10,0.23387096774193547,0.45161290322580644,0.21774193548387097,0.4435483870967742,0.36859292823059275,0.4515911287096934,0.27790733105974025,0.49701715812827635,0.2387186878333237,0.3765710459963032
hotel_98,2023-03-29,2023-03-10,0.1774193548387097,0.45161290322580644,0.20161290322580644,0.27419354838709675,0.3287451080521121,0.4515911287096934,0.2590479923355328,0.4811570224573766,0.22431404829459012,0.3654138738524685
hotel_98,2023-03-30,2023-03-10,0.12903225806451613,0.45161290322580644,0.23387096774193547,0.24193548387096775,0.3612354279419129,0.4515911287096934,0.3183793407018265,0.49971052743439165,0.26818739826816196,0.3646299809149188
hotel_98,2023-03-31,2023-03-10,0.25806451612903225,0.45161290322580644,0.45161290322580644,0.29838709677419356,0.4635311438591122,0.4515911287096934,0.4516044518140995,0.464888718526228,0.38675846014020554,0.38402421789585484
hotel_98,2023-04-01,2023-03-10,0.3951612903225806,0.45161290322580644,0.6129032258064516,0.4112903225806452,0.4629635160088827,0.4515911287096934,0.4427187074038515,0.47042040555072034,0.41542874584751965,0.37374427067766464
hotel_98,2023-04-02,2023-03-10,0.20161290322580644,0.45161290322580644,0.1774193548387097,0.6532258064516129,0.29109754834738205,0.4515911287096934,0.24444518387651093,0.49547153181300685,0.21287678378682165,0.3471724819837636
hotel_98,2023-04-03,2023-03-10,0.1935483870967742,0.45161290322580644,0.1693548387096774,0.6129032258064516,0.32618768491345407,0.4515911287096934,0.23499537186112393,0.49347762740718454,0.20707930271978742,0.35551354002757807
hotel_98,2023-04-04,2023-03-10,0.1935483870967742,0.45161290322580644,0.21774193548387097,0.1774193548387097,0.36859292823059275,0.4515911287096934,0.27790733105974025,0.440054392128839,0.2359412793125988,0.3891318203096623
hotel_98,2023-04-05,2023-03-10,0.16129032258064516,0.45161290322580644,0.20161290322580644,0.1693548387096774,0.3287451080521121,0.4515911287096934,0.2590479923355328,0.40990236446447265,0.22184739648443783,0.3760816113158632
hotel_98,2023-04-06,2023-03-10,0.47580645161290325,0.45161290322580644,0.23387096774193547,0.21774193548387097,0.3612354279419129,0.4515911287096934,0.3183793407018265,0.40862505794465726,0.2659967334543243,0.3944891811019491
hotel_98,2023-04-07,2023-03-10,0.4596774193548387,0.45161290322580644,0.45161290322580644,0.20161290322580644,0.4635311438591122,0.4515911287096934,0.4516044518140995,0.4914485713068162,0.38481290276459684,0.3706023696548695
hotel_98,2023-04-08,2023-04-07,0.46774193548387094,0.4596774193548387,0.3951612903225806,0.23387096774193547,0.4939609766817197,0.45967902911293546,0.5337861055687632,0.37998917876862764,0.4599291417536255,0.38247261658007914
hotel_98,2023-04-09,2023-04-07,0.1935483870967742,0.4596774193548387,0.20161290322580644,0.45161290322580644,0.27000207350333744,0.45967902911293546,0.27207259531825356,0.38317184716127417,0.19989798955641738,0.25992752782724216
hotel_98,2023-04-10,2023-04-07,0.20967741935483872,0.4596774193548387,0.1935483870967742,0.6209677419354839,0.30814836488447034,0.45967902911293546,0.24201317706164524,0.3404985334702435,0.2201723669403462,0.33752557659945626
hotel_98,2023-04-11,2023-04-07,0.23387096774193547,0.4596774193548387,0.1935483870967742,0.24193548387096775,0.35166967779541825,0.45967902911293546,0.266722138723026,0.31038561340628995,0.2338302920330323,0.3913901371187894
hotel_98,2023-04-12,2023-04-07,0.08064516129032258,0.4596774193548387,0.16129032258064516,0.1693548387096774,0.3316689144204024,0.45967902911293546,0.2641110464188059,0.31780706822806454,0.22071853629576849,0.2722208283357628
hotel_98,2023-04-13,2023-04-07,0.13709677419354838,0.4596774193548387,0.47580645161290325,0.18548387096774194,0.3769357390128714,0.45967902911293546,0.3413774435373022,0.2975545025113301,0.295489317781353,0.30634877127419546
hotel_98,2023-04-14,2023-04-07,0.1693548387096774,0.4596774193548387,0.4596774193548387,0.2661290322580645,0.45057010573765655,0.45967902911293546,0.4596908612273658,0.32347515503875196,0.38629156163326317,0.3474287786849261
hotel_98,2023-04-15,2023-04-07,0.1693548387096774,0.4596774193548387,0.3951612903225806,0.33064516129032256,0.4939609766817197,0.45967902911293546,0.5337861055687632,0.3369042836012579,0.4339928375991556,0.2645265246609546
hotel_98,2023-04-16,2023-04-07,0.1532258064516129,0.4596774193548387,0.20161290322580644,0.45161290322580644,0.27000207350333744,0.45967902911293546,0.27207259531825356,0.37118036457327397,0.21181514035047486,0.215735784727897
hotel_98,2023-04-17,2023-04-07,0.12903225806451613,0.4596774193548387,0.1935483870967742,0.46774193548387094,0.30814836488447034,0.45967902911293546,0.24201317706164524,0.4029289828580097,0.20895624013607036,0.23771778702603738
hotel_98,2023-04-18,2023-04-07,0.1935483870967742,0.4596774193548387,0.1935483870967742,0.1935483870967742,0.35166967779541825,0.45967902911293546,0.266722138723026,0.38886784499518817,0.22495746845957437,0.2547588417725462
hotel_98,2023-04-19,2023-04-07,0.13709677419354838,0.4596774193548387,0.16129032258064516,0.12096774193548387,0.3316689144204024,0.45967902911293546,0.2641110464188059,0.35407467675995985,0.21372027270794441,0.19581711964298182
hotel_98,2023-04-20,2023-04-07,0.1693548387096774,0.4596774193548387,0.47580645161290325,0.12903225806451613,0.3769357390128714,0.45967902911293546,0.3413774435373022,0.3602879222524725,0.26555971355029895,0.24729138060156314
hotel_98,2023-04-21,2023-04-07,0.20967741935483872,0.4596774193548387,0.4596774193548387,0.12903225806451613,0.45057010573765655,0.45967902911293546,0.4596908612273658,0.34264479329307623,0.367693229499892,0.3212095957071287
hotel_98,2023-04-22,2023-04-07,0.33064516129032256,0.4596774193548387,0.3951612903225806,0.14516129032258066,0.4939609766817197,0.45967902911293546,0.5337861055687632,0.33729188500544505,0.42194735051073623,0.25484911832601553
hotel_98,2023-04-23,2023-04-07,0.12903225806451613,0.4596774193548387,0.20161290322580644,0.25,0.27000207350333744,0.45967902911293546,0.27207259531825356,0.3760285722200435,0.20466756154748936,0.2031161555974521
hotel_98,2023-04-24,2023-04-07,0.13709677419354838,0.4596774193548387,0.1935483870967742,0.3870967741935484,0.30814836488447034,0.45967902911293546,0.24201317706164524,0.4210275763450757,0.1997390116136766,0.23276131073972356
hotel_98,2023-04-25,2023-04-07,0.14516129032258066,0.4596774193548387,0.1935483870967742,0.1532258064516129,0.35166967779541825,0.45967902911293546,0.266722138723026,0.44369178085633815,0.2162613960175531,0.21110861585493435
hotel_98,2023-04-26,2023-04-07,0.0967741935483871,0.4596774193548387,0.16129032258064516,0.22580645161290322,0.3316689144204024,0.45967902911293546,0.2641110464188059,0.4638514709453828,0.20555462484004677,0.15202817078998712
hotel_98,2023-04-27,2023-04-07,0.11290322580645161,0.4596774193548387,0.47580645161290325,0.23387096774193547,0.3769357390128714,0.45967902911293546,0.3413774435373022,0.41159699792510174,0.26297633893677863,0.21032920628724366
hotel_98,2023-04-28,2023-04-07,0.41935483870967744,0.4596774193548387,0.4596774193548387,0.1774193548387097,0.45057010573765655,0.45967902911293546,0.4596908612273658,0.3844712917423115,0.3635307121983014,0.2940678503410767
hotel_98,2023-04-29,2023-04-07,0.6451612903225806,0.4596774193548387,0.3951612903225806,0.12903225806451613,0.4939609766817197,0.45967902911293546,0.5337861055687632,0.3949023392390809,0.4171275561825713,0.2619231733070579
hotel_98,2023-04-30,2023-04-07,0.6935483870967742,0.4596774193548387,0.20161290322580644,0.25806451612903225,0.27000207350333744,0.45967902911293546,0.27207259531825356,0.3907108940801358,0.1994719763046378,0.22386778893039838
hotel_98,2023-05-01,2023-04-07,0.21774193548387097,0.4596774193548387,0.1935483870967742,0.3951612903225806,0.30814836488447034,0.45967902911293546,0.24201317706164524,0.4182099310299616,0.19555351921585937,0.22619314688477354
hotel_98,2023-05-02,2023-04-07,0.16129032258064516,0.4596774193548387,0.1935483870967742,0.20161290322580644,0.35166967779541825,0.45967902911293546,0.266722138723026,0.41281313495836214,0.2124992676404275,0.18740517699319498
hotel_98,2023-05-03,2023-04-07,0.16129032258064516,0.4596774193548387,0.16129032258064516,0.1935483870967742,0.3316689144204024,0.45967902911293546,0.2641110464188059,0.4094915258278371,0.20216763028475618,0.16755007893675647
hotel_98,2023-05-04,2023-04-07,0.3225806451612903,0.4596774193548387,0.47580645161290325,0.1935483870967742,0.3769357390128714,0.45967902911293546,0.3413774435373022,0.35841360219924484,0.2588770640552158,0.2940731655490759
hotel_98,2023-05-05,2023-04-07,0.31451612903225806,0.4596774193548387,0.4596774193548387,0.16129032258064516,0.45057010573765655,0.45967902911293546,0.4596908612273658,0.3270347997066066,0.36016214006133457,0.325370692531845
hotel_98,2023-05-06,2023-05-05,0.3387096774193548,0.31451612903225806,0.6451612903225806,0.47580645161290325,0.38242005424769865,0.31451693387096774,0.42652481074734894,0.35787538016390424,0.375794453134245,0.29008423618791546
hotel_98,2023-05-07,2023-05-05,0.18548387096774194,0.31451612903225806,0.6935483870967742,0.4596774193548387,0.19320526612836372,0.31451693387096774,0.26504465301569635,0.43739198833228543,0.21428848238341214,0.2868272046725395
hotel_98,2023-05-08,2023-05-05,0.1935483870967742,0.31451612903225806,0.21774193548387097,0.46774193548387094,0.17235937127785256,0.31451693387096774,0.18731547495195344,0.39960866688544167,0.1708671459386689,0.26464216081878156
hotel_98,2023-05-09,2023-05-05,0.1774193548387097,0.31451612903225806,0.16129032258064516,0.1935483870967742,0.1736507649718888,0.31451693387096774,0.19539694382995965,0.36464506020251053,0.19122335918003106,0.2554447277119599
hotel_98,2023-05-10,2023-05-05,0.1532258064516129,0.31451612903225806,0.16129032258064516,0.20967741935483872,0.1654599870897689,0.31451693387096774,0.1469692496337576,0.3300200637039212,0.16277697912234715,0.24689004003217763
hotel_98,2023-05-11,2023-05-05,0.12096774193548387,0.31451612903225806,0.3225806451612903,0.23387096774193547,0.19746461785573607,0.31451693387096774,0.22674373687387145,0.3004432861170858,0.2287275775878645,0.3074244400588177
hotel_98,2023-05-12,2023-05-05,0.16129032258064516,0.31451612903225806,0.31451612903225806,0.08064516129032258,0.31461245614794786,0.31451693387096774,0.3145257128662634,0.27865264840143467,0.32395871480042293,0.32578623484340374
hotel_98,2023-05-13,2023-05-05,0.23387096774193547,0.31451612903225806,0.6451612903225806,0.13709677419354838,0.38242005424769865,0.31451693387096774,0.42652481074734894,0.2717813867941711,0.40040656151786724,0.3376209114709109
hotel_98,2023-05-14,2023-05-05,0.1532258064516129,0.31451612903225806,0.6935483870967742,0.1693548387096774,0.19320526612836372,0.31451693387096774,0.26504465301569635,0.30338778493125507,0.22858380519467303,0.30966225642544276
hotel_98,2023-05-15,2023-05-05,0.33064516129032256,0.31451612903225806,0.21774193548387097,0.1693548387096774,0.17235937127785256,0.31451693387096774,0.18731547495195344,0.31479804159656566,0.1766229103561598,0.28203273448055083
hotel_98,2023-05-16,2023-05-05,0.3387096774193548,0.31451612903225806,0.16129032258064516,0.1532258064516129,0.1736507649718888,0.31451693387096774,0.19539694382995965,0.344958219461789,0.19286996734277556,0.26188788171251665
hotel_98,2023-05-17,2023-05-05,0.4596774193548387,0.31451612903225806,0.16129032258064516,0.12903225806451613,0.1654599870897689,0.31451693387096774,0.1469692496337576,0.3698600238836398,0.1653737726646989,0.2608149213770516
hotel_98,2023-05-18,2023-05-05,0.5,0.31451612903225806,0.3225806451612903,0.1935483870967742,0.19746461785573607,0.31451693387096774,0.22674373687387145,0.3631494301416821,0.23202425335238686,0.29978812381657655
hotel_98,2023-05-19,2023-05-05,0.47580645161290325,0.31451612903225806,0.31451612903225806,0.13709677419354838,0.31461245614794786,0.31451693387096774,0.3145257128662634,0.3217913551166168,0.33201575067446376,0.32416410111545946
hotel_98,2023-05-20,2023-05-05,0.3790322580645161,0.31451612903225806,0.6451612903225806,0.1693548387096774,0.38242005424769865,0.31451693387096774,0.42652481074734894,0.3312162137408215,0.40679744658473876,0.32956728433469823
hotel_98,2023-05-21,2023-05-05,0.0967741935483871,0.31451612903225806,0.6935483870967742,0.20967741935483872,0.19320526612836372,0.31451693387096774,0.26504465301569635,0.3206260790798076,0.23244212101474301,0.32240499950207774
hotel_98,2023-05-22,2023-05-05,0.11290322580645161,0.31451612903225806,0.21774193548387097,0.33064516129032256,0.17235937127785256,0.31451693387096774,0.18731547495195344,0.3342038453671564,0.17952918983148614,0.303125348462254
hotel_98,2023-05-23,2023-05-05,0.10483870967741936,0.31451612903225806,0.16129032258064516,0.12903225806451613,0.1736507649718888,0.31451693387096774,0.19539694382995965,0.3364118120426338,0.19561646763816465,0.30447956441361335
hotel_98,2023-05-24,2023-05-05,0.08064516129032258,0.31451612903225806,0.16129032258064516,0.13709677419354838,0.1654599870897689,0.31451693387096774,0.1469692496337576,0.3724593478655632,0.16803751500781366,0.2741678381619369
hotel_98,2023-05-25,2023-05-05,0.16129032258064516,0.31451612903225806,0.3225806451612903,0.14516129032258066,0.19746461785573607,0.31451693387096774,0.22674373687387145,0.3882213048654018,0.23430214468305977,0.3097153891765322
hotel_98,2023-05-26,2023-05-05,0.1693548387096774,0.31451612903225806,0.31451612903225806,0.0967741935483871,0.31461245614794786,0.31451693387096774,0.3145257128662634,0.4002237577343114,0.33407254533093794,0.29917229292827935
hotel_98,2023-05-27,2023-05-05,0.1693548387096774,0.31451612903225806,0.6451612903225806,0.11290322580645161,0.38242005424769865,0.31451693387096774,0.42652481074734894,0.3657534990745242,0.4084742128249448,0.3083413730754214
hotel_98,2023-05-28,2023-05-05,0.08870967741935484,0.31451612903225806,0.6935483870967742,0.41935483870967744,0.19320526612836372,0.31451693387096774,0.26504465301569635,0.38355771060743377,0.23381932679760262,0.29057948810079254
hotel_98,2023-05-29,2023-05-05,0.056451612903225805,0.31451612903225806,0.21774193548387097,0.6451612903225806,0.17235937127785256,0.31451693387096774,0.18731547495195344,0.426591302820693,0.1807157430929448,0.27393771987401916
hotel_98,2023-05-30,2023-05-05,0.04838709677419355,0.31451612903225806,0.16129032258064516,0.6935483870967742,0.1736507649718888,0.31451693387096774,0.19539694382995965,0.4401172870305751,0.19664594439967198,0.24161526857410784
hotel_98,2023-05-31,2023-05-05,0.08870967741935484,0.31451612903225806,0.16129032258064516,0.21774193548387097,0.1654599870897689,0.31451693387096774,0.1469692496337576,0.39001703383949904,0.16891912904784773,0.26202313909131236
hotel_98,2023-06-01,2023-05-05,0.11290322580645161,0.31451612903225806,0.3225806451612903,0.16129032258064516,0.19746461785573607,0.31451693387096774,0.22674373687387145,0.37432053767525103,0.2350448700531518,0.3003331106314016
hotel_98,2023-06-02,2023-05-05,0.16129032258064516,0.31451612903225806,0.31451612903225806,0.16129032258064516,0.31461245614794786,0.31451693387096774,0.3145257128662634,0.3697280891043643,0.3347094804022043,0.30364114077417753
hotel_98,2023-06-03,2023-06-02,0.21774193548387097,0.16129032258064516,0.1693548387096774,0.3225806451612903,0.22577059599774307,0.16128548362899192,0.2099335138808569,0.12998871657175806,0.17547017644480625,0.16862359476116406
hotel_98,2023-06-04,2023-06-02,0.06451612903225806,0.16129032258064516,0.08870967741935484,0.31451612903225806,0.039377439727794616,0.16128548362899192,0.08643041120049856,0.10209688096640021,0.10806484252899452,0.18389220435366083
hotel_98,2023-06-05,2023-06-02,0.04838709677419355,0.16129032258064516,0.056451612903225805,0.3387096774193548,0.021734439346263505,0.16128548362899192,0.052939573595256195,0.15886072483320618,0.10419395347390592,0.11991438884470591
hotel_98,2023-06-06,2023-06-02,0.03225806451612903,0.16129032258064516,0.04838709677419355,0.18548387096774194,0.022665848368396288,0.16128548362899192,0.05190070857488934,0.206404424954439,0.10233364402247862,0.13122077625150338
hotel_98,2023-06-07,2023-06-02,0.07258064516129033,0.16129032258064516,0.08870967741935484,0.1935483870967742,0.01747963288903117,0.16128548362899192,0.055892588847409254,0.17305362769791457,0.11443662037198404,0.13200436686987696
hotel_98,2023-06-08,2023-06-02,0.08064516129032258,0.16129032258064516,0.11290322580645161,0.1774193548387097,0.04957727825946995,0.16128548362899192,0.11077127724833848,0.14148425586392954,0.1428371665470309,0.1882162762304312
hotel_98,2023-06-09,2023-06-02,0.3790322580645161,0.16129032258064516,0.16129032258064516,0.1532258064516129,0.16129561302280312,0.16128548362899192,0.16129053610366834,0.11360439769199908,0.1644251233062001,0.18631776225029992
hotel_98,2023-06-10,2023-06-02,0.5080645161290323,0.16129032258064516,0.1693548387096774,0.12096774193548387,0.22577059599774307,0.16128548362899192,0.2099335138808569,0.07697960509301535,0.17025022793231565,0.1985583734661521
hotel_98,2023-06-11,2023-06-02,0.1532258064516129,0.16129032258064516,0.08870967741935484,0.16129032258064516,0.039377439727794616,0.16128548362899192,0.08643041120049856,0.059363360692035086,0.12495943398651603,0.22674953961397132
hotel_98,2023-06-12,2023-06-02,0.14516129032258066,0.16129032258064516,0.056451612903225805,0.23387096774193547,0.021734439346263505,0.16128548362899192,0.052939573595256195,0.06758549803566674,0.11617656394199131,0.21275069934199156
hotel_98,2023-06-13,2023-06-02,0.12096774193548387,0.16129032258064516,0.04838709677419355,0.1532258064516129,0.022665848368396288,0.16128548362899192,0.05190070857488934,0.08812193617072792,0.11362294546502864,0.2044423545732553
hotel_98,2023-06-14,2023-06-02,0.07258064516129033,0.16129032258064516,0.08870967741935484,0.33064516129032256,0.01747963288903117,0.16128548362899192,0.055892588847409254,0.12696767084392033,0.12756130846464106,0.17627251694128387
hotel_98,2023-06-15,2023-06-02,0.08064516129032258,0.16129032258064516,0.11290322580645161,0.3387096774193548,0.04957727825946995,0.16128548362899192,0.11077127724833848,0.15675293999294032,0.14446728933426026,0.17621364772330164
hotel_98,2023-06-16,2023-06-02,0.16129032258064516,0.16129032258064516,0.16129032258064516,0.4596774193548387,0.16129561302280312,0.16128548362899192,0.16129053610366834,0.19850947962397714,0.16404546250203667,0.15835782871824314
hotel_98,2023-06-17,2023-06-02,0.25806451612903225,0.16129032258064516,0.1693548387096774,0.5,0.22577059599774307,0.16128548362899192,0.2099335138808569,0.19547909375923345,0.16958033167280384,0.1471943309962303
hotel_98,2023-06-18,2023-06-02,0.06451612903225806,0.16129032258064516,0.08870967741935484,0.47580645161290325,0.039377439727794616,0.16128548362899192,0.08643041120049856,0.15653602031640382,0.13615743095482358,0.1673094857157328
hotel_98,2023-06-19,2023-06-02,0.06451612903225806,0.16129032258064516,0.056451612903225805,0.3790322580645161,0.021734439346263505,0.16128548362899192,0.052939573595256195,0.14831341736011774,0.13173957311921183,0.17735950008333223
hotel_98,2023-06-20,2023-06-02,0.08064516129032258,0.16129032258064516,0.04838709677419355,0.0967741935483871,0.022665848368396288,0.16128548362899192,0.05190070857488934,0.09668638522768787,0.13029026928757736,0.20357905687546354
hotel_98,2023-06-21,2023-06-02,0.11290322580645161,0.16129032258064516,0.08870967741935484,0.11290322580645161,0.01747963288903117,0.16128548362899192,0.055892588847409254,0.11422971095909373,0.13863818177932943,0.17123759954096845
hotel_98,2023-06-22,2023-06-02,0.1532258064516129,0.16129032258064516,0.11290322580645161,0.10483870967741936,0.04957727825946995,0.16128548362899192,0.11077127724833848,0.11340548569950629,0.1518408271269855,0.20875413663794437
hotel_98,2023-06-23,2023-06-02,0.4435483870967742,0.16129032258064516,0.16129032258064516,0.08064516129032258,0.16129561302280312,0.16128548362899192,0.16129053610366834,0.14037769866086267,0.1645954933890903,0.20194993114982085
hotel_98,2023-06-24,2023-06-02,0.3467741935483871,0.16129032258064516,0.1693548387096774,0.16129032258064516,0.22577059599774307,0.16128548362899192,0.2099335138808569,0.16248091584262567,0.1681389766426946,0.19275798232023494
hotel_98,2023-06-25,2023-06-02,0.13709677419354838,0.16129032258064516,0.08870967741935484,0.1693548387096774,0.039377439727794616,0.16128548362899192,0.08643041120049856,0.1755429789382516,0.14447254914410324,0.19834713464326936
hotel_98,2023-06-26,2023-06-02,0.10483870967741936,0.16129032258064516,0.056451612903225805,0.1693548387096774,0.021734439346263505,0.16128548362899192,0.052939573595256195,0.15043883238531677,0.14071713136252637,0.20248913960532103
hotel_98,2023-06-27,2023-06-02,0.0967741935483871,0.16129032258064516,0.04838709677419355,0.08870967741935484,0.022665848368396288,0.16128548362899192,0.05190070857488934,0.15373171400758132,0.13955863319892758,0.15601475731381917
hotel_98,2023-06-28,2023-06-02,0.18548387096774194,0.16129032258064516,0.08870967741935484,0.056451612903225805,0.01747963288903117,0.16128548362899192,0.055892588847409254,0.1892571733013444,0.14605874278316075,0.1123186108971932
hotel_98,2023-06-29,2023-06-02,0.4112903225806452,0.16129032258064516,0.11290322580645161,0.04838709677419355,0.04957727825946995,0.16128548362899192,0.11077127724833848,0.21231901970722847,0.15518655169270495,0.09427204682586905
hotel_98,2023-06-30,2023-06-02,0.5,0.16129032258064516,0.16129032258064516,0.08870967741935484,0.16129561302280312,0.16128548362899192,0.16129053610366834,0.1688419105188679,0.16473264299507928,0.18301981854651084
