unique_id,ds,cutoff,y,Chronos,Moirai,TimesFM-2.5,TabPFN
hotel_0,2023-02-11,2023-02-10,0.8271604938271605,0.75427634,0.81817704,0.8164531,0.904991865158081
hotel_0,2023-02-12,2023-02-10,0.5185185185185185,0.75689554,0.7692502,0.7287494,0.696755588054657
hotel_0,2023-02-13,2023-02-10,0.6296296296296297,0.7619103,0.80996495,0.7443833,0.8018926978111267
hotel_0,2023-02-14,2023-02-10,0.6296296296296297,0.7857747,0.79046535,0.7679,0.7891538143157959
hotel_0,2023-02-15,2023-02-10,0.8888888888888888,0.81437135,0.86318684,0.78821486,0.8157739043235779
hotel_0,2023-02-16,2023-02-10,0.9876543209876544,0.8450309,0.81432664,0.82320374,0.883481502532959
hotel_0,2023-02-17,2023-02-10,0.9876543209876544,0.863879,0.79660934,0.8953555,0.974151849746704
hotel_0,2023-02-18,2023-02-10,1.0,0.8452197,0.8796688,0.91366327,0.9836832880973816
hotel_0,2023-02-19,2023-02-10,0.9876543209876544,0.7990305,0.8816811,0.83027136,0.8765100836753845
hotel_0,2023-02-20,2023-02-10,0.8641975308641975,0.7724303,0.8305371,0.8305577,0.8978376388549805
hotel_0,2023-02-21,2023-02-10,0.9876543209876544,0.7690775,0.7804098,0.83198375,0.9009128212928772
hotel_0,2023-02-22,2023-02-10,0.9876543209876544,0.78136015,0.8355693,0.8282608,0.9124575257301332
hotel_0,2023-02-23,2023-02-10,0.9876543209876544,0.7968373,0.81518894,0.85339624,0.9291170835494996
hotel_0,2023-02-24,2023-02-10,0.9876543209876544,0.80913776,0.87172776,0.92840743,0.978091597557068
hotel_0,2023-02-25,2023-02-10,0.9876543209876544,0.79619735,0.7972468,0.9430788,0.9831201434135436
hotel_0,2023-02-26,2023-02-10,0.7654320987654321,0.7731233,0.8682556,0.85515577,0.867219865322113
hotel_0,2023-02-27,2023-02-10,0.6666666666666666,0.76273483,0.87476814,0.85894704,0.917748749256134
hotel_0,2023-02-28,2023-02-10,0.7160493827160493,0.76329076,0.8550831,0.86554354,0.9352110624313354
hotel_0,2023-03-01,2023-02-10,0.8395061728395061,0.7677388,0.90542746,0.8667938,0.927313506603241
hotel_0,2023-03-02,2023-02-10,0.8271604938271605,0.7849348,0.83241296,0.8821538,0.93774151802063
hotel_0,2023-03-03,2023-02-10,0.9876543209876544,0.79470855,0.884008,0.9411452,0.9822192192077636
hotel_0,2023-03-04,2023-02-10,0.9753086419753086,0.77821106,0.8529183,0.94670445,0.984523355960846
hotel_0,2023-03-05,2023-02-10,0.8148148148148148,0.7432235,0.9193671,0.8665939,0.8875055313110352
hotel_0,2023-03-06,2023-02-10,0.7777777777777778,0.7353647,0.8848799,0.8674178,0.9056956768035888
hotel_0,2023-03-07,2023-02-10,0.9629629629629628,0.75007993,0.9512631,0.87012064,0.919775366783142
hotel_0,2023-03-08,2023-02-10,0.9876543209876544,0.7762291,0.925815,0.8654043,0.9344645738601683
hotel_0,2023-03-09,2023-02-10,0.8024691358024691,0.801516,0.8813693,0.88522345,0.9510550498962402
hotel_0,2023-03-10,2023-02-10,0.9876543209876544,0.8340436,0.9117037,0.94454455,0.9832286238670348
hotel_105,2023-02-11,2023-02-10,0.9685534591194968,0.8565071,0.9371773,0.92982733,0.9437108039855956
hotel_105,2023-02-12,2023-02-10,0.4654088050314465,0.70234483,0.8315361,0.60431427,0.5937947034835815
hotel_105,2023-02-13,2023-02-10,0.440251572327044,0.6787863,0.75877964,0.6467417,0.647071123123169
hotel_105,2023-02-14,2023-02-10,0.6163522012578616,0.71917737,0.74936086,0.7320391,0.7349266409873962
hotel_105,2023-02-15,2023-02-10,0.6729559748427673,0.73171306,0.7709579,0.72971237,0.7659112811088562
hotel_105,2023-02-16,2023-02-10,0.6792452830188679,0.76957273,0.7528699,0.7770618,0.7873537540435791
hotel_105,2023-02-17,2023-02-10,0.8616352201257862,0.8488846,0.8184965,0.9299233,0.9560892581939696
hotel_105,2023-02-18,2023-02-10,0.981132075471698,0.8420908,0.75959504,0.9753548,0.9668523073196412
hotel_105,2023-02-19,2023-02-10,0.9056603773584906,0.6859767,0.8096792,0.7074952,0.672203540802002
hotel_105,2023-02-20,2023-02-10,0.7547169811320755,0.6596664,0.7589662,0.7148967,0.702311635017395
hotel_105,2023-02-21,2023-02-10,0.8427672955974843,0.69173175,0.77351946,0.7664976,0.8142831921577454
hotel_105,2023-02-22,2023-02-10,0.9685534591194968,0.703737,0.7659423,0.7750454,0.8363043069839478
hotel_105,2023-02-23,2023-02-10,0.8301886792452831,0.74127984,0.73931295,0.8003838,0.8329929709434509
hotel_105,2023-02-24,2023-02-10,0.9245283018867924,0.82727957,0.7750397,0.92602086,0.9456378817558287
hotel_105,2023-02-25,2023-02-10,0.9056603773584906,0.82258767,0.79120386,0.950693,0.957257091999054
hotel_105,2023-02-26,2023-02-10,0.5974842767295597,0.67639726,0.758273,0.69584703,0.6852147579193115
hotel_105,2023-02-27,2023-02-10,0.6666666666666666,0.6593494,0.73270917,0.6919265,0.7066515684127808
hotel_105,2023-02-28,2023-02-10,0.660377358490566,0.69927806,0.71714383,0.76318586,0.8126134276390076
hotel_105,2023-03-01,2023-02-10,0.7672955974842768,0.70536375,0.76429397,0.75659144,0.8297753930091858
hotel_105,2023-03-02,2023-02-10,0.8427672955974843,0.7383398,0.75733477,0.75734663,0.801052987575531
hotel_105,2023-03-03,2023-02-10,0.8679245283018868,0.8250316,0.7727853,0.88151276,0.9236066937446594
hotel_105,2023-03-04,2023-02-10,0.7924528301886793,0.8267535,0.80901575,0.921167,0.9379913806915284
hotel_105,2023-03-05,2023-02-10,0.5283018867924528,0.6831703,0.81134844,0.6668879,0.6387958526611328
hotel_105,2023-03-06,2023-02-10,0.6540880503144654,0.6690811,0.74261403,0.66782904,0.6753761172294617
hotel_105,2023-03-07,2023-02-10,0.7295597484276729,0.71405554,0.75975287,0.7368051,0.7811885476112366
hotel_105,2023-03-08,2023-02-10,0.7358490566037735,0.73722273,0.7634841,0.7260231,0.8023734092712402
hotel_105,2023-03-09,2023-02-10,0.6729559748427673,0.7796157,0.7395061,0.76277447,0.7794224619865417
hotel_105,2023-03-10,2023-02-10,0.7924528301886793,0.8653807,0.813887,0.87790906,0.9112060070037842
hotel_112,2023-02-11,2023-02-10,0.75,0.91080624,0.927079,0.89061,0.9446769952774048
hotel_112,2023-02-12,2023-02-10,0.93125,0.89529914,0.9070166,0.8687991,0.9272441864013672
hotel_112,2023-02-13,2023-02-10,0.84375,0.8867325,0.8882833,0.8963592,0.9483820199966432
hotel_112,2023-02-14,2023-02-10,0.8875,0.8886126,0.90148914,0.9122191,0.9552758932113647
hotel_112,2023-02-15,2023-02-10,0.84375,0.8888111,0.94292575,0.9248681,0.9585540294647216
hotel_112,2023-02-16,2023-02-10,0.96875,0.89024943,0.9098291,0.9174751,0.9604027271270752
hotel_112,2023-02-17,2023-02-10,0.99375,0.8814998,0.93571395,0.8936342,0.9401636123657228
hotel_112,2023-02-18,2023-02-10,0.80625,0.86664164,0.9086646,0.8667126,0.9334871172904968
hotel_112,2023-02-19,2023-02-10,0.61875,0.8586841,0.88070923,0.85064447,0.9171464443206788
hotel_112,2023-02-20,2023-02-10,0.84375,0.86776197,0.93633854,0.8823694,0.9487326741218568
hotel_112,2023-02-21,2023-02-10,0.76875,0.8800818,0.90638113,0.8990827,0.962134599685669
hotel_112,2023-02-22,2023-02-10,0.65625,0.889123,0.8835307,0.915837,0.9662762880325316
hotel_112,2023-02-23,2023-02-10,0.6625,0.8898052,0.9021916,0.91119015,0.9650440216064452
hotel_112,2023-02-24,2023-02-10,0.86875,0.8831182,0.9080359,0.8939927,0.9367722272872924
hotel_112,2023-02-25,2023-02-10,0.93125,0.8736487,0.8678477,0.8697002,0.9340415596961976
hotel_112,2023-02-26,2023-02-10,0.84375,0.8821519,0.8939939,0.85963094,0.917750597000122
hotel_112,2023-02-27,2023-02-10,0.875,0.8968933,0.89959574,0.8912036,0.9389797449111938
hotel_112,2023-02-28,2023-02-10,0.9375,0.91384304,0.8978729,0.9065388,0.953075110912323
hotel_112,2023-03-01,2023-02-10,0.8875,0.9193664,0.91757065,0.9232712,0.9489238262176514
hotel_112,2023-03-02,2023-02-10,0.7625,0.916315,0.9070676,0.91976064,0.9381104707717896
hotel_112,2023-03-03,2023-02-10,0.81875,0.90421855,0.9428107,0.8999089,0.902600109577179
hotel_112,2023-03-04,2023-02-10,0.88125,0.8967018,0.8931794,0.87496966,0.9025631546974182
hotel_112,2023-03-05,2023-02-10,0.90625,0.89406055,0.8945431,0.8643044,0.8907177448272705
hotel_112,2023-03-06,2023-02-10,0.8875,0.8985422,0.9092647,0.8961359,0.9204420447349548
hotel_112,2023-03-07,2023-02-10,0.79375,0.9039304,0.9150221,0.9104388,0.936013638973236
hotel_112,2023-03-08,2023-02-10,0.975,0.90693754,0.9230225,0.92697793,0.9405527710914612
hotel_112,2023-03-09,2023-02-10,0.7875,0.8994112,0.9190702,0.9226017,0.9341623187065125
hotel_112,2023-03-10,2023-02-10,0.925,0.88917446,0.94592166,0.9024699,0.9077503085136414
hotel_126,2023-02-11,2023-02-10,0.9880478087649402,0.89676833,0.9339009,0.9554362,0.9736711382865906
hotel_126,2023-02-12,2023-02-10,0.7649402390438247,0.9067471,0.9558852,0.8960612,0.948853313922882
hotel_126,2023-02-13,2023-02-10,0.7250996015936255,0.9145072,0.9511964,0.8931874,0.9477060437202454
hotel_126,2023-02-14,2023-02-10,0.7290836653386454,0.9165806,0.94717956,0.9269798,0.9615511298179626
hotel_126,2023-02-15,2023-02-10,0.6374501992031872,0.9160058,0.95093477,0.9292027,0.9598219394683838
hotel_126,2023-02-16,2023-02-10,0.9920318725099602,0.9227824,0.9302033,0.9512361,0.9552820920944214
hotel_126,2023-02-17,2023-02-10,0.9760956175298804,0.9258101,0.9430837,0.98750234,0.9720779657363892
hotel_126,2023-02-18,2023-02-10,0.99601593625498,0.92234886,0.9397483,0.9976063,0.9791407585144044
hotel_126,2023-02-19,2023-02-10,1.0,0.9152417,0.93381673,0.9326558,0.8974381685256958
hotel_126,2023-02-20,2023-02-10,1.0,0.9113194,0.9283548,0.91710925,0.891745388507843
hotel_126,2023-02-21,2023-02-10,0.99601593625498,0.91230226,0.9478867,0.9307189,0.9144093990325928
hotel_126,2023-02-22,2023-02-10,0.9920318725099602,0.9151843,0.939986,0.9355366,0.9188353419303894
hotel_126,2023-02-23,2023-02-10,0.9920318725099602,0.9208862,0.9021152,0.95375574,0.9284921884536744
hotel_126,2023-02-24,2023-02-10,0.9681274900398408,0.92279345,0.91285527,0.9844388,0.9658449292182922
hotel_126,2023-02-25,2023-02-10,0.9920318725099602,0.92146,0.9187459,0.9840598,0.9760501980781556
hotel_126,2023-02-26,2023-02-10,0.7848605577689243,0.9125758,0.860605,0.92697453,0.8435938358306885
hotel_126,2023-02-27,2023-02-10,0.701195219123506,0.9080764,0.90459836,0.91412747,0.8525246977806091
hotel_126,2023-02-28,2023-02-10,0.6533864541832669,0.9119375,0.89562386,0.9205086,0.8832796216011047
hotel_126,2023-03-01,2023-02-10,0.7171314741035857,0.91528034,0.9364436,0.9137535,0.8454604744911194
hotel_126,2023-03-02,2023-02-10,0.9760956175298804,0.92193246,0.93449664,0.92795265,0.8570257425308228
hotel_126,2023-03-03,2023-02-10,0.9840637450199204,0.92664206,0.8761039,0.96381235,0.9479752779006958
hotel_126,2023-03-04,2023-02-10,1.00398406374502,0.9279316,0.88959485,0.96904826,0.9657055139541626
hotel_126,2023-03-05,2023-02-10,0.9920318725099602,0.9235106,0.92669034,0.9183128,0.8049436807632446
hotel_126,2023-03-06,2023-02-10,0.9721115537848606,0.9174301,0.92857105,0.9132092,0.8264360427856445
hotel_126,2023-03-07,2023-02-10,0.99601593625498,0.91982317,0.93954104,0.932865,0.8832789659500122
hotel_126,2023-03-08,2023-02-10,0.9760956175298804,0.92553574,0.92877036,0.9426788,0.8972755074501038
hotel_126,2023-03-09,2023-02-10,1.0,0.9352546,0.8990592,0.964823,0.9081950783729552
hotel_126,2023-03-10,2023-02-10,0.9920318725099602,0.9368865,0.9220344,0.9928236,0.9511920809745787
hotel_133,2023-02-11,2023-02-10,0.7540983606557377,0.6606224,0.6429214,0.7338497,0.6643273830413818
hotel_133,2023-02-12,2023-02-10,0.5573770491803278,0.6540915,0.6695687,0.6074569,0.604507565498352
hotel_133,2023-02-13,2023-02-10,0.5737704918032787,0.68192214,0.67546034,0.6523652,0.6329825520515442
hotel_133,2023-02-14,2023-02-10,0.7213114754098361,0.72014755,0.6721469,0.6954421,0.6430898904800415
hotel_133,2023-02-15,2023-02-10,0.7049180327868853,0.74895936,0.6963451,0.7204546,0.6649705767631531
hotel_133,2023-02-16,2023-02-10,0.6885245901639344,0.77709264,0.6809052,0.7435578,0.6858819723129272
hotel_133,2023-02-17,2023-02-10,0.9836065573770492,0.7743975,0.74041575,0.82015574,0.7668446898460388
hotel_133,2023-02-18,2023-02-10,0.9836065573770492,0.75391,0.71026576,0.86879957,0.8165814280509949
hotel_133,2023-02-19,2023-02-10,0.9672131147540984,0.7007837,0.6922754,0.70819455,0.633112370967865
hotel_133,2023-02-20,2023-02-10,0.4426229508196721,0.6942524,0.6952892,0.7181201,0.6737759709358215
hotel_133,2023-02-21,2023-02-10,0.360655737704918,0.71156406,0.69774073,0.7393688,0.7115110754966736
hotel_133,2023-02-22,2023-02-10,0.3934426229508196,0.724675,0.7077914,0.7411763,0.7154427170753479
hotel_133,2023-02-23,2023-02-10,0.5737704918032787,0.7442717,0.7013416,0.75225246,0.7302313446998596
hotel_133,2023-02-24,2023-02-10,0.7377049180327869,0.7525045,0.7056215,0.83699334,0.8336492776870728
hotel_133,2023-02-25,2023-02-10,0.7704918032786885,0.73935956,0.6778797,0.8635313,0.8870388865470886
hotel_133,2023-02-26,2023-02-10,0.5245901639344263,0.69748896,0.68126494,0.6806652,0.6952446103096008
hotel_133,2023-02-27,2023-02-10,0.8360655737704918,0.7007444,0.7278434,0.67845976,0.7394395470619202
hotel_133,2023-02-28,2023-02-10,0.6721311475409836,0.72355783,0.7206887,0.68361676,0.7517415285110474
hotel_133,2023-03-01,2023-02-10,0.6557377049180327,0.7340138,0.6748273,0.6883477,0.7029777765274048
hotel_133,2023-03-02,2023-02-10,0.6557377049180327,0.7524752,0.7239732,0.71244663,0.6933556199073792
hotel_133,2023-03-03,2023-02-10,0.819672131147541,0.75533783,0.7241725,0.80418134,0.7974610924720764
hotel_133,2023-03-04,2023-02-10,0.9344262295081968,0.7455958,0.74732053,0.83857137,0.8277934789657593
hotel_133,2023-03-05,2023-02-10,0.819672131147541,0.7065313,0.6899655,0.67479545,0.5920436978340149
hotel_133,2023-03-06,2023-02-10,0.819672131147541,0.70194185,0.7242868,0.68040895,0.6340112686157227
hotel_133,2023-03-07,2023-02-10,0.8032786885245902,0.7276159,0.70761335,0.7028762,0.6640920042991638
hotel_133,2023-03-08,2023-02-10,0.8360655737704918,0.7632519,0.6922773,0.72383827,0.6909461617469788
hotel_133,2023-03-09,2023-02-10,0.819672131147541,0.7999422,0.74676776,0.7584053,0.7060570120811462
hotel_133,2023-03-10,2023-02-10,0.8688524590163934,0.8125697,0.71908385,0.8484565,0.7924944162368774
hotel_14,2023-02-11,2023-02-10,0.7830188679245284,0.80760497,0.7439834,0.8244506,0.8267160058021545
hotel_14,2023-02-12,2023-02-10,0.4716981132075472,0.6632602,0.68912977,0.64440215,0.587867796421051
hotel_14,2023-02-13,2023-02-10,0.660377358490566,0.6989396,0.71197504,0.7382425,0.6957110166549683
hotel_14,2023-02-14,2023-02-10,0.8301886792452831,0.8209018,0.78635746,0.8132173,0.8063310384750366
hotel_14,2023-02-15,2023-02-10,0.9245283018867924,0.83027446,0.79078305,0.8344822,0.8263771533966064
hotel_14,2023-02-16,2023-02-10,0.9433962264150944,0.8199363,0.77942646,0.8179066,0.7840168476104736
hotel_14,2023-02-17,2023-02-10,0.9716981132075472,0.8179675,0.762541,0.83713984,0.8107338547706604
hotel_14,2023-02-18,2023-02-10,0.9433962264150944,0.8215543,0.74158514,0.86114943,0.8576010465621948
hotel_14,2023-02-19,2023-02-10,0.8962264150943396,0.6735139,0.69112414,0.6769227,0.6195244193077087
hotel_14,2023-02-20,2023-02-10,0.9339622641509434,0.70037085,0.72308636,0.76591396,0.7183405756950378
hotel_14,2023-02-21,2023-02-10,0.9339622641509434,0.8170469,0.7653649,0.8367219,0.8224273324012756
hotel_14,2023-02-22,2023-02-10,0.9905660377358492,0.8308814,0.7491481,0.8511586,0.8228470087051392
hotel_14,2023-02-23,2023-02-10,0.9056603773584906,0.81973517,0.7906073,0.8312732,0.7824857831001282
hotel_14,2023-02-24,2023-02-10,0.8962264150943396,0.81757784,0.7531778,0.85044837,0.805938184261322
hotel_14,2023-02-25,2023-02-10,0.8773584905660378,0.822057,0.750868,0.86503005,0.8580888509750366
hotel_14,2023-02-26,2023-02-10,0.6886792452830188,0.6764453,0.69607484,0.6762569,0.6056886911392212
hotel_14,2023-02-27,2023-02-10,0.7830188679245284,0.70486003,0.74189687,0.7616879,0.7100001573562622
hotel_14,2023-02-28,2023-02-10,0.7452830188679245,0.81612456,0.753278,0.83352005,0.8352081179618835
hotel_14,2023-03-01,2023-02-10,0.7830188679245284,0.8184853,0.75947636,0.84997857,0.8405503630638123
hotel_14,2023-03-02,2023-02-10,0.660377358490566,0.8082331,0.7446235,0.8289108,0.802011251449585
hotel_14,2023-03-03,2023-02-10,0.8490566037735849,0.8096577,0.7668756,0.8432696,0.8284220099449158
hotel_14,2023-03-04,2023-02-10,0.8584905660377359,0.81254596,0.75673646,0.86152065,0.8620226979255676
hotel_14,2023-03-05,2023-02-10,0.4528301886792453,0.6701678,0.7161422,0.6795621,0.6018551588058472
hotel_14,2023-03-06,2023-02-10,0.6509433962264151,0.708634,0.747793,0.7655586,0.7140260934829712
hotel_14,2023-03-07,2023-02-10,0.7547169811320755,0.82468814,0.76910573,0.836337,0.8360795974731445
hotel_14,2023-03-08,2023-02-10,0.7830188679245284,0.8302564,0.8145945,0.85314715,0.8405361771583557
hotel_14,2023-03-09,2023-02-10,0.7830188679245284,0.82077324,0.7583516,0.8329017,0.7972314953804016
hotel_14,2023-03-10,2023-02-10,0.8867924528301887,0.82547337,0.76347786,0.84785354,0.8204306364059448
hotel_21,2023-02-11,2023-02-10,0.9953703703703703,0.9849024,0.9871677,0.98245466,0.9895702600479126
hotel_21,2023-02-12,2023-02-10,0.9907407407407408,0.9804223,0.9859053,0.9676022,0.9822918176651
hotel_21,2023-02-13,2023-02-10,0.9953703703703703,0.98341507,0.986559,0.9732146,0.9863262176513672
hotel_21,2023-02-14,2023-02-10,0.9953703703703703,0.98846173,0.98694265,0.98632836,0.9926437139511108
hotel_21,2023-02-15,2023-02-10,0.9814814814814816,0.99200255,0.98362315,0.9907782,0.98986554145813
hotel_21,2023-02-16,2023-02-10,0.976851851851852,0.99147046,0.9849478,0.9880142,0.9883236289024352
hotel_21,2023-02-17,2023-02-10,0.9814814814814816,0.98510015,0.9829861,0.9827116,0.9856104850769044
hotel_21,2023-02-18,2023-02-10,0.9814814814814816,0.9760088,0.9842181,0.98083854,0.9881758093833924
hotel_21,2023-02-19,2023-02-10,0.9722222222222222,0.97235096,0.98531055,0.9692431,0.9824371337890624
hotel_21,2023-02-20,2023-02-10,0.9722222222222222,0.97591394,0.9799895,0.97578144,0.9842628836631776
hotel_21,2023-02-21,2023-02-10,0.9953703703703703,0.98206174,0.9848017,0.9868589,0.9906344413757324
hotel_21,2023-02-22,2023-02-10,0.9953703703703703,0.9842828,0.9860524,0.99148893,0.9887183904647828
hotel_21,2023-02-23,2023-02-10,0.9722222222222222,0.9842911,0.9859939,0.9899577,0.9873508810997008
hotel_21,2023-02-24,2023-02-10,1.0,0.979442,0.98412436,0.9837784,0.9848080277442932
hotel_21,2023-02-25,2023-02-10,0.9861111111111112,0.97287387,0.9859514,0.9823494,0.9870203733444214
hotel_21,2023-02-26,2023-02-10,0.9444444444444444,0.97038853,0.9824685,0.972913,0.9807010293006896
hotel_21,2023-02-27,2023-02-10,0.9907407407407408,0.9744701,0.9825105,0.9766181,0.9820355772972108
hotel_21,2023-02-28,2023-02-10,0.9953703703703703,0.98054653,0.98616326,0.98542964,0.9892202019691468
hotel_21,2023-03-01,2023-02-10,0.9907407407407408,0.9833577,0.9826399,0.9887521,0.9864349961280824
hotel_21,2023-03-02,2023-02-10,0.9814814814814816,0.9826162,0.9863242,0.98727995,0.9852075576782228
hotel_21,2023-03-03,2023-02-10,0.9953703703703703,0.97788966,0.98442817,0.9816474,0.9836177825927734
hotel_21,2023-03-04,2023-02-10,0.9861111111111112,0.9728993,0.98599786,0.9812232,0.9863380193710328
hotel_21,2023-03-05,2023-02-10,0.8842592592592593,0.9722718,0.9845652,0.9720314,0.9811713695526124
hotel_21,2023-03-06,2023-02-10,0.9907407407407408,0.97403455,0.9786447,0.97620773,0.9824358224868774
hotel_21,2023-03-07,2023-02-10,1.0,0.97933453,0.9851225,0.9862309,0.9892510771751404
hotel_21,2023-03-08,2023-02-10,0.9953703703703703,0.9835998,0.98512477,0.99092364,0.9868309497833252
hotel_21,2023-03-09,2023-02-10,1.0,0.9845286,0.98663914,0.98895216,0.9863663911819458
hotel_21,2023-03-10,2023-02-10,0.9907407407407408,0.9799471,0.98580176,0.98389065,0.9840523600578308
hotel_35,2023-02-11,2023-02-10,0.5703125,0.5350261,0.5264061,0.53442943,0.5244652032852173
hotel_35,2023-02-12,2023-02-10,0.48828125,0.52869487,0.5033019,0.51981425,0.5187458992004395
hotel_35,2023-02-13,2023-02-10,0.53515625,0.52872646,0.48246694,0.5162895,0.51686692237854
hotel_35,2023-02-14,2023-02-10,0.6015625,0.53187615,0.4929058,0.5150678,0.5216242671012878
hotel_35,2023-02-15,2023-02-10,0.638671875,0.5327976,0.50028807,0.50698686,0.524124264717102
hotel_35,2023-02-16,2023-02-10,0.63671875,0.5298987,0.48322004,0.5019838,0.517946720123291
hotel_35,2023-02-17,2023-02-10,0.693359375,0.5178261,0.4938615,0.50032485,0.513899028301239
hotel_35,2023-02-18,2023-02-10,0.673828125,0.5020056,0.49807346,0.5092486,0.50714111328125
hotel_35,2023-02-19,2023-02-10,0.638671875,0.49487495,0.47812313,0.49526417,0.4864888787269592
hotel_35,2023-02-20,2023-02-10,0.8046875,0.48992223,0.45750344,0.49229294,0.4761705696582794
hotel_35,2023-02-21,2023-02-10,0.84375,0.48405945,0.4534429,0.49460867,0.478499174118042
hotel_35,2023-02-22,2023-02-10,0.83984375,0.47355187,0.46265876,0.49134362,0.4734298586845398
hotel_35,2023-02-23,2023-02-10,0.869140625,0.46674657,0.44824314,0.48815972,0.4543814957141876
hotel_35,2023-02-24,2023-02-10,0.78515625,0.46594918,0.45875144,0.4914764,0.4463692009449005
hotel_35,2023-02-25,2023-02-10,0.712890625,0.4728459,0.43515903,0.49989593,0.4464609026908874
hotel_35,2023-02-26,2023-02-10,0.666015625,0.48204136,0.46303153,0.49039,0.4326577484607696
hotel_35,2023-02-27,2023-02-10,0.716796875,0.48273414,0.45816088,0.4907468,0.4171694815158844
hotel_35,2023-02-28,2023-02-10,0.810546875,0.48113728,0.45720708,0.49404877,0.4283462166786194
hotel_35,2023-03-01,2023-02-10,0.81640625,0.48301807,0.42894626,0.49136886,0.427944004535675
hotel_35,2023-03-02,2023-02-10,0.87109375,0.48748377,0.46779543,0.49013478,0.4189048707485199
hotel_35,2023-03-03,2023-02-10,0.796875,0.48966908,0.41847664,0.49025628,0.4250812530517578
hotel_35,2023-03-04,2023-02-10,0.740234375,0.49106544,0.42898768,0.49734014,0.4359757900238037
hotel_35,2023-03-05,2023-02-10,0.626953125,0.49373507,0.4151258,0.4876512,0.4321309626102447
hotel_35,2023-03-06,2023-02-10,0.64453125,0.48951215,0.3891303,0.48560697,0.432521641254425
hotel_35,2023-03-07,2023-02-10,0.677734375,0.48236066,0.38189086,0.4847919,0.4509371817111969
hotel_35,2023-03-08,2023-02-10,0.720703125,0.47583407,0.43554482,0.4820926,0.4506235420703888
hotel_35,2023-03-09,2023-02-10,0.671875,0.4734131,0.38197854,0.47750053,0.4364668130874634
hotel_35,2023-03-10,2023-02-10,0.595703125,0.4742522,0.41940397,0.47853148,0.437793105840683
hotel_42,2023-02-11,2023-02-10,0.6639676113360324,0.5164273,0.5825454,0.69943756,0.8486458659172058
hotel_42,2023-02-12,2023-02-10,0.4089068825910931,0.46838886,0.4870643,0.3308906,0.281233549118042
hotel_42,2023-02-13,2023-02-10,0.2469635627530364,0.47036996,0.45729327,0.37687376,0.4201919734477997
hotel_42,2023-02-14,2023-02-10,0.5344129554655871,0.521176,0.4598465,0.5315323,0.5564046502113342
hotel_42,2023-02-15,2023-02-10,0.4008097165991903,0.5478713,0.5082617,0.5825448,0.5181497931480408
hotel_42,2023-02-16,2023-02-10,0.3036437246963562,0.5820619,0.5371565,0.5847997,0.5544314980506897
hotel_42,2023-02-17,2023-02-10,0.4170040485829959,0.61728024,0.5987873,0.686188,0.6877709627151489
hotel_42,2023-02-18,2023-02-10,0.7651821862348178,0.62336135,0.6222831,0.8140544,0.8687971830368042
hotel_42,2023-02-19,2023-02-10,0.4534412955465587,0.5421858,0.54151225,0.50890267,0.4881982207298279
hotel_42,2023-02-20,2023-02-10,0.8704453441295547,0.5258374,0.5590278,0.5781856,0.6967334151268005
hotel_42,2023-02-21,2023-02-10,1.008097165991903,0.5799829,0.5218028,0.67748034,0.8223347663879395
hotel_42,2023-02-22,2023-02-10,0.9838056680161944,0.6245192,0.49338827,0.6750722,0.7991828918457031
hotel_42,2023-02-23,2023-02-10,0.6032388663967612,0.6665031,0.56028205,0.68510985,0.7969856262207031
hotel_42,2023-02-24,2023-02-10,0.3076923076923077,0.71010685,0.6174155,0.7947712,0.7753469944000244
hotel_42,2023-02-25,2023-02-10,0.4534412955465587,0.72371703,0.6379516,0.8897075,0.8800462484359741
hotel_42,2023-02-26,2023-02-10,0.4736842105263157,0.6530352,0.58136207,0.5763736,0.425740122795105
hotel_42,2023-02-27,2023-02-10,0.757085020242915,0.6394816,0.54494977,0.6177931,0.5381255149841309
hotel_42,2023-02-28,2023-02-10,0.9271255060728744,0.67675483,0.58714217,0.7264221,0.7191486358642578
hotel_42,2023-03-01,2023-02-10,0.9635627530364372,0.6938853,0.51440597,0.7577287,0.795113742351532
hotel_42,2023-03-02,2023-02-10,0.9271255060728744,0.71722066,0.5634073,0.76396716,0.8382501006126404
hotel_42,2023-03-03,2023-02-10,0.8502024291497976,0.7369591,0.61975026,0.8498808,0.8798004388809204
hotel_42,2023-03-04,2023-02-10,0.931174089068826,0.7337085,0.6121846,0.9174714,0.904486894607544
hotel_42,2023-03-05,2023-02-10,0.631578947368421,0.6512503,0.57098997,0.5804353,0.4749185144901275
hotel_42,2023-03-06,2023-02-10,0.4170040485829959,0.6291759,0.5962162,0.62268966,0.6017593741416931
hotel_42,2023-03-07,2023-02-10,1.0040485829959511,0.6584568,0.60169464,0.72581965,0.8751142621040344
hotel_42,2023-03-08,2023-02-10,1.008097165991903,0.6740885,0.54496324,0.7344003,0.9003245830535889
hotel_42,2023-03-09,2023-02-10,0.6437246963562753,0.69508874,0.5784706,0.7235037,0.9009109139442444
hotel_42,2023-03-10,2023-02-10,0.3360323886639676,0.7242674,0.67013735,0.82211727,0.8952851295471191
hotel_49,2023-02-11,2023-02-10,1.0087336244541485,0.9893545,0.98440146,0.9962628,0.99379962682724
hotel_49,2023-02-12,2023-02-10,0.8034934497816594,0.964759,0.98225254,0.9550141,0.963499903678894
hotel_49,2023-02-13,2023-02-10,0.8296943231441049,0.9526711,0.9800211,0.9544289,0.9577943086624146
hotel_49,2023-02-14,2023-02-10,0.8296943231441049,0.95931005,0.9803858,0.9655627,0.9818435311317444
hotel_49,2023-02-15,2023-02-10,0.8209606986899564,0.96916634,0.98094726,0.96543586,0.9783440828323364
hotel_49,2023-02-16,2023-02-10,0.8296943231441049,0.98378515,0.980272,0.9749493,0.9702326059341432
hotel_49,2023-02-17,2023-02-10,0.834061135371179,0.99484,0.9788605,1.0000886,0.9899069666862488
hotel_49,2023-02-18,2023-02-10,0.834061135371179,0.98986113,0.977428,1.0038176,0.9925843477249146
hotel_49,2023-02-19,2023-02-10,0.8296943231441049,0.9639508,0.9807683,0.9658347,0.9469903707504272
hotel_49,2023-02-20,2023-02-10,0.8253275109170306,0.95371515,0.9788938,0.9636009,0.9444717764854432
hotel_49,2023-02-21,2023-02-10,0.8296943231441049,0.9584677,0.97921175,0.9733622,0.9759533405303956
hotel_49,2023-02-22,2023-02-10,0.834061135371179,0.965081,0.9798703,0.97174037,0.9712072014808656
hotel_49,2023-02-23,2023-02-10,0.8296943231441049,0.9774079,0.98184335,0.9757251,0.963268220424652
hotel_49,2023-02-24,2023-02-10,0.8296943231441049,0.99135435,0.9782284,0.99605215,0.9889054894447328
hotel_49,2023-02-25,2023-02-10,0.8296943231441049,0.99067557,0.97676796,0.99919903,0.9917016625404358
hotel_49,2023-02-26,2023-02-10,0.8296943231441049,0.9656933,0.9800217,0.96371347,0.9401227235794068
hotel_49,2023-02-27,2023-02-10,0.834061135371179,0.9544762,0.973929,0.9624898,0.9315508008003236
hotel_49,2023-02-28,2023-02-10,0.8384279475982532,0.9634698,0.97871524,0.9730196,0.9674367308616638
hotel_49,2023-03-01,2023-02-10,0.834061135371179,0.9742194,0.9782971,0.9729048,0.9616437554359436
hotel_49,2023-03-02,2023-02-10,0.8296943231441049,0.98693115,0.9747496,0.97686946,0.9522321224212646
hotel_49,2023-03-03,2023-02-10,0.8384279475982532,0.99569845,0.9767977,0.9982018,0.9856916666030884
hotel_49,2023-03-04,2023-02-10,0.8384279475982532,0.9887482,0.9814486,1.0007764,0.9893152117729188
hotel_49,2023-03-05,2023-02-10,0.7816593886462883,0.9567146,0.9795645,0.96562266,0.904722273349762
hotel_49,2023-03-06,2023-02-10,0.8165938864628821,0.9409925,0.9765176,0.96398175,0.8828714489936829
hotel_49,2023-03-07,2023-02-10,0.8253275109170306,0.94716054,0.97657686,0.9718867,0.9237896203994752
hotel_49,2023-03-08,2023-02-10,0.8165938864628821,0.96106964,0.977371,0.9731046,0.9222981929779052
hotel_49,2023-03-09,2023-02-10,0.8034934497816594,0.97758704,0.9632372,0.9785172,0.9318926334381104
hotel_49,2023-03-10,2023-02-10,0.7816593886462883,0.99133986,0.97645885,0.9984117,0.9821469187736512
hotel_56,2023-02-11,2023-02-10,0.9916666666666668,0.95189387,0.99398196,0.9793781,0.9999205470085144
hotel_56,2023-02-12,2023-02-10,0.8416666666666667,0.95613176,0.995553,0.9607166,0.983848512172699
hotel_56,2023-02-13,2023-02-10,0.8166666666666667,0.95822155,0.9924121,0.9709527,0.9976549744606018
hotel_56,2023-02-14,2023-02-10,1.0,0.9648476,0.9961422,0.9890022,0.9996468424797058
hotel_56,2023-02-15,2023-02-10,1.0,0.97216797,0.9964057,0.99299437,0.9996926188468932
hotel_56,2023-02-16,2023-02-10,1.0,0.98127794,0.9956021,0.9924869,0.9996591806411744
hotel_56,2023-02-17,2023-02-10,1.0,0.980437,0.9942637,0.99603796,0.999788761138916
hotel_56,2023-02-18,2023-02-10,1.0,0.9711975,0.99278504,0.9985045,0.9999207258224488
hotel_56,2023-02-19,2023-02-10,1.0,0.9600224,0.9955172,0.97759116,0.9818173050880432
hotel_56,2023-02-20,2023-02-10,0.975,0.95563734,0.99604815,0.98100543,0.9907142519950868
hotel_56,2023-02-21,2023-02-10,1.0,0.957392,0.99627703,0.99103075,0.9968855381011964
hotel_56,2023-02-22,2023-02-10,1.0,0.9634891,0.9939579,0.996457,0.9982800483703612
hotel_56,2023-02-23,2023-02-10,1.0,0.9663742,0.9938537,0.99842876,0.9990085363388062
hotel_56,2023-02-24,2023-02-10,1.0,0.9656417,0.9923522,1.0005848,0.9998455047607422
hotel_56,2023-02-25,2023-02-10,1.0,0.9585487,0.9950894,0.998964,1.0000067949295044
hotel_56,2023-02-26,2023-02-10,0.85,0.9562817,0.99261105,0.9794335,0.919264316558838
hotel_56,2023-02-27,2023-02-10,1.0,0.9630599,0.99559754,0.98230016,0.948883056640625
hotel_56,2023-02-28,2023-02-10,1.0,0.9744325,0.9965779,0.9924748,0.9787515997886658
hotel_56,2023-03-01,2023-02-10,1.0,0.9740059,0.9965682,0.99706185,0.9760659337043762
hotel_56,2023-03-02,2023-02-10,1.0,0.9755395,0.99441075,0.9965548,0.9736011624336244
hotel_56,2023-03-03,2023-02-10,1.0,0.97781014,0.99565315,0.99978966,0.9994049668312072
hotel_56,2023-03-04,2023-02-10,0.9916666666666668,0.9747434,0.9958999,1.0009823,0.999974489212036
hotel_56,2023-03-05,2023-02-10,0.9166666666666666,0.9644918,0.9883222,0.9804449,0.7621824145317078
hotel_56,2023-03-06,2023-02-10,1.0,0.96441877,0.968224,0.9816395,0.8103291392326355
hotel_56,2023-03-07,2023-02-10,1.0,0.9726347,0.9952064,0.9925321,0.9151028990745544
hotel_56,2023-03-08,2023-02-10,1.0,0.9811453,0.99351525,0.9985345,0.9299737215042114
hotel_56,2023-03-09,2023-02-10,1.0,0.9811861,0.9921377,0.997484,0.943281888961792
hotel_56,2023-03-10,2023-02-10,1.0,0.9776197,0.99315244,0.99956244,0.997624933719635
hotel_63,2023-02-11,2023-02-10,0.6888888888888889,0.8866737,0.8714937,0.89791673,0.8677846789360046
hotel_63,2023-02-12,2023-02-10,0.3555555555555555,0.65934736,0.6835699,0.6183475,0.5640255212783813
hotel_63,2023-02-13,2023-02-10,0.5022222222222222,0.58375543,0.6627209,0.6058816,0.5785579085350037
hotel_63,2023-02-14,2023-02-10,0.6488888888888888,0.61377394,0.6942422,0.6257352,0.6371613144874573
hotel_63,2023-02-15,2023-02-10,0.96,0.66359895,0.69192815,0.633299,0.6550178527832031
hotel_63,2023-02-16,2023-02-10,0.9822222222222222,0.717705,0.698919,0.66748536,0.6701220273971558
hotel_63,2023-02-17,2023-02-10,0.8711111111111111,0.83150506,0.8838847,0.80730236,0.8508118987083435
hotel_63,2023-02-18,2023-02-10,1.008888888888889,0.88193786,0.8173114,0.86857694,0.8758344650268555
hotel_63,2023-02-19,2023-02-10,0.9955555555555556,0.65825415,0.6641623,0.5984117,0.6665352582931519
hotel_63,2023-02-20,2023-02-10,0.5555555555555556,0.5906383,0.6803244,0.5988677,0.6689125895500183
hotel_63,2023-02-21,2023-02-10,0.7333333333333333,0.6437202,0.7214838,0.642798,0.7091991305351257
hotel_63,2023-02-22,2023-02-10,0.7555555555555555,0.6988725,0.6360098,0.6482873,0.7154635787010193
hotel_63,2023-02-23,2023-02-10,0.7511111111111111,0.749046,0.7141988,0.6683507,0.7107983827590942
hotel_63,2023-02-24,2023-02-10,0.7422222222222222,0.8512324,0.8368167,0.8244993,0.8420705795288086
hotel_63,2023-02-25,2023-02-10,0.6711111111111111,0.88548064,0.77443933,0.887653,0.85657799243927
hotel_63,2023-02-26,2023-02-10,0.8933333333333333,0.6503725,0.68997747,0.6067659,0.6495863795280457
hotel_63,2023-02-27,2023-02-10,0.96,0.58654225,0.6598679,0.61022437,0.682473361492157
hotel_63,2023-02-28,2023-02-10,0.9288888888888888,0.6252522,0.7493641,0.6273216,0.742487370967865
hotel_63,2023-03-01,2023-02-10,0.6577777777777778,0.6657384,0.68421376,0.63715136,0.7069445848464966
hotel_63,2023-03-02,2023-02-10,0.4933333333333333,0.70787174,0.7272427,0.65871143,0.6773907542228699
hotel_63,2023-03-03,2023-02-10,0.6,0.8179155,0.8499586,0.81083995,0.7941536903381348
hotel_63,2023-03-04,2023-02-10,0.7066666666666667,0.8719576,0.81865066,0.88132715,0.8289581537246704
hotel_63,2023-03-05,2023-02-10,0.2933333333333333,0.657303,0.72818816,0.62007046,0.5880229473114014
hotel_63,2023-03-06,2023-02-10,0.3022222222222222,0.58794045,0.6794015,0.6222364,0.5639100670814514
hotel_63,2023-03-07,2023-02-10,0.92,0.628995,0.6897721,0.65101886,0.6444683074951172
hotel_63,2023-03-08,2023-02-10,0.8888888888888888,0.6853503,0.67975676,0.66004366,0.6821969151496887
hotel_63,2023-03-09,2023-02-10,0.8488888888888889,0.7291162,0.73473185,0.6808562,0.6857025623321533
hotel_63,2023-03-10,2023-02-10,1.0,0.8238001,0.8754137,0.8384321,0.8284262418746948
hotel_7,2023-02-11,2023-02-10,0.4397394136807817,0.5494934,0.57154423,0.50480455,0.498428612947464
hotel_7,2023-02-12,2023-02-10,0.4462540716612377,0.49558312,0.50626874,0.46174157,0.4516343474388122
hotel_7,2023-02-13,2023-02-10,0.4039087947882736,0.4209595,0.41092527,0.3763225,0.367051213979721
hotel_7,2023-02-14,2023-02-10,0.4348534201954397,0.45348412,0.428119,0.4289341,0.4177724421024322
hotel_7,2023-02-15,2023-02-10,0.5276872964169381,0.53746516,0.5323853,0.5190899,0.5033137798309326
hotel_7,2023-02-16,2023-02-10,0.5162866449511401,0.5672963,0.5616136,0.5245597,0.4940542578697204
hotel_7,2023-02-17,2023-02-10,0.6026058631921825,0.58266854,0.547176,0.5725995,0.5499632954597473
hotel_7,2023-02-18,2023-02-10,0.5602605863192183,0.5338627,0.5590719,0.5059801,0.4787576496601105
hotel_7,2023-02-19,2023-02-10,0.5928338762214984,0.46936828,0.48234624,0.47121072,0.4556977450847626
hotel_7,2023-02-20,2023-02-10,0.498371335504886,0.39554757,0.40756643,0.38364315,0.3777580559253692
hotel_7,2023-02-21,2023-02-10,0.5618892508143323,0.43471715,0.41094908,0.43128818,0.4257737696170807
hotel_7,2023-02-22,2023-02-10,0.6172638436482085,0.5248231,0.52954227,0.5191354,0.5120608806610107
hotel_7,2023-02-23,2023-02-10,0.5814332247557004,0.5530843,0.55557376,0.5239403,0.5082003474235535
hotel_7,2023-02-24,2023-02-10,0.6351791530944625,0.57257926,0.55503994,0.5717482,0.5587975978851318
hotel_7,2023-02-25,2023-02-10,0.5684039087947883,0.5245755,0.5480574,0.50337464,0.4741358757019043
hotel_7,2023-02-26,2023-02-10,0.6074918566775245,0.46134803,0.49514833,0.46795988,0.4525849223136902
hotel_7,2023-02-27,2023-02-10,0.4201954397394137,0.38495067,0.40205038,0.37961733,0.3843639492988586
hotel_7,2023-02-28,2023-02-10,0.4771986970684039,0.41140348,0.43925416,0.4239465,0.4215916097164154
hotel_7,2023-03-01,2023-02-10,0.6042345276872965,0.48792395,0.5339803,0.5101764,0.4975065290927887
hotel_7,2023-03-02,2023-02-10,0.5700325732899023,0.5209944,0.5438309,0.518487,0.5006359219551086
hotel_7,2023-03-03,2023-02-10,0.6123778501628665,0.55064327,0.55588764,0.5636955,0.561321496963501
hotel_7,2023-03-04,2023-02-10,0.5765472312703583,0.5174864,0.58061016,0.5007008,0.4724786281585693
hotel_7,2023-03-05,2023-02-10,0.5781758957654723,0.469709,0.51825,0.46674716,0.4373609125614166
hotel_7,2023-03-06,2023-02-10,0.4136807817589576,0.40881243,0.41506827,0.37870616,0.3632999062538147
hotel_7,2023-03-07,2023-02-10,0.496742671009772,0.45035815,0.44665635,0.4288286,0.4025227129459381
hotel_7,2023-03-08,2023-02-10,0.6237785016286646,0.5426801,0.5535887,0.51893705,0.4953988492488861
hotel_7,2023-03-09,2023-02-10,0.6058631921824105,0.57563066,0.549447,0.52661985,0.5035714507102966
hotel_7,2023-03-10,2023-02-10,0.6726384364820847,0.599504,0.5533161,0.5777274,0.5675077438354492
hotel_70,2023-02-11,2023-02-10,0.4385964912280701,0.41349947,0.3554064,0.43843845,0.411840945482254
hotel_70,2023-02-12,2023-02-10,0.25,0.28544447,0.3125938,0.3063656,0.2928221821784973
hotel_70,2023-02-13,2023-02-10,0.2412280701754386,0.24379513,0.30883053,0.28055048,0.3054312169551849
hotel_70,2023-02-14,2023-02-10,0.2982456140350877,0.27248517,0.28372082,0.29714358,0.3240506947040558
hotel_70,2023-02-15,2023-02-10,0.2894736842105263,0.3099451,0.32021517,0.33495724,0.3409319519996643
hotel_70,2023-02-16,2023-02-10,0.2982456140350877,0.34785533,0.3406497,0.3700924,0.3395602703094482
hotel_70,2023-02-17,2023-02-10,0.3991228070175439,0.41952825,0.38018173,0.45290607,0.4235764741897583
hotel_70,2023-02-18,2023-02-10,0.4342105263157895,0.41340286,0.35002562,0.47600445,0.4230717122554779
hotel_70,2023-02-19,2023-02-10,0.3640350877192982,0.2920494,0.33007944,0.3589133,0.264088362455368
hotel_70,2023-02-20,2023-02-10,0.425438596491228,0.26300365,0.30784863,0.3405035,0.2751566469669342
hotel_70,2023-02-21,2023-02-10,0.3903508771929824,0.27155572,0.29809374,0.35755917,0.2974717319011688
hotel_70,2023-02-22,2023-02-10,0.425438596491228,0.2818599,0.32775304,0.37998837,0.3249016106128692
hotel_70,2023-02-23,2023-02-10,0.425438596491228,0.32151213,0.368558,0.41031694,0.3457833230495453
hotel_70,2023-02-24,2023-02-10,0.425438596491228,0.40773997,0.39268982,0.49392432,0.4427900910377502
hotel_70,2023-02-25,2023-02-10,0.4298245614035088,0.4085813,0.36596602,0.51456565,0.4612433314323425
hotel_70,2023-02-26,2023-02-10,0.3508771929824561,0.30123258,0.36382198,0.39260727,0.2632177770137787
hotel_70,2023-02-27,2023-02-10,0.3728070175438596,0.29786655,0.34004623,0.36960852,0.2609187066555023
hotel_70,2023-02-28,2023-02-10,0.425438596491228,0.34886536,0.3598498,0.3794189,0.2844044864177704
hotel_70,2023-03-01,2023-02-10,0.4078947368421052,0.3843017,0.37928724,0.39829308,0.3288693726062774
hotel_70,2023-03-02,2023-02-10,0.3771929824561403,0.4120627,0.3821681,0.4273697,0.3642643392086029
hotel_70,2023-03-03,2023-02-10,0.4385964912280701,0.48048526,0.40179735,0.5087632,0.4719799160957336
hotel_70,2023-03-04,2023-02-10,0.4385964912280701,0.47619265,0.4049675,0.53357613,0.4898912608623504
hotel_70,2023-03-05,2023-02-10,0.293859649122807,0.3517932,0.4201653,0.41429013,0.2737197875976562
hotel_70,2023-03-06,2023-02-10,0.4385964912280701,0.32220677,0.34573925,0.39550298,0.2814153432846069
hotel_70,2023-03-07,2023-02-10,0.425438596491228,0.35503966,0.3357392,0.40191,0.316003143787384
hotel_70,2023-03-08,2023-02-10,0.3728070175438596,0.38304168,0.32844368,0.4210532,0.3519977629184723
hotel_70,2023-03-09,2023-02-10,0.3464912280701754,0.4194101,0.38346523,0.45485502,0.3890006840229034
hotel_70,2023-03-10,2023-02-10,0.3684210526315789,0.5167426,0.4294002,0.5348841,0.5130638480186462
hotel_84,2023-02-11,2023-02-10,0.9204152249134948,0.7404838,0.69906646,0.77031034,0.8717634677886963
hotel_84,2023-02-12,2023-02-10,0.2076124567474048,0.60868055,0.5895746,0.47408307,0.5087804794311523
hotel_84,2023-02-13,2023-02-10,0.356401384083045,0.5503859,0.57653666,0.4510042,0.4864657521247864
hotel_84,2023-02-14,2023-02-10,0.6643598615916955,0.53570724,0.55019796,0.5184302,0.5352591872215271
hotel_84,2023-02-15,2023-02-10,0.5432525951557093,0.55252564,0.55233884,0.51271534,0.4881576299667358
hotel_84,2023-02-16,2023-02-10,0.8131487889273357,0.5818372,0.5598549,0.5576017,0.4063408970832824
hotel_84,2023-02-17,2023-02-10,1.0,0.64988315,0.57637674,0.6922916,0.7123740911483765
hotel_84,2023-02-18,2023-02-10,1.041522491349481,0.6746365,0.54550505,0.7171254,0.7707223296165466
hotel_84,2023-02-19,2023-02-10,0.8339100346020761,0.55372876,0.49451762,0.42411512,0.2150811851024627
hotel_84,2023-02-20,2023-02-10,0.6332179930795848,0.4944067,0.5162043,0.38477218,0.1712553352117538
hotel_84,2023-02-21,2023-02-10,0.8096885813148789,0.4916026,0.5381801,0.42680794,0.1827038824558258
hotel_84,2023-02-22,2023-02-10,1.013840830449827,0.50817895,0.57067317,0.4350071,0.1728719621896743
hotel_84,2023-02-23,2023-02-10,1.0069204152249136,0.55156094,0.51976377,0.4642133,0.1648745834827423
hotel_84,2023-02-24,2023-02-10,1.0069204152249136,0.6286952,0.5351653,0.57319194,0.3663718998432159
hotel_84,2023-02-25,2023-02-10,0.6401384083044983,0.66825616,0.60489565,0.6111543,0.4062090814113617
hotel_84,2023-02-26,2023-02-10,0.1937716262975778,0.557055,0.5191471,0.34567055,0.1169593632221221
hotel_84,2023-02-27,2023-02-10,0.4221453287197231,0.5291262,0.50581485,0.35244316,0.1316708922386169
hotel_84,2023-02-28,2023-02-10,0.5640138408304498,0.52904916,0.53592193,0.44512105,0.1722503155469894
hotel_84,2023-03-01,2023-02-10,0.5017301038062284,0.5415795,0.5256324,0.4701745,0.2935369610786438
hotel_84,2023-03-02,2023-02-10,0.4878892733564013,0.57177097,0.5669487,0.5106107,0.3392937481403351
hotel_84,2023-03-03,2023-02-10,0.7889273356401384,0.66203773,0.5455069,0.6633026,0.7420175671577454
hotel_84,2023-03-04,2023-02-10,0.9100346020761244,0.70738566,0.5625818,0.7315469,0.85884690284729
hotel_84,2023-03-05,2023-02-10,0.5847750865051903,0.6039353,0.49668252,0.49444175,0.4524982869625091
hotel_84,2023-03-06,2023-02-10,0.8823529411764706,0.5623461,0.53896123,0.49360198,0.4535379111766815
hotel_84,2023-03-07,2023-02-10,0.8269896193771626,0.5755415,0.597405,0.5461163,0.5791264772415161
hotel_84,2023-03-08,2023-02-10,0.754325259515571,0.592288,0.54657245,0.5573032,0.5945855975151062
hotel_84,2023-03-09,2023-02-10,0.6920415224913494,0.6226093,0.5541064,0.62095803,0.557725191116333
hotel_84,2023-03-10,2023-02-10,0.944636678200692,0.6967683,0.5619434,0.7726067,0.833092212677002
hotel_91,2023-02-11,2023-02-10,0.6067415730337079,0.64782083,0.6840199,0.6570625,0.6312239766120911
hotel_91,2023-02-12,2023-02-10,0.4943820224719101,0.6057931,0.64754367,0.54545474,0.4909510910511017
hotel_91,2023-02-13,2023-02-10,0.6629213483146067,0.6709764,0.68144333,0.6947012,0.6248534321784973
hotel_91,2023-02-14,2023-02-10,0.7415730337078652,0.77363425,0.7065978,0.80278087,0.7590488195419312
hotel_91,2023-02-15,2023-02-10,0.8876404494382022,0.77278936,0.71571434,0.7914553,0.7612583041191101
hotel_91,2023-02-16,2023-02-10,0.7078651685393258,0.73885137,0.6774919,0.7108544,0.6703906655311584
hotel_91,2023-02-17,2023-02-10,0.9438202247191012,0.71119034,0.7161362,0.71382946,0.6946527361869812
hotel_91,2023-02-18,2023-02-10,1.0,0.68635255,0.6946219,0.6647746,0.7176445722579956
hotel_91,2023-02-19,2023-02-10,0.5955056179775281,0.62351775,0.69568485,0.51853305,0.4859020113945007
hotel_91,2023-02-20,2023-02-10,0.8089887640449438,0.6719437,0.72841567,0.6316306,0.6436074376106262
hotel_91,2023-02-21,2023-02-10,0.9325842696629212,0.7610337,0.7494753,0.71103454,0.8005553483963013
hotel_91,2023-02-22,2023-02-10,0.898876404494382,0.7667391,0.7195961,0.6876089,0.8231863379478455
hotel_91,2023-02-23,2023-02-10,0.9325842696629212,0.7364084,0.7386557,0.6333116,0.7718929052352905
hotel_91,2023-02-24,2023-02-10,0.898876404494382,0.72570753,0.77396303,0.68262565,0.8113536238670349
hotel_91,2023-02-25,2023-02-10,0.9550561797752808,0.70909244,0.7317228,0.6743672,0.825793445110321
hotel_91,2023-02-26,2023-02-10,0.550561797752809,0.6598104,0.7270422,0.5535827,0.5352968573570251
hotel_91,2023-02-27,2023-02-10,0.7191011235955056,0.72276807,0.76081467,0.68328816,0.6720616817474365
hotel_91,2023-02-28,2023-02-10,0.9325842696629212,0.8277036,0.7681728,0.79084986,0.8045988082885742
hotel_91,2023-03-01,2023-02-10,0.9213483146067416,0.8288178,0.70244694,0.8007302,0.8036617040634155
hotel_91,2023-03-02,2023-02-10,0.7752808988764045,0.80427897,0.73194957,0.7492198,0.7558895945549011
hotel_91,2023-03-03,2023-02-10,0.5842696629213483,0.787075,0.7887608,0.7593946,0.795348048210144
hotel_91,2023-03-04,2023-02-10,0.6404494382022472,0.758703,0.7785998,0.7268601,0.7986708879470825
hotel_91,2023-03-05,2023-02-10,0.4157303370786517,0.6950269,0.7576154,0.5882457,0.5389609932899475
hotel_91,2023-03-06,2023-02-10,0.6067415730337079,0.7522264,0.7013454,0.6923495,0.7716240882873535
hotel_91,2023-03-07,2023-02-10,0.5842696629213483,0.84507924,0.80979896,0.7991905,0.8840299844741821
hotel_91,2023-03-08,2023-02-10,0.6404494382022472,0.8471577,0.810657,0.8048228,0.8888037204742432
hotel_91,2023-03-09,2023-02-10,0.6179775280898876,0.8141198,0.7351296,0.76755756,0.841174840927124
hotel_91,2023-03-10,2023-02-10,0.651685393258427,0.795868,0.7323797,0.7946463,0.8612204790115356
hotel_98,2023-02-11,2023-02-10,0.2661290322580645,0.23829153,0.20790786,0.2399821,0.2202066481113433
hotel_98,2023-02-12,2023-02-10,0.1129032258064516,0.14503449,0.12953845,0.1144425,0.130658209323883
hotel_98,2023-02-13,2023-02-10,0.2258064516129032,0.104860514,0.13498196,0.11251812,0.1310143619775772
hotel_98,2023-02-14,2023-02-10,0.3790322580645161,0.11010024,0.11555636,0.10935047,0.1289885342121124
hotel_98,2023-02-15,2023-02-10,0.2661290322580645,0.112241976,0.12699169,0.10476075,0.1271913647651672
hotel_98,2023-02-16,2023-02-10,0.4596774193548387,0.14576958,0.13237233,0.11521487,0.1317982524633407
hotel_98,2023-02-17,2023-02-10,0.5564516129032258,0.23280273,0.20564198,0.20942622,0.1851117759943008
hotel_98,2023-02-18,2023-02-10,0.5403225806451613,0.25247934,0.2190957,0.26156947,0.2283878773450851
hotel_98,2023-02-19,2023-02-10,0.3548387096774194,0.15826783,0.15569617,0.1196776,0.1334948390722274
hotel_98,2023-02-20,2023-02-10,0.2903225806451613,0.11882414,0.12527135,0.11351515,0.134806290268898
hotel_98,2023-02-21,2023-02-10,0.4274193548387097,0.117732964,0.14827292,0.114239484,0.129749983549118
hotel_98,2023-02-22,2023-02-10,0.4596774193548387,0.11216741,0.123338155,0.10944827,0.1290933042764663
hotel_98,2023-02-23,2023-02-10,0.4596774193548387,0.14829607,0.12835762,0.12460399,0.1381344199180603
hotel_98,2023-02-24,2023-02-10,0.5887096774193549,0.23966815,0.23565647,0.21658102,0.1992550492286682
hotel_98,2023-02-25,2023-02-10,0.5725806451612904,0.25384304,0.22022271,0.267304,0.247180625796318
hotel_98,2023-02-26,2023-02-10,0.4435483870967742,0.15224645,0.13093479,0.12623766,0.1376124173402786
hotel_98,2023-02-27,2023-02-10,0.2741935483870967,0.11559788,0.13606438,0.11100273,0.1324163377285003
hotel_98,2023-02-28,2023-02-10,0.2419354838709677,0.12508038,0.12768638,0.11036138,0.1238311454653739
hotel_98,2023-03-01,2023-02-10,0.2983870967741935,0.11671216,0.11849621,0.10548953,0.1303438395261764
hotel_98,2023-03-02,2023-02-10,0.4112903225806452,0.13944201,0.13551581,0.118312955,0.1412393897771835
hotel_98,2023-03-03,2023-02-10,0.6532258064516129,0.22800082,0.20577243,0.21233411,0.2161691635847091
hotel_98,2023-03-04,2023-02-10,0.6129032258064516,0.24316402,0.20925064,0.26447728,0.2574553191661834
hotel_98,2023-03-05,2023-02-10,0.1774193548387097,0.14133152,0.13865165,0.12080203,0.142816960811615
hotel_98,2023-03-06,2023-02-10,0.1693548387096774,0.10587423,0.113353856,0.110472485,0.1418374925851822
hotel_98,2023-03-07,2023-02-10,0.2177419354838709,0.114286594,0.10891221,0.11021207,0.1415592283010482
hotel_98,2023-03-08,2023-02-10,0.2016129032258064,0.10411576,0.104069434,0.102529585,0.1455864757299423
hotel_98,2023-03-09,2023-02-10,0.2338709677419354,0.12918657,0.11774675,0.11678536,0.1561214327812194
hotel_98,2023-03-10,2023-02-10,0.4516129032258064,0.22717153,0.19350806,0.20927516,0.2430235296487808
hotel_0,2023-03-11,2023-03-10,0.9876543209876544,0.9603689,0.9727279,0.9937017,0.9859786033630372
hotel_0,2023-03-12,2023-03-10,0.8518518518518519,0.93250287,0.9682705,0.8814304,0.947170078754425
hotel_0,2023-03-13,2023-03-10,0.9629629629629628,0.9141888,0.9668759,0.8904836,0.9336482882499696
hotel_0,2023-03-14,2023-03-10,0.9382716049382716,0.9096535,0.9717241,0.908991,0.936150848865509
hotel_0,2023-03-15,2023-03-10,0.9876543209876544,0.91086876,0.9149195,0.9195366,0.9429932832717896
hotel_0,2023-03-16,2023-03-10,0.9876543209876544,0.9263858,0.9351829,0.9359714,0.9555026888847352
hotel_0,2023-03-17,2023-03-10,0.9876543209876544,0.9358287,0.9517925,0.99344397,0.9853821396827698
hotel_0,2023-03-18,2023-03-10,0.8765432098765432,0.91687775,0.9546138,1.0099245,0.985601007938385
hotel_0,2023-03-19,2023-03-10,0.3333333333333333,0.8718789,0.91971314,0.90175724,0.9230841994285583
hotel_0,2023-03-20,2023-03-10,0.7407407407407407,0.85492676,0.9592434,0.9067757,0.9303911328315736
hotel_0,2023-03-21,2023-03-10,0.8395061728395061,0.8623874,0.9588443,0.9242791,0.957979142665863
hotel_0,2023-03-22,2023-03-10,0.8888888888888888,0.8849969,0.96431446,0.92903304,0.961046814918518
hotel_0,2023-03-23,2023-03-10,0.8641975308641975,0.9174297,0.9710504,0.9396657,0.9625715613365172
hotel_0,2023-03-24,2023-03-10,0.9629629629629628,0.93013185,0.9694661,0.9959241,0.9846704006195068
hotel_0,2023-03-25,2023-03-10,1.0,0.9174468,0.9728184,1.0122198,0.9851047396659852
hotel_0,2023-03-26,2023-03-10,0.7407407407407407,0.87408936,0.9629806,0.9048444,0.9324084520339966
hotel_0,2023-03-27,2023-03-10,0.6666666666666666,0.84895355,0.9508437,0.9109622,0.9288198947906494
hotel_0,2023-03-28,2023-03-10,0.7777777777777778,0.8433885,0.9626899,0.93287754,0.941506326198578
hotel_0,2023-03-29,2023-03-10,0.7777777777777778,0.85489756,0.9661895,0.93826604,0.9510011076927184
hotel_0,2023-03-30,2023-03-10,0.9135802469135802,0.88886327,0.961428,0.94292843,0.957702934741974
hotel_0,2023-03-31,2023-03-10,0.9876543209876544,0.9195304,0.9590933,0.99456394,0.9841713905334472
hotel_0,2023-04-01,2023-03-10,0.9876543209876544,0.91601884,0.91391027,1.011725,0.98488050699234
hotel_0,2023-04-02,2023-03-10,0.9753086419753086,0.874106,0.9677347,0.90320504,0.9268721342086792
hotel_0,2023-04-03,2023-03-10,0.9876543209876544,0.8631952,0.9596501,0.8998606,0.9128492474555968
hotel_0,2023-04-04,2023-03-10,0.9876543209876544,0.8811529,0.96047217,0.9216585,0.931447982788086
hotel_0,2023-04-05,2023-03-10,0.9876543209876544,0.90936285,0.96121216,0.9231734,0.926519215106964
hotel_0,2023-04-06,2023-03-10,0.9876543209876544,0.9373778,0.96631885,0.93412197,0.939651370048523
hotel_0,2023-04-07,2023-03-10,0.9629629629629628,0.94780576,0.968902,0.99524474,0.9842975735664368
hotel_105,2023-03-11,2023-03-10,0.9245283018867924,0.8170246,0.82757336,0.84454346,0.799206018447876
hotel_105,2023-03-12,2023-03-10,0.8930817610062893,0.69758284,0.7639176,0.63912237,0.5758489966392517
hotel_105,2023-03-13,2023-03-10,0.9245283018867924,0.68345886,0.7677083,0.6554789,0.6120172142982483
hotel_105,2023-03-14,2023-03-10,0.9559748427672956,0.72675633,0.7799924,0.73840594,0.716752290725708
hotel_105,2023-03-15,2023-03-10,0.9937106918238994,0.7607906,0.7990899,0.7692591,0.7406321167945862
hotel_105,2023-03-16,2023-03-10,0.981132075471698,0.78034556,0.79188234,0.78378284,0.7160596251487732
hotel_105,2023-03-17,2023-03-10,0.8301886792452831,0.8208497,0.80218196,0.88675535,0.8324133157730103
hotel_105,2023-03-18,2023-03-10,0.7735849056603774,0.8295739,0.8072718,0.91415536,0.8712156414985657
hotel_105,2023-03-19,2023-03-10,0.6226415094339622,0.70816636,0.74807256,0.7235067,0.6103455424308777
hotel_105,2023-03-20,2023-03-10,0.5786163522012578,0.69121504,0.7634989,0.719759,0.6370216012001038
hotel_105,2023-03-21,2023-03-10,0.660377358490566,0.7343236,0.800454,0.7654443,0.7608371376991272
hotel_105,2023-03-22,2023-03-10,0.6918238993710691,0.7719239,0.8053789,0.7847643,0.8028748631477356
hotel_105,2023-03-23,2023-03-10,0.7169811320754716,0.7969655,0.80027026,0.7928424,0.7852338552474976
hotel_105,2023-03-24,2023-03-10,0.8176100628930818,0.8439952,0.835356,0.8794508,0.8811271786689758
hotel_105,2023-03-25,2023-03-10,0.8301886792452831,0.85040265,0.8089143,0.8881463,0.904765009880066
hotel_105,2023-03-26,2023-03-10,0.559748427672956,0.72570974,0.7651082,0.69912946,0.6361819505691528
hotel_105,2023-03-27,2023-03-10,0.7735849056603774,0.71405905,0.79951507,0.69568634,0.6542798280715942
hotel_105,2023-03-28,2023-03-10,0.8679245283018868,0.7535865,0.784214,0.7380947,0.7562811374664307
hotel_105,2023-03-29,2023-03-10,0.8176100628930818,0.77917635,0.78665143,0.7643012,0.7911697030067444
hotel_105,2023-03-30,2023-03-10,0.6415094339622641,0.800219,0.836077,0.77125466,0.7733789086341858
hotel_105,2023-03-31,2023-03-10,0.7987421383647799,0.8529496,0.79874974,0.85654414,0.8591024279594421
hotel_105,2023-04-01,2023-03-10,0.8301886792452831,0.8644084,0.87995374,0.86898077,0.8804360032081604
hotel_105,2023-04-02,2023-03-10,0.5723270440251572,0.74306285,0.8680971,0.67880094,0.6139460802078247
hotel_105,2023-04-03,2023-03-10,0.7735849056603774,0.72869825,0.7876576,0.6746228,0.6266087293624878
hotel_105,2023-04-04,2023-03-10,0.7924528301886793,0.7700533,0.8169962,0.71953654,0.7281152009963989
hotel_105,2023-04-05,2023-03-10,0.8805031446540881,0.80157536,0.8022989,0.73455405,0.7470805644989014
hotel_105,2023-04-06,2023-03-10,0.6352201257861635,0.8200118,0.85154706,0.75603235,0.7266992926597595
hotel_105,2023-04-07,2023-03-10,0.9685534591194968,0.8641378,0.8562702,0.8428986,0.8231194615364075
hotel_112,2023-03-11,2023-03-10,0.95,0.885278,0.9139292,0.87615156,0.8851925134658813
hotel_112,2023-03-12,2023-03-10,0.9875,0.8895133,0.9070541,0.8663744,0.8795527815818787
hotel_112,2023-03-13,2023-03-10,0.96875,0.88811827,0.9009451,0.8920276,0.8888370990753174
hotel_112,2023-03-14,2023-03-10,1.01875,0.8818832,0.8613648,0.904181,0.9000888466835022
hotel_112,2023-03-15,2023-03-10,1.0,0.87152314,0.8796852,0.9171212,0.9033061861991882
hotel_112,2023-03-16,2023-03-10,0.975,0.870275,0.87041795,0.9100938,0.8882160782814026
hotel_112,2023-03-17,2023-03-10,0.975,0.8673514,0.8886263,0.8967539,0.8854259252548218
hotel_112,2023-03-18,2023-03-10,0.91875,0.86539936,0.89192563,0.8774656,0.8835152387619019
hotel_112,2023-03-19,2023-03-10,0.99375,0.8698125,0.8996209,0.86639214,0.8738845586776733
hotel_112,2023-03-20,2023-03-10,0.89375,0.8845152,0.8936182,0.8941543,0.8832951784133911
hotel_112,2023-03-21,2023-03-10,0.94375,0.8946327,0.8978261,0.90514696,0.8971195220947266
hotel_112,2023-03-22,2023-03-10,0.8125,0.9070093,0.87439805,0.91901004,0.8927057385444641
hotel_112,2023-03-23,2023-03-10,0.80625,0.9137105,0.85964125,0.9127686,0.88900226354599
hotel_112,2023-03-24,2023-03-10,0.99375,0.91741484,0.880457,0.9011266,0.877804696559906
hotel_112,2023-03-25,2023-03-10,0.81875,0.9168797,0.85443294,0.8831763,0.8802878856658936
hotel_112,2023-03-26,2023-03-10,0.9875,0.91801715,0.85807896,0.87496805,0.8699737787246704
hotel_112,2023-03-27,2023-03-10,0.89375,0.9148374,0.8886404,0.9008895,0.891635000705719
hotel_112,2023-03-28,2023-03-10,0.9,0.9160221,0.8985688,0.91305923,0.9025759696960448
hotel_112,2023-03-29,2023-03-10,0.99375,0.9119597,0.88973415,0.925825,0.9065438508987428
hotel_112,2023-03-30,2023-03-10,0.9625,0.90519077,0.8826199,0.9211457,0.8986988067626953
hotel_112,2023-03-31,2023-03-10,0.75625,0.8964136,0.88061446,0.9071946,0.885113000869751
hotel_112,2023-04-01,2023-03-10,0.825,0.8963661,0.89988315,0.8872802,0.8778691291809082
hotel_112,2023-04-02,2023-03-10,0.74375,0.8920554,0.8981846,0.8788202,0.8649709224700928
hotel_112,2023-04-03,2023-03-10,0.81875,0.8902915,0.8857431,0.9042059,0.8875426054000854
hotel_112,2023-04-04,2023-03-10,0.75625,0.8895455,0.9241275,0.91588926,0.8962362408638
hotel_112,2023-04-05,2023-03-10,0.75625,0.8968129,0.89479303,0.9325527,0.9068798422813416
hotel_112,2023-04-06,2023-03-10,0.675,0.89376926,0.88696927,0.92386746,0.8954662084579468
hotel_112,2023-04-07,2023-03-10,0.65625,0.88524896,0.8913329,0.9099628,0.8904633522033691
hotel_126,2023-03-11,2023-03-10,0.99601593625498,0.985044,0.99056995,1.0064403,0.9947611093521118
hotel_126,2023-03-12,2023-03-10,0.9920318725099602,0.98408496,0.9869147,0.971486,0.9905633926391602
hotel_126,2023-03-13,2023-03-10,0.9800796812749004,0.9837011,0.9882159,0.964816,0.9877012968063354
hotel_126,2023-03-14,2023-03-10,1.00398406374502,0.9822568,0.9889081,0.9696418,0.9862605333328248
hotel_126,2023-03-15,2023-03-10,1.00398406374502,0.98393434,0.9869141,0.9738455,0.984001874923706
hotel_126,2023-03-16,2023-03-10,0.99601593625498,0.98494685,0.9870356,0.9885416,0.9877641797065736
hotel_126,2023-03-17,2023-03-10,1.0,0.9834676,0.98338556,1.0067568,0.9910881519317628
hotel_126,2023-03-18,2023-03-10,0.99601593625498,0.97915035,0.9805506,1.0112793,0.992642343044281
hotel_126,2023-03-19,2023-03-10,0.99601593625498,0.97210985,0.984792,0.97357154,0.963808298110962
hotel_126,2023-03-20,2023-03-10,0.99601593625498,0.96313775,0.97841525,0.96302056,0.9621041417121888
hotel_126,2023-03-21,2023-03-10,0.9601593625498008,0.9592187,0.9798777,0.9685874,0.973766028881073
hotel_126,2023-03-22,2023-03-10,0.9840637450199204,0.95542485,0.98253983,0.9779968,0.9795148968696594
hotel_126,2023-03-23,2023-03-10,0.9920318725099602,0.95698696,0.9804558,0.98672414,0.9851335287094116
hotel_126,2023-03-24,2023-03-10,0.99601593625498,0.95828354,0.98225045,1.0072376,0.9897581934928894
hotel_126,2023-03-25,2023-03-10,0.99601593625498,0.9620662,0.977238,1.0078216,0.9921401739120485
hotel_126,2023-03-26,2023-03-10,0.99601593625498,0.9602914,0.9793552,0.97265935,0.9672393202781676
hotel_126,2023-03-27,2023-03-10,0.9880478087649402,0.9598321,0.98089296,0.9651127,0.9682797789573668
hotel_126,2023-03-28,2023-03-10,1.0,0.96091604,0.9739742,0.9690769,0.972300112247467
hotel_126,2023-03-29,2023-03-10,1.0,0.96566343,0.97839147,0.9783442,0.9731178283691406
hotel_126,2023-03-30,2023-03-10,0.9641434262948207,0.9705556,0.9813043,0.9879761,0.9812938570976256
hotel_126,2023-03-31,2023-03-10,1.0,0.9719243,0.97880185,1.0041008,0.988880693912506
hotel_126,2023-04-01,2023-03-10,0.99601593625498,0.9718813,0.97709215,1.0062922,0.9907605051994324
hotel_126,2023-04-02,2023-03-10,1.0,0.97090286,0.96991336,0.97098184,0.9702032804489136
hotel_126,2023-04-03,2023-03-10,0.9920318725099602,0.96417016,0.9752575,0.96067643,0.9673694968223572
hotel_126,2023-04-04,2023-03-10,1.0,0.96199226,0.9792162,0.964674,0.9736472368240356
hotel_126,2023-04-05,2023-03-10,0.9840637450199204,0.9647153,0.9711169,0.971452,0.9772170782089232
hotel_126,2023-04-06,2023-03-10,1.0,0.9731295,0.9801892,0.9858235,0.9815642237663268
hotel_126,2023-04-07,2023-03-10,0.9920318725099602,0.9758756,0.9785995,1.0046791,0.9888014793395996
hotel_133,2023-03-11,2023-03-10,1.0,0.9056901,0.85520834,0.9287838,0.931492269039154
hotel_133,2023-03-12,2023-03-10,0.8360655737704918,0.8031725,0.8368154,0.7811357,0.8188708424568176
hotel_133,2023-03-13,2023-03-10,0.9836065573770492,0.79176754,0.7687718,0.7855001,0.8365381956100464
hotel_133,2023-03-14,2023-03-10,0.9672131147540984,0.784925,0.7842303,0.8102484,0.8301937580108643
hotel_133,2023-03-15,2023-03-10,0.9344262295081968,0.7739351,0.7846681,0.82572156,0.8290438055992126
hotel_133,2023-03-16,2023-03-10,1.0,0.801709,0.7879096,0.8442548,0.835613489151001
hotel_133,2023-03-17,2023-03-10,0.9672131147540984,0.8551995,0.81383,0.92158556,0.9167194962501526
hotel_133,2023-03-18,2023-03-10,0.9344262295081968,0.8517736,0.8277292,0.95203024,0.947982370853424
hotel_133,2023-03-19,2023-03-10,0.8032786885245902,0.7435857,0.8298711,0.8088104,0.7926961779594421
hotel_133,2023-03-20,2023-03-10,0.7704918032786885,0.74795485,0.7588692,0.8069213,0.8031708598136902
hotel_133,2023-03-21,2023-03-10,0.819672131147541,0.7585798,0.80079675,0.8208031,0.8060210347175598
hotel_133,2023-03-22,2023-03-10,0.8852459016393442,0.7621927,0.7662305,0.82787967,0.8180732131004333
hotel_133,2023-03-23,2023-03-10,0.9508196721311476,0.8002255,0.7615738,0.8458459,0.8316445350646973
hotel_133,2023-03-24,2023-03-10,0.9672131147540984,0.86287445,0.8050707,0.9223533,0.9461851716041564
hotel_133,2023-03-25,2023-03-10,0.9836065573770492,0.8649778,0.7854878,0.9490137,0.9616888165473938
hotel_133,2023-03-26,2023-03-10,0.8032786885245902,0.7586194,0.77246636,0.8014437,0.7483547925949097
hotel_133,2023-03-27,2023-03-10,0.819672131147541,0.75530636,0.75769734,0.79591525,0.712260365486145
hotel_133,2023-03-28,2023-03-10,0.9672131147540984,0.76239705,0.771328,0.8077845,0.6918225288391113
hotel_133,2023-03-29,2023-03-10,0.9508196721311476,0.76631314,0.7806406,0.81500703,0.6901782751083374
hotel_133,2023-03-30,2023-03-10,0.9836065573770492,0.8041303,0.7583118,0.8277216,0.7178070545196533
hotel_133,2023-03-31,2023-03-10,0.9672131147540984,0.87151843,0.75416505,0.9146007,0.9267842173576356
hotel_133,2023-04-01,2023-03-10,1.0,0.88984305,0.79336905,0.95021284,0.9526169896125792
hotel_133,2023-04-02,2023-03-10,0.918032786885246,0.79894215,0.7686032,0.80175763,0.6969653964042664
hotel_133,2023-04-03,2023-03-10,1.0,0.807509,0.78981096,0.7964688,0.7192977666854858
hotel_133,2023-04-04,2023-03-10,1.0,0.82180995,0.7843222,0.8163831,0.7497205138206482
hotel_133,2023-04-05,2023-03-10,1.0163934426229508,0.82517916,0.8033086,0.8234178,0.768526017665863
hotel_133,2023-04-06,2023-03-10,0.9836065573770492,0.85091805,0.76503664,0.8487089,0.7926961183547974
hotel_133,2023-04-07,2023-03-10,1.0,0.9007775,0.8418776,0.9302365,0.925983726978302
hotel_14,2023-03-11,2023-03-10,0.8584905660377359,0.8627837,0.8397926,0.8686391,0.8807491064071655
hotel_14,2023-03-12,2023-03-10,0.7169811320754716,0.69351137,0.7593576,0.67424935,0.6021533608436584
hotel_14,2023-03-13,2023-03-10,0.7547169811320755,0.76154447,0.7687362,0.751934,0.7723528742790222
hotel_14,2023-03-14,2023-03-10,0.7641509433962265,0.8257949,0.8017825,0.83368874,0.8568437099456787
hotel_14,2023-03-15,2023-03-10,0.8018867924528302,0.85305184,0.8320602,0.8585138,0.8608362078666687
hotel_14,2023-03-16,2023-03-10,0.8113207547169812,0.8370042,0.82948244,0.8222343,0.8218252658843994
hotel_14,2023-03-17,2023-03-10,0.8867924528301887,0.86030376,0.8368425,0.85977656,0.8581284880638123
hotel_14,2023-03-18,2023-03-10,0.8867924528301887,0.84539807,0.81693834,0.8613957,0.8828343152999878
hotel_14,2023-03-19,2023-03-10,0.5377358490566038,0.6778059,0.7410104,0.6621303,0.6148145198822021
hotel_14,2023-03-20,2023-03-10,0.5,0.75676274,0.7594285,0.742274,0.7345132827758789
hotel_14,2023-03-21,2023-03-10,0.7264150943396226,0.83219254,0.7727022,0.8241003,0.834213376045227
hotel_14,2023-03-22,2023-03-10,0.6792452830188679,0.8474121,0.8273495,0.8423016,0.8493494391441345
hotel_14,2023-03-23,2023-03-10,0.6981132075471698,0.8199147,0.79965293,0.81240505,0.814896821975708
hotel_14,2023-03-24,2023-03-10,0.8113207547169812,0.8380792,0.82198316,0.8464239,0.8436791300773621
hotel_14,2023-03-25,2023-03-10,0.8113207547169812,0.8188303,0.7876066,0.8465375,0.8765867352485657
hotel_14,2023-03-26,2023-03-10,0.490566037735849,0.6442763,0.7541111,0.64435303,0.5751965641975403
hotel_14,2023-03-27,2023-03-10,0.5283018867924528,0.7251938,0.76192784,0.72251695,0.7211782336235046
hotel_14,2023-03-28,2023-03-10,0.7830188679245284,0.7932297,0.7596541,0.81530786,0.8096513748168945
hotel_14,2023-03-29,2023-03-10,0.7547169811320755,0.8149473,0.75896955,0.83656263,0.8160726428031921
hotel_14,2023-03-30,2023-03-10,0.5566037735849056,0.8006322,0.7639297,0.7954732,0.7677711844444275
hotel_14,2023-03-31,2023-03-10,0.7075471698113207,0.83071285,0.74796546,0.8235652,0.8081113696098328
hotel_14,2023-04-01,2023-03-10,0.8867924528301887,0.82485926,0.7751603,0.84111,0.8476142287254333
hotel_14,2023-04-02,2023-03-10,0.6037735849056604,0.66739184,0.71081966,0.64873934,0.5562509894371033
hotel_14,2023-04-03,2023-03-10,0.6792452830188679,0.75456357,0.7670257,0.7373583,0.7053489089012146
hotel_14,2023-04-04,2023-03-10,0.7830188679245284,0.82318044,0.77991396,0.82237995,0.8268734216690063
hotel_14,2023-04-05,2023-03-10,0.8679245283018868,0.8473709,0.7766366,0.8384706,0.8374753594398499
hotel_14,2023-04-06,2023-03-10,0.7264150943396226,0.8205191,0.8067187,0.81133085,0.8013074994087219
hotel_14,2023-04-07,2023-03-10,0.7169811320754716,0.8346355,0.81644213,0.8468122,0.8434358835220337
hotel_21,2023-03-11,2023-03-10,0.9953703703703703,0.9904925,0.99363166,0.9914511,0.9950835704803468
hotel_21,2023-03-12,2023-03-10,1.0,0.9899488,0.9927977,0.9792125,0.9900472164154052
hotel_21,2023-03-13,2023-03-10,1.0,0.9897303,0.9905976,0.9843473,0.9905263781547546
hotel_21,2023-03-14,2023-03-10,1.0,0.9906658,0.9918828,0.99310124,0.9951608180999756
hotel_21,2023-03-15,2023-03-10,0.9953703703703703,0.9899597,0.99129206,0.99451005,0.9935443997383118
hotel_21,2023-03-16,2023-03-10,0.9953703703703703,0.9893752,0.99000174,0.9922644,0.990652322769165
hotel_21,2023-03-17,2023-03-10,0.9675925925925926,0.9859553,0.99010783,0.98946875,0.990118145942688
hotel_21,2023-03-18,2023-03-10,1.0,0.9846863,0.99026155,0.98950464,0.992505431175232
hotel_21,2023-03-19,2023-03-10,0.976851851851852,0.98325,0.99193037,0.9794971,0.9857531785964966
hotel_21,2023-03-20,2023-03-10,0.9814814814814816,0.985127,0.98993903,0.98350775,0.9864131212234496
hotel_21,2023-03-21,2023-03-10,0.9861111111111112,0.98462254,0.9907748,0.9922837,0.9936490654945374
hotel_21,2023-03-22,2023-03-10,1.0,0.9851851,0.9938335,0.9947838,0.9907504320144652
hotel_21,2023-03-23,2023-03-10,0.9953703703703703,0.9852308,0.99201864,0.992625,0.9888206720352172
hotel_21,2023-03-24,2023-03-10,0.976851851851852,0.9845763,0.9882629,0.9886888,0.988112211227417
hotel_21,2023-03-25,2023-03-10,0.9907407407407408,0.9811818,0.99095327,0.98829186,0.9912495017051696
hotel_21,2023-03-26,2023-03-10,0.9814814814814816,0.9807746,0.9905878,0.979002,0.983668863773346
hotel_21,2023-03-27,2023-03-10,0.949074074074074,0.98122966,0.99163026,0.9844545,0.9839420914649964
hotel_21,2023-03-28,2023-03-10,0.9537037037037036,0.9817661,0.98923814,0.99141663,0.992499589920044
hotel_21,2023-03-29,2023-03-10,0.9953703703703703,0.98008156,0.99261415,0.99387044,0.9893493056297302
hotel_21,2023-03-30,2023-03-10,0.9907407407407408,0.98195004,0.9928048,0.9911993,0.9855199456214904
hotel_21,2023-03-31,2023-03-10,0.976851851851852,0.98134965,0.9933231,0.9879289,0.9849405884742736
hotel_21,2023-04-01,2023-03-10,0.9907407407407408,0.982217,0.988603,0.98880637,0.9894593358039856
hotel_21,2023-04-02,2023-03-10,0.9629629629629628,0.9818903,0.9913982,0.9801766,0.97818523645401
hotel_21,2023-04-03,2023-03-10,0.9907407407407408,0.98324895,0.98912865,0.9839333,0.979077935218811
hotel_21,2023-04-04,2023-03-10,0.9583333333333334,0.9847275,0.9889945,0.99168164,0.9909370541572572
hotel_21,2023-04-05,2023-03-10,0.9907407407407408,0.98693883,0.9913427,0.99508417,0.9867714047431946
hotel_21,2023-04-06,2023-03-10,0.9537037037037036,0.98553306,0.99083114,0.99261147,0.9844343066215516
hotel_21,2023-04-07,2023-03-10,0.9675925925925926,0.98379606,0.99147743,0.9893608,0.9830147624015808
hotel_35,2023-03-11,2023-03-10,0.55859375,0.61911887,0.60198474,0.61513215,0.5815222859382629
hotel_35,2023-03-12,2023-03-10,0.5,0.6243838,0.59315217,0.5953026,0.562136709690094
hotel_35,2023-03-13,2023-03-10,0.53125,0.6243495,0.6151717,0.6020937,0.5744693279266357
hotel_35,2023-03-14,2023-03-10,0.71484375,0.6230184,0.61550987,0.61512125,0.5923586487770081
hotel_35,2023-03-15,2023-03-10,0.76171875,0.6219099,0.632,0.6175083,0.5929640531539917
hotel_35,2023-03-16,2023-03-10,0.74609375,0.6240051,0.6201588,0.61350274,0.5780150294303894
hotel_35,2023-03-17,2023-03-10,0.662109375,0.61926335,0.6085328,0.60639745,0.578287661075592
hotel_35,2023-03-18,2023-03-10,0.716796875,0.61176884,0.61395156,0.6101723,0.5731757283210754
hotel_35,2023-03-19,2023-03-10,0.708984375,0.60850143,0.5891223,0.59099,0.5587264895439148
hotel_35,2023-03-20,2023-03-10,0.87890625,0.6096881,0.5910996,0.58908486,0.5530185103416443
hotel_35,2023-03-21,2023-03-10,0.9375,0.6103579,0.61525416,0.6009338,0.5808149576187134
hotel_35,2023-03-22,2023-03-10,0.88671875,0.6124549,0.62571275,0.60325176,0.582589864730835
hotel_35,2023-03-23,2023-03-10,0.767578125,0.610042,0.61237186,0.5949713,0.5620107054710388
hotel_35,2023-03-24,2023-03-10,0.828125,0.60882795,0.5935353,0.5855213,0.5604761838912964
hotel_35,2023-03-25,2023-03-10,0.84375,0.60621154,0.61008966,0.5938258,0.5579606294631958
hotel_35,2023-03-26,2023-03-10,0.74609375,0.6097181,0.58000565,0.5768023,0.5423095226287842
hotel_35,2023-03-27,2023-03-10,0.779296875,0.6091362,0.59688556,0.5843137,0.5354729890823364
hotel_35,2023-03-28,2023-03-10,0.83203125,0.6098129,0.6149457,0.5957751,0.5691102743148804
hotel_35,2023-03-29,2023-03-10,0.822265625,0.60665524,0.6587933,0.5973573,0.5715176463127136
hotel_35,2023-03-30,2023-03-10,0.79296875,0.6069293,0.63123465,0.59354186,0.5462838411331177
hotel_35,2023-03-31,2023-03-10,0.837890625,0.6070999,0.5999003,0.58702976,0.5628589987754822
hotel_35,2023-04-01,2023-03-10,0.82421875,0.6067544,0.64127487,0.58851975,0.5683261752128601
hotel_35,2023-04-02,2023-03-10,0.74609375,0.6017301,0.55291283,0.56888735,0.5535911917686462
hotel_35,2023-04-03,2023-03-10,0.634765625,0.59670085,0.5996162,0.56759214,0.5593204498291016
hotel_35,2023-04-04,2023-03-10,0.5078125,0.59714437,0.617242,0.5802847,0.5949078798294067
hotel_35,2023-04-05,2023-03-10,0.474609375,0.6003028,0.6033423,0.58084613,0.5986080169677734
hotel_35,2023-04-06,2023-03-10,0.5078125,0.5955301,0.6159538,0.5820357,0.5714783668518066
hotel_35,2023-04-07,2023-03-10,0.48828125,0.5908653,0.58216816,0.57499707,0.5840502381324768
hotel_42,2023-03-11,2023-03-10,0.8421052631578947,0.63120985,0.6166517,0.7107029,0.7233807444572449
hotel_42,2023-03-12,2023-03-10,0.2064777327935222,0.6380275,0.51999605,0.44045278,0.4608905911445617
hotel_42,2023-03-13,2023-03-10,0.2469635627530364,0.6650849,0.5803286,0.51375014,0.6135348677635193
hotel_42,2023-03-14,2023-03-10,0.4534412955465587,0.70941997,0.65195113,0.6495019,0.8845813274383545
hotel_42,2023-03-15,2023-03-10,0.3805668016194332,0.7239467,0.6748064,0.6693594,0.8932182788848877
hotel_42,2023-03-16,2023-03-10,0.8421052631578947,0.73318017,0.67797714,0.6576523,0.8355973362922668
hotel_42,2023-03-17,2023-03-10,0.9959514170040484,0.7215114,0.6893999,0.739847,0.7960571050643921
hotel_42,2023-03-18,2023-03-10,0.9352226720647774,0.7191592,0.6375116,0.84066254,0.9132362008094788
hotel_42,2023-03-19,2023-03-10,0.4736842105263157,0.68406576,0.6094015,0.53822803,0.4717428684234619
hotel_42,2023-03-20,2023-03-10,0.5344129554655871,0.68141556,0.56643337,0.5977404,0.6004717946052551
hotel_42,2023-03-21,2023-03-10,0.5587044534412956,0.7059133,0.55646086,0.71478814,0.8540565371513367
hotel_42,2023-03-22,2023-03-10,0.5141700404858299,0.7264746,0.7263046,0.71317244,0.821242094039917
hotel_42,2023-03-23,2023-03-10,0.437246963562753,0.74201816,0.68547696,0.6914739,0.7947766780853271
hotel_42,2023-03-24,2023-03-10,0.6963562753036437,0.75127083,0.7122721,0.78321606,0.8131871223449707
hotel_42,2023-03-25,2023-03-10,0.9919028340080972,0.75149965,0.7063589,0.8844018,0.9231002926826476
hotel_42,2023-03-26,2023-03-10,0.9676113360323888,0.71471274,0.6576306,0.57273006,0.4885790050029754
hotel_42,2023-03-27,2023-03-10,1.0040485829959511,0.70293355,0.6409283,0.6237582,0.6376037001609802
hotel_42,2023-03-28,2023-03-10,0.8987854251012146,0.7133297,0.6618209,0.7297626,0.8909995555877686
hotel_42,2023-03-29,2023-03-10,0.562753036437247,0.7068727,0.64781696,0.7409556,0.8790134787559509
hotel_42,2023-03-30,2023-03-10,0.4939271255060729,0.7130909,0.64652973,0.72360176,0.8228450417518616
hotel_42,2023-03-31,2023-03-10,0.3643724696356275,0.7067253,0.733099,0.80251324,0.7669327259063721
hotel_42,2023-04-01,2023-03-10,1.008097165991903,0.7069429,0.67260545,0.88824606,0.9171023368835448
hotel_42,2023-04-02,2023-03-10,0.3198380566801619,0.67473274,0.57721925,0.5730175,0.4823835790157318
hotel_42,2023-04-03,2023-03-10,0.5020242914979757,0.67379767,0.5799008,0.6180749,0.6479710936546326
hotel_42,2023-04-04,2023-03-10,0.9595141700404858,0.6857054,0.65764457,0.7144766,0.8989834189414978
hotel_42,2023-04-05,2023-03-10,0.728744939271255,0.69338953,0.6512651,0.70497245,0.8714606165885925
hotel_42,2023-04-06,2023-03-10,0.6882591093117408,0.6984987,0.64371735,0.69059426,0.7561649084091187
hotel_42,2023-04-07,2023-03-10,0.5060728744939271,0.6981667,0.7123553,0.7763307,0.7658290266990662
hotel_49,2023-03-11,2023-03-10,0.8253275109170306,0.79589975,0.802225,0.79933774,0.8020913600921631
hotel_49,2023-03-12,2023-03-10,0.8165938864628821,0.7976844,0.8007566,0.7677506,0.7881755828857422
hotel_49,2023-03-13,2023-03-10,0.8253275109170306,0.7971364,0.7956914,0.7726023,0.7849813103675842
hotel_49,2023-03-14,2023-03-10,0.8296943231441049,0.7981927,0.79678375,0.7859385,0.7890914082527161
hotel_49,2023-03-15,2023-03-10,0.8296943231441049,0.80206305,0.81516194,0.79283494,0.7873989343643188
hotel_49,2023-03-16,2023-03-10,0.8209606986899564,0.805846,0.8029927,0.8014951,0.7856938242912292
hotel_49,2023-03-17,2023-03-10,0.8296943231441049,0.80677193,0.81004,0.8247654,0.8021858930587769
hotel_49,2023-03-18,2023-03-10,0.8034934497816594,0.8075545,0.81895036,0.83168334,0.8137015104293823
hotel_49,2023-03-19,2023-03-10,0.8384279475982532,0.80784255,0.7966903,0.7984773,0.763238787651062
hotel_49,2023-03-20,2023-03-10,0.8296943231441049,0.80788827,0.81548053,0.80265343,0.752825915813446
hotel_49,2023-03-21,2023-03-10,0.834061135371179,0.80987257,0.8193303,0.8153945,0.7701152563095093
hotel_49,2023-03-22,2023-03-10,0.8296943231441049,0.8135622,0.8092314,0.8166946,0.7664362788200378
hotel_49,2023-03-23,2023-03-10,0.8296943231441049,0.8173618,0.7958447,0.82614917,0.7701252102851868
hotel_49,2023-03-24,2023-03-10,0.8209606986899564,0.8207923,0.8200774,0.850998,0.8131678700447083
hotel_49,2023-03-25,2023-03-10,0.8122270742358079,0.8212263,0.8210987,0.85569894,0.8380599617958069
hotel_49,2023-03-26,2023-03-10,0.8122270742358079,0.8217975,0.8240832,0.8251725,0.7265616655349731
hotel_49,2023-03-27,2023-03-10,0.7947598253275109,0.8226269,0.8314262,0.82775605,0.719170868396759
hotel_49,2023-03-28,2023-03-10,0.7903930131004366,0.8221717,0.8178671,0.83710206,0.7492997050285339
hotel_49,2023-03-29,2023-03-10,0.8209606986899564,0.82300586,0.82418174,0.8425312,0.7443852424621582
hotel_49,2023-03-30,2023-03-10,0.8253275109170306,0.82767224,0.8288611,0.84955966,0.7573049664497375
hotel_49,2023-03-31,2023-03-10,0.8253275109170306,0.83185405,0.8046357,0.87550604,0.8358311057090759
hotel_49,2023-04-01,2023-03-10,0.8209606986899564,0.8336,0.8215258,0.88259685,0.9373117089271544
hotel_49,2023-04-02,2023-03-10,0.8253275109170306,0.8347877,0.8226978,0.8517335,0.7224185466766357
hotel_49,2023-04-03,2023-03-10,0.8209606986899564,0.8341918,0.8223608,0.85338026,0.7027410864830017
hotel_49,2023-04-04,2023-03-10,0.8165938864628821,0.8359936,0.8291294,0.8612297,0.7355366945266724
hotel_49,2023-04-05,2023-03-10,0.8209606986899564,0.83903515,0.84776664,0.86540776,0.7332136034965515
hotel_49,2023-04-06,2023-03-10,0.8253275109170306,0.84213525,0.84236425,0.8737379,0.7584201097488403
hotel_49,2023-04-07,2023-03-10,0.8253275109170306,0.8446596,0.83024585,0.8967765,0.8785303235054016
hotel_56,2023-03-11,2023-03-10,1.0,0.9953859,0.99887353,1.0026692,0.9999039769172668
hotel_56,2023-03-12,2023-03-10,0.8916666666666667,0.9875515,0.99926114,0.97308207,0.997581660747528
hotel_56,2023-03-13,2023-03-10,1.0,0.98833305,0.99908984,0.97896355,0.9990536570549012
hotel_56,2023-03-14,2023-03-10,1.0,0.99718344,0.9997296,0.99591476,0.9998477101325988
hotel_56,2023-03-15,2023-03-10,1.0,1.0040802,0.99945486,0.9998238,0.999868631362915
hotel_56,2023-03-16,2023-03-10,1.0,1.0021623,0.99870205,1.0022633,0.9998644590377808
hotel_56,2023-03-17,2023-03-10,1.0,0.99431664,0.99839866,1.0035776,0.999885320663452
hotel_56,2023-03-18,2023-03-10,1.0,0.98406744,0.9990125,1.003225,0.9999281764030457
hotel_56,2023-03-19,2023-03-10,1.0,0.9759125,0.99795717,0.97389686,0.9967671036720276
hotel_56,2023-03-20,2023-03-10,1.0,0.97726035,0.9984564,0.97944444,0.998571515083313
hotel_56,2023-03-21,2023-03-10,1.0,0.983737,0.9993485,0.99495345,0.999855935573578
hotel_56,2023-03-22,2023-03-10,1.0,0.992132,0.999272,1.0016735,0.999879002571106
hotel_56,2023-03-23,2023-03-10,1.0,0.99824095,0.9990604,1.004511,0.999879777431488
hotel_56,2023-03-24,2023-03-10,1.0,0.99833786,0.9991472,1.005287,0.999927580356598
hotel_56,2023-03-25,2023-03-10,1.0,0.9838704,0.99856806,1.002912,0.9999724626541138
hotel_56,2023-03-26,2023-03-10,0.8833333333333333,0.97486365,0.99842185,0.974559,0.9822176098823548
hotel_56,2023-03-27,2023-03-10,1.0,0.9825127,0.9985394,0.97847044,0.996877670288086
hotel_56,2023-03-28,2023-03-10,0.9916666666666668,0.99508274,0.9977668,0.9942507,0.9997697472572328
hotel_56,2023-03-29,2023-03-10,1.0,1.0014508,0.9975647,1.000866,0.9998063445091248
hotel_56,2023-03-30,2023-03-10,1.0,1.0054587,0.99958587,1.0007936,0.9997811317443848
hotel_56,2023-03-31,2023-03-10,1.0,1.0032793,0.9983019,1.0025759,0.999885320663452
hotel_56,2023-04-01,2023-03-10,1.0,0.991518,1.0000631,1.0046772,0.9999625086784364
hotel_56,2023-04-02,2023-03-10,1.0,0.9807005,0.9986201,0.9756825,0.9739295840263368
hotel_56,2023-04-03,2023-03-10,1.0,0.9843809,0.99777377,0.97791713,0.9837490916252136
hotel_56,2023-04-04,2023-03-10,1.0,0.9963847,0.9985968,0.9934601,0.9996978044509888
hotel_56,2023-04-05,2023-03-10,1.0,1.0074056,0.99893564,0.9987735,0.9998053908348083
hotel_56,2023-04-06,2023-03-10,0.9666666666666668,1.0071559,0.9980616,1.0010926,0.9997815489768982
hotel_56,2023-04-07,2023-03-10,0.9833333333333332,1.0018926,0.9990674,1.0038915,0.9999182820320128
hotel_63,2023-03-11,2023-03-10,0.9955555555555556,0.97432137,0.90729576,1.0158157,0.9349344372749328
hotel_63,2023-03-12,2023-03-10,0.88,0.7208741,0.76836616,0.77358896,0.5494493246078491
hotel_63,2023-03-13,2023-03-10,0.9866666666666668,0.67399323,0.724281,0.7429475,0.5485839247703552
hotel_63,2023-03-14,2023-03-10,0.9733333333333334,0.70526665,0.70404273,0.7742139,0.657996416091919
hotel_63,2023-03-15,2023-03-10,0.9377777777777778,0.7323226,0.8394978,0.78359854,0.7014111876487732
hotel_63,2023-03-16,2023-03-10,0.8311111111111111,0.7709896,0.7703258,0.78064066,0.7170296907424927
hotel_63,2023-03-17,2023-03-10,0.8844444444444445,0.8905684,0.8544735,0.89921904,0.8952031135559082
hotel_63,2023-03-18,2023-03-10,0.8755555555555555,0.92521834,0.85609555,0.9311957,0.9160612225532532
hotel_63,2023-03-19,2023-03-10,0.4088888888888889,0.708159,0.76045567,0.7009494,0.6978886723518372
hotel_63,2023-03-20,2023-03-10,0.4888888888888889,0.6850423,0.76605856,0.67959875,0.6774685978889465
hotel_63,2023-03-21,2023-03-10,0.6266666666666667,0.72662514,0.7730687,0.7055513,0.7528476715087891
hotel_63,2023-03-22,2023-03-10,0.5333333333333333,0.7623263,0.7783586,0.74103326,0.777050256729126
hotel_63,2023-03-23,2023-03-10,0.8666666666666667,0.8002316,0.779706,0.77064663,0.7402593493461609
hotel_63,2023-03-24,2023-03-10,0.9377777777777778,0.9031118,0.86955404,0.9106409,0.849004864692688
hotel_63,2023-03-25,2023-03-10,0.9555555555555556,0.9163606,0.82564086,0.95113134,0.8789723515510559
hotel_63,2023-03-26,2023-03-10,0.5333333333333333,0.67615336,0.73046976,0.7226588,0.6796090006828308
hotel_63,2023-03-27,2023-03-10,0.9422222222222222,0.64883506,0.7827301,0.7200767,0.7097734808921814
hotel_63,2023-03-28,2023-03-10,1.0044444444444445,0.70143163,0.7817019,0.7528294,0.8078410029411316
hotel_63,2023-03-29,2023-03-10,0.8,0.74571806,0.71153355,0.77860755,0.8209428191184998
hotel_63,2023-03-30,2023-03-10,0.7466666666666667,0.78524077,0.805596,0.7989387,0.7766661047935486
hotel_63,2023-03-31,2023-03-10,1.0044444444444445,0.90111125,0.8942317,0.9254049,0.8813153505325317
hotel_63,2023-04-01,2023-03-10,0.9777777777777776,0.9289968,0.8692692,0.9712642,0.8827324509620667
hotel_63,2023-04-02,2023-03-10,0.6222222222222222,0.7027424,0.8287841,0.75196695,0.6600449681282043
hotel_63,2023-04-03,2023-03-10,0.8444444444444444,0.675819,0.7339278,0.73694813,0.6645678281784058
hotel_63,2023-04-04,2023-03-10,0.8133333333333334,0.71751106,0.81838924,0.76915604,0.7525843977928162
hotel_63,2023-04-05,2023-03-10,0.7244444444444444,0.7532588,0.78021824,0.7888042,0.7806488871574402
hotel_63,2023-04-06,2023-03-10,0.7911111111111111,0.7864767,0.8263175,0.8042757,0.8069583773612976
hotel_63,2023-04-07,2023-03-10,0.8666666666666667,0.8920686,0.9436896,0.91438234,0.8951132297515869
hotel_7,2023-03-11,2023-03-10,0.6237785016286646,0.6041111,0.6422384,0.58638465,0.6095291972160339
hotel_7,2023-03-12,2023-03-10,0.6661237785016286,0.53761137,0.5936893,0.5621051,0.5673296451568604
hotel_7,2023-03-13,2023-03-10,0.5130293159609121,0.4533767,0.5160987,0.46852434,0.462373673915863
hotel_7,2023-03-14,2023-03-10,0.5342019543973942,0.48519263,0.52796435,0.5189494,0.507344126701355
hotel_7,2023-03-15,2023-03-10,0.6547231270358306,0.5770712,0.5802885,0.61507064,0.5915946364402771
hotel_7,2023-03-16,2023-03-10,0.6482084690553745,0.60559297,0.6134466,0.6097221,0.5962381958961487
hotel_7,2023-03-17,2023-03-10,0.6644951140065146,0.63114315,0.6208128,0.6541549,0.6401522755622864
hotel_7,2023-03-18,2023-03-10,0.5977198697068404,0.58819544,0.6312947,0.57937443,0.5542262196540833
hotel_7,2023-03-19,2023-03-10,0.6465798045602605,0.5229255,0.57974786,0.55059373,0.512161374092102
hotel_7,2023-03-20,2023-03-10,0.5244299674267101,0.4385329,0.48794052,0.45378923,0.4407491683959961
hotel_7,2023-03-21,2023-03-10,0.2736156351791531,0.47629738,0.49504519,0.49743736,0.488935112953186
hotel_7,2023-03-22,2023-03-10,0.3289902280130293,0.5689595,0.5713752,0.59099895,0.5772199034690857
hotel_7,2023-03-23,2023-03-10,0.3420195439739413,0.58520806,0.582123,0.58341223,0.5820812582969666
hotel_7,2023-03-24,2023-03-10,0.4397394136807817,0.5929396,0.5951239,0.6225522,0.6259223222732544
hotel_7,2023-03-25,2023-03-10,0.3762214983713355,0.540396,0.6166128,0.5448098,0.5390498042106628
hotel_7,2023-03-26,2023-03-10,0.3664495114006514,0.47754195,0.5715904,0.51380324,0.50399249792099
hotel_7,2023-03-27,2023-03-10,0.1416938110749185,0.40257087,0.51043,0.42631748,0.4121899306774139
hotel_7,2023-03-28,2023-03-10,0.1400651465798045,0.4422555,0.47603643,0.4676184,0.4623771607875824
hotel_7,2023-03-29,2023-03-10,0.3029315960912052,0.54114515,0.56775606,0.5554372,0.534318745136261
hotel_7,2023-03-30,2023-03-10,0.3306188925081433,0.57138216,0.61192393,0.5438387,0.5074985027313232
hotel_7,2023-03-31,2023-03-10,0.4446254071661237,0.5923947,0.5859996,0.5827802,0.5534157156944275
hotel_7,2023-04-01,2023-03-10,0.3534201954397394,0.54706734,0.59913445,0.50607085,0.3007634580135345
hotel_7,2023-04-02,2023-03-10,0.3697068403908795,0.48611778,0.5509512,0.47349042,0.2695760726928711
hotel_7,2023-04-03,2023-03-10,0.2035830618892508,0.40409172,0.47550273,0.38083073,0.1854484528303146
hotel_7,2023-04-04,2023-03-10,0.2426710097719869,0.4369322,0.4723039,0.4183427,0.2217241376638412
hotel_7,2023-04-05,2023-03-10,0.4853420195439739,0.52823704,0.5700088,0.5003268,0.2840717434883117
hotel_7,2023-04-06,2023-03-10,0.4771986970684039,0.5514389,0.54212826,0.48894116,0.2622784376144409
hotel_7,2023-04-07,2023-03-10,0.5781758957654723,0.5686511,0.53891605,0.53231734,0.3230802714824676
hotel_70,2023-03-11,2023-03-10,0.4078947368421052,0.38523185,0.3689316,0.4124224,0.3931393027305603
hotel_70,2023-03-12,2023-03-10,0.3114035087719298,0.3378649,0.34633455,0.33157763,0.3342288136482239
hotel_70,2023-03-13,2023-03-10,0.3464912280701754,0.33152926,0.32178587,0.33565873,0.3507418632507324
hotel_70,2023-03-14,2023-03-10,0.337719298245614,0.33092764,0.3393764,0.35110524,0.3651586771011352
hotel_70,2023-03-15,2023-03-10,0.2675438596491228,0.34079194,0.34432387,0.3765677,0.3753253519535064
hotel_70,2023-03-16,2023-03-10,0.3333333333333333,0.35975873,0.38209355,0.38937718,0.381426602602005
hotel_70,2023-03-17,2023-03-10,0.3815789473684211,0.39984274,0.37605816,0.44003657,0.4222065210342407
hotel_70,2023-03-18,2023-03-10,0.3333333333333333,0.38549054,0.37693483,0.4535044,0.4307986199855804
hotel_70,2023-03-19,2023-03-10,0.2324561403508772,0.33636504,0.34102923,0.35642666,0.368187665939331
hotel_70,2023-03-20,2023-03-10,0.2894736842105263,0.33034188,0.3251762,0.34498018,0.3753607869148254
hotel_70,2023-03-21,2023-03-10,0.3289473684210526,0.34017986,0.3598441,0.35836333,0.3891068994998932
hotel_70,2023-03-22,2023-03-10,0.3464912280701754,0.36943272,0.36383432,0.37848336,0.3946980237960815
hotel_70,2023-03-23,2023-03-10,0.3947368421052631,0.4057536,0.37464893,0.39925012,0.3966326415538788
hotel_70,2023-03-24,2023-03-10,0.3947368421052631,0.45815814,0.40195897,0.45658317,0.4299580752849579
hotel_70,2023-03-25,2023-03-10,0.4078947368421052,0.44838586,0.39860493,0.46104175,0.4351117312908172
hotel_70,2023-03-26,2023-03-10,0.4122807017543859,0.38772947,0.3690688,0.35476547,0.358255386352539
hotel_70,2023-03-27,2023-03-10,0.3991228070175439,0.37145504,0.34345597,0.35011265,0.3671213090419769
hotel_70,2023-03-28,2023-03-10,0.4342105263157895,0.37374634,0.3600894,0.36050576,0.3891001045703888
hotel_70,2023-03-29,2023-03-10,0.3684210526315789,0.38762394,0.36104637,0.38570556,0.3956004679203033
hotel_70,2023-03-30,2023-03-10,0.4517543859649123,0.4143455,0.37491113,0.40571496,0.3954533040523529
hotel_70,2023-03-31,2023-03-10,0.3771929824561403,0.47004634,0.39034724,0.46125877,0.4332810640335083
hotel_70,2023-04-01,2023-03-10,0.4517543859649123,0.4583418,0.38273638,0.4725567,0.4347172975540161
hotel_70,2023-04-02,2023-03-10,0.3640350877192982,0.4018032,0.3570742,0.37255806,0.3439582586288452
hotel_70,2023-04-03,2023-03-10,0.4561403508771929,0.39489383,0.33595884,0.35881874,0.3431529700756073
hotel_70,2023-04-04,2023-03-10,0.4517543859649123,0.40731144,0.36355937,0.37321255,0.3686103820800781
hotel_70,2023-04-05,2023-03-10,0.4342105263157895,0.42600363,0.32822624,0.3992786,0.3749887347221374
hotel_70,2023-04-06,2023-03-10,0.4210526315789473,0.4510398,0.3849319,0.4259338,0.3729603290557861
hotel_70,2023-04-07,2023-03-10,0.3157894736842105,0.49277443,0.39390624,0.4828338,0.417577862739563
hotel_84,2023-03-11,2023-03-10,0.972318339100346,0.8657063,0.877976,0.9339429,0.9966341853141784
hotel_84,2023-03-12,2023-03-10,0.6262975778546713,0.7057099,0.8125579,0.74755347,0.6873797178268433
hotel_84,2023-03-13,2023-03-10,0.5951557093425606,0.67055,0.7064757,0.73922837,0.704606831073761
hotel_84,2023-03-14,2023-03-10,0.643598615916955,0.71523386,0.75571,0.7752935,0.8146052360534668
hotel_84,2023-03-15,2023-03-10,0.671280276816609,0.73704135,0.7772313,0.8182516,0.8314365744590759
hotel_84,2023-03-16,2023-03-10,0.6885813148788927,0.76076907,0.7450539,0.8531756,0.7867425680160522
hotel_84,2023-03-17,2023-03-10,0.9930795847750864,0.84255207,0.81310064,0.91127026,0.9543116092681884
hotel_84,2023-03-18,2023-03-10,0.9965397923875432,0.8243342,0.81224155,0.90432084,0.9936461448669434
hotel_84,2023-03-19,2023-03-10,0.5916955017301038,0.6827848,0.81694144,0.7383057,0.6522172093391418
hotel_84,2023-03-20,2023-03-10,0.4256055363321799,0.64556277,0.7334024,0.7206127,0.6645437479019165
hotel_84,2023-03-21,2023-03-10,0.4498269896193771,0.68860596,0.7240645,0.7430845,0.7959297299385071
hotel_84,2023-03-22,2023-03-10,0.4429065743944637,0.7031084,0.73675364,0.78658587,0.8177032470703125
hotel_84,2023-03-23,2023-03-10,0.903114186851211,0.7454798,0.78287554,0.8080915,0.7826851606369019
hotel_84,2023-03-24,2023-03-10,0.9273356401384084,0.83254945,0.7183677,0.89253306,0.9286949634552002
hotel_84,2023-03-25,2023-03-10,0.8512110726643599,0.8189882,0.6886993,0.9343413,0.9562804698944092
hotel_84,2023-03-26,2023-03-10,0.7681660899653979,0.67636925,0.7824808,0.7818478,0.5597634315490723
hotel_84,2023-03-27,2023-03-10,0.7370242214532872,0.6682523,0.7873167,0.7671696,0.5821659564971924
hotel_84,2023-03-28,2023-03-10,0.5259515570934256,0.71965444,0.75570077,0.7924593,0.7236530780792236
hotel_84,2023-03-29,2023-03-10,0.5709342560553633,0.7388844,0.680306,0.82728666,0.7371993064880371
hotel_84,2023-03-30,2023-03-10,0.6678200692041523,0.771341,0.7279885,0.8558673,0.678859293460846
hotel_84,2023-03-31,2023-03-10,0.8408304498269896,0.87134767,0.8100854,0.9307767,0.8990381956100464
hotel_84,2023-04-01,2023-03-10,0.9134948096885812,0.85576904,0.7312231,0.9674134,0.9524422883987428
hotel_84,2023-04-02,2023-03-10,0.6332179930795848,0.7173276,0.8042267,0.81611776,0.6450102925300598
hotel_84,2023-04-03,2023-03-10,0.7993079584775087,0.7016607,0.80198187,0.8163216,0.6848589777946472
hotel_84,2023-04-04,2023-03-10,0.9100346020761244,0.76905173,0.7455962,0.865591,0.822869598865509
hotel_84,2023-04-05,2023-03-10,0.9826989619377162,0.786332,0.74826705,0.9065341,0.832642138004303
hotel_84,2023-04-06,2023-03-10,0.8581314878892734,0.81731844,0.7764886,0.93287206,0.7727359533309937
hotel_84,2023-04-07,2023-03-10,0.643598615916955,0.9072897,0.83620244,0.9836781,0.925806760787964
hotel_91,2023-03-11,2023-03-10,0.8089887640449438,0.6049346,0.64470416,0.6407402,0.6580185294151306
hotel_91,2023-03-12,2023-03-10,0.7303370786516854,0.50827676,0.6502635,0.51058495,0.5084518790245056
hotel_91,2023-03-13,2023-03-10,0.9550561797752808,0.6176336,0.6941977,0.6396866,0.6044451594352722
hotel_91,2023-03-14,2023-03-10,0.9550561797752808,0.72002804,0.7107227,0.73869085,0.7221026420593262
hotel_91,2023-03-15,2023-03-10,0.9550561797752808,0.7047442,0.7462343,0.74340785,0.7138394117355347
hotel_91,2023-03-16,2023-03-10,0.8314606741573034,0.68511266,0.75038767,0.6975728,0.6619047522544861
hotel_91,2023-03-17,2023-03-10,0.7415730337078652,0.6870304,0.7389197,0.72583246,0.716216504573822
hotel_91,2023-03-18,2023-03-10,0.4943820224719101,0.6515658,0.71571594,0.68882155,0.7674129009246826
hotel_91,2023-03-19,2023-03-10,0.4382022471910112,0.54946375,0.7480034,0.55420434,0.5344637036323547
hotel_91,2023-03-20,2023-03-10,0.6629213483146067,0.66566944,0.7222348,0.6818944,0.6512829661369324
hotel_91,2023-03-21,2023-03-10,0.8876404494382022,0.7737649,0.7642738,0.77308464,0.8168318271636963
hotel_91,2023-03-22,2023-03-10,0.8876404494382022,0.77566266,0.7636657,0.7720517,0.7988154292106628
hotel_91,2023-03-23,2023-03-10,0.7303370786516854,0.75452006,0.7726678,0.73335063,0.7134854197502136
hotel_91,2023-03-24,2023-03-10,0.5842696629213483,0.7558502,0.7510466,0.763543,0.7353156805038452
hotel_91,2023-03-25,2023-03-10,0.5617977528089888,0.7043609,0.76698786,0.7271097,0.7474318146705627
hotel_91,2023-03-26,2023-03-10,0.5280898876404494,0.593782,0.7785289,0.586264,0.5327587723731995
hotel_91,2023-03-27,2023-03-10,0.651685393258427,0.6954615,0.7946603,0.70401156,0.6198463439941406
hotel_91,2023-03-28,2023-03-10,0.8764044943820225,0.7846235,0.74101436,0.7917508,0.7970312833786011
hotel_91,2023-03-29,2023-03-10,0.8314606741573034,0.76269484,0.74972427,0.7802228,0.7953969240188599
hotel_91,2023-03-30,2023-03-10,0.7078651685393258,0.7410588,0.78860074,0.730577,0.7362790703773499
hotel_91,2023-03-31,2023-03-10,0.6292134831460674,0.7389113,0.8427888,0.7518784,0.7487211227416992
hotel_91,2023-04-01,2023-03-10,0.6741573033707865,0.69814193,0.7309024,0.714005,0.7485483884811401
hotel_91,2023-04-02,2023-03-10,0.7303370786516854,0.59533244,0.85107285,0.57385087,0.5127049684524536
hotel_91,2023-04-03,2023-03-10,0.9887640449438202,0.71172273,0.76478124,0.6849524,0.5856091976165771
hotel_91,2023-04-04,2023-03-10,1.0,0.80554307,0.80451155,0.76599133,0.7585250735282898
hotel_91,2023-04-05,2023-03-10,1.0112359550561798,0.7921308,0.8668117,0.75955987,0.7666711211204529
hotel_91,2023-04-06,2023-03-10,0.9887640449438202,0.75885075,0.81491476,0.72391176,0.7204684019088745
hotel_91,2023-04-07,2023-03-10,1.0,0.7512985,0.7653152,0.753682,0.7614932060241699
hotel_98,2023-03-11,2023-03-10,0.6209677419354839,0.4704128,0.42375654,0.4585711,0.5367736220359802
hotel_98,2023-03-12,2023-03-10,0.2419354838709677,0.28713626,0.20066601,0.22560999,0.2403693050146103
hotel_98,2023-03-13,2023-03-10,0.1693548387096774,0.22580972,0.1752944,0.1947352,0.2292787879705429
hotel_98,2023-03-14,2023-03-10,0.1854838709677419,0.21944779,0.16315247,0.19696733,0.2314305901527404
hotel_98,2023-03-15,2023-03-10,0.2661290322580645,0.22278239,0.1657596,0.2036533,0.2330067008733749
hotel_98,2023-03-16,2023-03-10,0.3306451612903225,0.2342342,0.21170935,0.23190112,0.2451598197221756
hotel_98,2023-03-17,2023-03-10,0.4516129032258064,0.36731398,0.33176345,0.35107672,0.438182920217514
hotel_98,2023-03-18,2023-03-10,0.4677419354838709,0.40090224,0.35814366,0.4033336,0.5365021824836731
hotel_98,2023-03-19,2023-03-10,0.1935483870967742,0.23713045,0.1979036,0.19002958,0.2511334121227264
hotel_98,2023-03-20,2023-03-10,0.1209677419354838,0.18477266,0.14697371,0.16087168,0.2487962394952774
hotel_98,2023-03-21,2023-03-10,0.1290322580645161,0.17701893,0.15939231,0.16959623,0.2593858540058136
hotel_98,2023-03-22,2023-03-10,0.1290322580645161,0.1985881,0.16171443,0.17172712,0.2620627284049988
hotel_98,2023-03-23,2023-03-10,0.1451612903225806,0.22431995,0.21282089,0.19793655,0.2795413136482239
hotel_98,2023-03-24,2023-03-10,0.25,0.36414975,0.33453932,0.3417789,0.4883087277412414
hotel_98,2023-03-25,2023-03-10,0.3870967741935484,0.36856705,0.32811788,0.39414048,0.5569192171096802
hotel_98,2023-03-26,2023-03-10,0.1532258064516129,0.19513637,0.19017099,0.18392882,0.2756240367889404
hotel_98,2023-03-27,2023-03-10,0.2258064516129032,0.15159732,0.14834222,0.1513922,0.2464276403188705
hotel_98,2023-03-28,2023-03-10,0.2338709677419354,0.1538423,0.15575981,0.15103927,0.2342557460069656
hotel_98,2023-03-29,2023-03-10,0.1774193548387097,0.15645573,0.15417075,0.15547197,0.2287087887525558
hotel_98,2023-03-30,2023-03-10,0.1290322580645161,0.16690314,0.17809147,0.17689803,0.2516795992851257
hotel_98,2023-03-31,2023-03-10,0.2580645161290322,0.29687303,0.33877587,0.30389908,0.412426233291626
hotel_98,2023-04-01,2023-03-10,0.3951612903225806,0.33103013,0.35263166,0.36342385,0.4871464073657989
hotel_98,2023-04-02,2023-03-10,0.2016129032258064,0.17560339,0.17498669,0.150515,0.2451675683259964
hotel_98,2023-04-03,2023-03-10,0.1935483870967742,0.14703721,0.12546268,0.13080624,0.2369169294834137
hotel_98,2023-04-04,2023-03-10,0.1935483870967742,0.15370774,0.13499843,0.13454756,0.2290008217096328
hotel_98,2023-04-05,2023-03-10,0.1612903225806451,0.16590717,0.14290085,0.13173819,0.2173572927713394
hotel_98,2023-04-06,2023-03-10,0.4758064516129032,0.17508529,0.17470914,0.16376796,0.2419408559799194
hotel_98,2023-04-07,2023-03-10,0.4596774193548387,0.3068608,0.30854526,0.29109493,0.3569278419017792
hotel_0,2023-04-08,2023-04-07,0.5308641975308642,0.96341795,0.971879,1.0129805,0.9857333302497864
hotel_0,2023-04-09,2023-04-07,0.3333333333333333,0.9172511,0.9703784,0.8978448,0.9716860055923462
hotel_0,2023-04-10,2023-04-07,0.4074074074074074,0.89254254,0.9661097,0.8901005,0.9559059739112854
hotel_0,2023-04-11,2023-04-07,0.5061728395061729,0.8878119,0.97058034,0.9047064,0.954952597618103
hotel_0,2023-04-12,2023-04-07,0.4444444444444444,0.89384425,0.9713678,0.91449445,0.9457692503929138
hotel_0,2023-04-13,2023-04-07,0.4567901234567901,0.91977733,0.963617,0.931129,0.9412176609039308
hotel_0,2023-04-14,2023-04-07,0.7654320987654321,0.92221826,0.9608031,0.9931185,0.9847829937934875
hotel_0,2023-04-15,2023-04-07,0.7654320987654321,0.922196,0.96462756,1.0061069,0.985289454460144
hotel_0,2023-04-16,2023-04-07,0.4074074074074074,0.8908417,0.9658166,0.8779464,0.803613543510437
hotel_0,2023-04-17,2023-04-07,0.3580246913580246,0.87935835,0.9665965,0.8632534,0.7048929333686829
hotel_0,2023-04-18,2023-04-07,0.7160493827160493,0.8878824,0.9596502,0.881491,0.7006444931030273
hotel_0,2023-04-19,2023-04-07,0.6172839506172839,0.905203,0.96577656,0.8965274,0.7016925811767578
hotel_0,2023-04-20,2023-04-07,0.7407407407407407,0.9261693,0.96626115,0.9126275,0.7269420623779297
hotel_0,2023-04-21,2023-04-07,0.7283950617283951,0.91794163,0.9610863,0.9747339,0.9827264547348022
hotel_0,2023-04-22,2023-04-07,0.9629629629629628,0.9064941,0.90806204,0.98910314,0.9847260117530824
hotel_0,2023-04-23,2023-04-07,0.5185185185185185,0.87741756,0.9587339,0.8583253,0.8061649203300476
hotel_0,2023-04-24,2023-04-07,0.5925925925925926,0.8786691,0.9554086,0.84138834,0.8088533282279968
hotel_0,2023-04-25,2023-04-07,0.8148148148148148,0.8979004,0.9534123,0.8638427,0.8295472860336304
hotel_0,2023-04-26,2023-04-07,0.5432098765432098,0.91665393,0.9509296,0.87978774,0.8264768123626709
hotel_0,2023-04-27,2023-04-07,0.7407407407407407,0.9522273,0.956171,0.898397,0.8381217122077942
hotel_0,2023-04-28,2023-04-07,0.8765432098765432,0.9614054,0.9601954,0.97203755,0.9821350574493408
hotel_0,2023-04-29,2023-04-07,0.7160493827160493,0.95777583,0.9560633,0.98426485,0.984605610370636
hotel_0,2023-04-30,2023-04-07,0.5185185185185185,0.91895884,0.95837235,0.8505614,0.8575076460838318
hotel_0,2023-05-01,2023-04-07,0.691358024691358,0.89745474,0.9560979,0.8366253,0.8430596590042114
hotel_0,2023-05-02,2023-04-07,0.7160493827160493,0.8900663,0.95717615,0.85560954,0.8627158403396606
hotel_0,2023-05-03,2023-04-07,0.7777777777777778,0.8938287,0.964203,0.8669144,0.8685291409492493
hotel_0,2023-05-04,2023-04-07,0.7160493827160493,0.9082521,0.9597393,0.8835919,0.8559986352920532
hotel_0,2023-05-05,2023-04-07,0.8641975308641975,0.8993008,0.9443404,0.94682014,0.982369303703308
hotel_105,2023-04-08,2023-04-07,0.9056603773584906,0.901543,0.91649175,0.94856524,0.9281006455421448
hotel_105,2023-04-09,2023-04-07,0.5534591194968553,0.77395487,0.83738,0.7482344,0.681320071220398
hotel_105,2023-04-10,2023-04-07,0.6666666666666666,0.7494323,0.8245756,0.7577306,0.7226470112800598
hotel_105,2023-04-11,2023-04-07,0.7421383647798742,0.7968347,0.8137752,0.8168012,0.8248153328895569
hotel_105,2023-04-12,2023-04-07,0.7924528301886793,0.8245717,0.8438132,0.83113265,0.8448774814605713
hotel_105,2023-04-13,2023-04-07,0.7610062893081762,0.8385099,0.8754644,0.8358904,0.8006852269172668
hotel_105,2023-04-14,2023-04-07,0.8301886792452831,0.89068234,0.85062313,0.90496445,0.9085970520973206
hotel_105,2023-04-15,2023-04-07,0.8742138364779874,0.87874395,0.8446035,0.9248419,0.925787627696991
hotel_105,2023-04-16,2023-04-07,0.6415094339622641,0.7622822,0.8729054,0.743451,0.7235081195831299
hotel_105,2023-04-17,2023-04-07,0.7861635220125787,0.75110215,0.7892339,0.7528337,0.7538428902626038
hotel_105,2023-04-18,2023-04-07,0.9371069182389936,0.7982298,0.81448644,0.8167006,0.8525776863098145
hotel_105,2023-04-19,2023-04-07,0.9056603773584906,0.8315735,0.8428106,0.836648,0.857762336730957
hotel_105,2023-04-20,2023-04-07,0.779874213836478,0.8503729,0.8477025,0.84331846,0.8213909268379211
hotel_105,2023-04-21,2023-04-07,0.9371069182389936,0.90419173,0.8831835,0.9140028,0.9129384160041808
hotel_105,2023-04-22,2023-04-07,0.8553459119496856,0.8841355,0.8706668,0.9321542,0.9262058138847352
hotel_105,2023-04-23,2023-04-07,0.6477987421383647,0.7703132,0.83583546,0.7642611,0.6851912140846252
hotel_105,2023-04-24,2023-04-07,0.8930817610062893,0.76363456,0.8963127,0.7719457,0.7248148918151855
hotel_105,2023-04-25,2023-04-07,1.0,0.81673676,0.83831954,0.820541,0.835420548915863
hotel_105,2023-04-26,2023-04-07,1.0062893081761006,0.84474796,0.91362506,0.82751966,0.8584190011024475
hotel_105,2023-04-27,2023-04-07,0.7484276729559748,0.8583553,0.82102996,0.8323091,0.8418728709220886
hotel_105,2023-04-28,2023-04-07,0.8616352201257862,0.9135885,0.8683473,0.89814794,0.9328497052192688
hotel_105,2023-04-29,2023-04-07,1.0,0.9060307,0.8625032,0.9270221,0.9471164345741272
hotel_105,2023-04-30,2023-04-07,0.5283018867924528,0.79332006,0.8802924,0.77134764,0.7198739647865295
hotel_105,2023-05-01,2023-04-07,0.6666666666666666,0.77890563,0.8521859,0.77205837,0.7580190896987915
hotel_105,2023-05-02,2023-04-07,0.8238993710691824,0.8171598,0.84141815,0.8271992,0.887104868888855
hotel_105,2023-05-03,2023-04-07,0.7358490566037735,0.83651984,0.8837194,0.83698225,0.90184086561203
hotel_105,2023-05-04,2023-04-07,0.8238993710691824,0.8421174,0.8827718,0.8284272,0.8638451099395752
hotel_105,2023-05-05,2023-04-07,0.89937106918239,0.8978072,0.820888,0.88527405,0.9410449862480164
hotel_112,2023-04-08,2023-04-07,0.79375,0.7815742,0.72541755,0.73110163,0.7138606905937195
hotel_112,2023-04-09,2023-04-07,0.66875,0.81417835,0.7634153,0.76648664,0.7133786082267761
hotel_112,2023-04-10,2023-04-07,0.7125,0.8416506,0.79212755,0.8170885,0.7487161159515381
hotel_112,2023-04-11,2023-04-07,0.6375,0.85849565,0.79933417,0.8466177,0.7719396352767944
hotel_112,2023-04-12,2023-04-07,0.95625,0.8681929,0.85319835,0.86801803,0.8000376224517822
hotel_112,2023-04-13,2023-04-07,0.95,0.8772765,0.81407464,0.86124694,0.8148523569107056
hotel_112,2023-04-14,2023-04-07,0.8,0.8792397,0.8304919,0.8556495,0.7959678173065186
hotel_112,2023-04-15,2023-04-07,0.7125,0.88481283,0.8304517,0.8466598,0.8137408494949341
hotel_112,2023-04-16,2023-04-07,0.70625,0.8946427,0.8358456,0.84402215,0.8168741464614868
hotel_112,2023-04-17,2023-04-07,0.875,0.9041884,0.85995287,0.869025,0.8549478054046631
hotel_112,2023-04-18,2023-04-07,0.875,0.90576965,0.82912624,0.8853928,0.8719900846481323
hotel_112,2023-04-19,2023-04-07,0.78125,0.9091949,0.86487937,0.8975445,0.8886837363243103
hotel_112,2023-04-20,2023-04-07,0.76875,0.9058857,0.8483159,0.8890747,0.8812433481216431
hotel_112,2023-04-21,2023-04-07,0.7875,0.9009925,0.8471749,0.8819176,0.8511351346969604
hotel_112,2023-04-22,2023-04-07,0.85625,0.893489,0.84622276,0.86928976,0.8392971754074097
hotel_112,2023-04-23,2023-04-07,0.79375,0.88670534,0.8623027,0.86809194,0.8295917510986328
hotel_112,2023-04-24,2023-04-07,0.83125,0.88294667,0.868407,0.8908676,0.857036828994751
hotel_112,2023-04-25,2023-04-07,0.93125,0.8835749,0.82763255,0.9048772,0.8863313794136047
hotel_112,2023-04-26,2023-04-07,0.88125,0.8793516,0.9069854,0.9147165,0.9008449912071228
hotel_112,2023-04-27,2023-04-07,0.91875,0.8776252,0.8857781,0.9063915,0.8971971869468689
hotel_112,2023-04-28,2023-04-07,0.9,0.8754806,0.9195244,0.89561176,0.880463182926178
hotel_112,2023-04-29,2023-04-07,0.91875,0.88082653,0.86482644,0.8801578,0.8781646490097046
hotel_112,2023-04-30,2023-04-07,0.775,0.8841151,0.8722328,0.87501824,0.8742779493331909
hotel_112,2023-05-01,2023-04-07,0.89375,0.8866848,0.89619887,0.8953686,0.8788124322891235
hotel_112,2023-05-02,2023-04-07,0.93125,0.8881216,0.8853387,0.90850127,0.9039640426635742
hotel_112,2023-05-03,2023-04-07,0.725,0.8975003,0.8525781,0.9224889,0.91769677400589
hotel_112,2023-05-04,2023-04-07,0.8,0.9046828,0.8655627,0.9110931,0.9041844010353088
hotel_112,2023-05-05,2023-04-07,0.70625,0.90686494,0.8634751,0.89993644,0.8718662858009338
hotel_126,2023-04-08,2023-04-07,1.0,0.9997796,0.995047,0.9990253,0.9961464405059814
hotel_126,2023-04-09,2023-04-07,0.99601593625498,0.9961167,0.9934272,0.9916581,0.994601547718048
hotel_126,2023-04-10,2023-04-07,0.9402390438247012,0.992731,0.99313545,0.9899569,0.9940881729125975
hotel_126,2023-04-11,2023-04-07,0.9800796812749004,0.99154407,0.9946761,0.99084467,0.9941556453704834
hotel_126,2023-04-12,2023-04-07,1.00398406374502,0.9907804,0.99097145,0.9896928,0.994292140007019
hotel_126,2023-04-13,2023-04-07,0.9681274900398408,0.991335,0.99056816,0.9945577,0.9945797324180604
hotel_126,2023-04-14,2023-04-07,1.0,0.9913157,0.9931858,1.0008398,0.9952895045280457
hotel_126,2023-04-15,2023-04-07,0.9800796812749004,0.9904253,0.98908454,1.0018461,0.9953792691230774
hotel_126,2023-04-16,2023-04-07,0.9641434262948207,0.98853874,0.99033487,0.98918724,0.9934858083724976
hotel_126,2023-04-17,2023-04-07,0.9362549800796812,0.9885225,0.9920639,0.9853403,0.9926698803901672
hotel_126,2023-04-18,2023-04-07,0.9760956175298804,0.9896281,0.9906291,0.9873879,0.9928179383277892
hotel_126,2023-04-19,2023-04-07,0.9641434262948207,0.9906745,0.9909246,0.98951256,0.992914617061615
hotel_126,2023-04-20,2023-04-07,0.9760956175298804,0.99248815,0.99193716,0.9927585,0.993089497089386
hotel_126,2023-04-21,2023-04-07,0.9880478087649402,0.99372005,0.99024767,1.000322,0.9943207502365112
hotel_126,2023-04-22,2023-04-07,1.0079681274900398,0.99238926,0.9893698,1.0015776,0.9946977496147156
hotel_126,2023-04-23,2023-04-07,0.7808764940239044,0.99110746,0.9901391,0.99065965,0.9914700388908386
hotel_126,2023-04-24,2023-04-07,0.896414342629482,0.9908595,0.98852146,0.9851734,0.9900164604187012
hotel_126,2023-04-25,2023-04-07,0.9561752988047808,0.9921683,0.9901986,0.98414105,0.9906921982765198
hotel_126,2023-04-26,2023-04-07,0.9681274900398408,0.9916443,0.9925404,0.9888439,0.9911394715309144
hotel_126,2023-04-27,2023-04-07,0.9840637450199204,0.99145925,0.9915612,0.9939673,0.9915357232093812
hotel_126,2023-04-28,2023-04-07,0.9840637450199204,0.9916471,0.99235755,1.0020128,0.993985950946808
hotel_126,2023-04-29,2023-04-07,0.99601593625498,0.9920479,0.9917727,1.0026693,0.9945180416107178
hotel_126,2023-04-30,2023-04-07,0.9123505976095616,0.9900548,0.9900563,0.99036723,0.9890132546424866
hotel_126,2023-05-01,2023-04-07,0.9840637450199204,0.9881835,0.99153435,0.98594344,0.9841845631599426
hotel_126,2023-05-02,2023-04-07,0.99601593625498,0.988191,0.98890626,0.98662025,0.9849328994750975
hotel_126,2023-05-03,2023-04-07,1.0,0.9874383,0.99086225,0.98909783,0.9865168333053588
hotel_126,2023-05-04,2023-04-07,0.9840637450199204,0.9873439,0.9899674,0.9916732,0.9888766407966614
hotel_126,2023-05-05,2023-04-07,0.99601593625498,0.9873117,0.9902248,0.9991623,0.9930926561355592
hotel_133,2023-04-08,2023-04-07,0.9508196721311476,0.9867896,0.9809145,1.029145,0.998082160949707
hotel_133,2023-04-09,2023-04-07,0.8360655737704918,0.90135854,0.9737266,0.9193176,0.9529659152030944
hotel_133,2023-04-10,2023-04-07,0.8852459016393442,0.88481194,0.96886706,0.9225279,0.9777897000312804
hotel_133,2023-04-11,2023-04-07,1.0,0.89600676,0.95961845,0.93304896,0.9822712540626526
hotel_133,2023-04-12,2023-04-07,1.0,0.9066719,0.9664177,0.93599045,0.9836515784263612
hotel_133,2023-04-13,2023-04-07,1.0,0.9310186,0.9648522,0.9371934,0.9840217232704164
hotel_133,2023-04-14,2023-04-07,1.0,0.9617079,0.95973045,0.9967139,0.9945128560066224
hotel_133,2023-04-15,2023-04-07,1.0,0.9558586,0.9437307,1.0184536,0.996533751487732
hotel_133,2023-04-16,2023-04-07,0.7704918032786885,0.886245,0.95991087,0.9129306,0.9473710060119628
hotel_133,2023-04-17,2023-04-07,0.7213114754098361,0.88592815,0.95016056,0.90853,0.9602238535881042
hotel_133,2023-04-18,2023-04-07,0.8032786885245902,0.90090954,0.9374818,0.92116237,0.9674543142318726
hotel_133,2023-04-19,2023-04-07,0.8360655737704918,0.90764165,0.94242156,0.93262804,0.9665716290473938
hotel_133,2023-04-20,2023-04-07,1.0,0.9219691,0.95075107,0.9346483,0.9680995941162108
hotel_133,2023-04-21,2023-04-07,0.9672131147540984,0.9514455,0.96207494,0.98953164,0.9884364604949952
hotel_133,2023-04-22,2023-04-07,0.9344262295081968,0.94009256,0.95129186,1.0029044,0.9948057532310486
hotel_133,2023-04-23,2023-04-07,0.6721311475409836,0.8681494,0.9114039,0.89010024,0.925096035003662
hotel_133,2023-04-24,2023-04-07,0.7377049180327869,0.869295,0.94650334,0.88308954,0.9388774633407592
hotel_133,2023-04-25,2023-04-07,0.8360655737704918,0.8986497,0.9484253,0.89220095,0.9405437707901
hotel_133,2023-04-26,2023-04-07,1.0,0.92269576,0.93701494,0.90791035,0.9450110793113708
hotel_133,2023-04-27,2023-04-07,0.8360655737704918,0.95729595,0.9418239,0.9147924,0.950867235660553
hotel_133,2023-04-28,2023-04-07,1.0,0.99412054,0.961463,0.979483,0.974467158317566
hotel_133,2023-04-29,2023-04-07,1.0,0.985019,0.94432354,0.99887764,0.9877961277961732
hotel_133,2023-04-30,2023-04-07,0.6557377049180327,0.9057783,0.9338643,0.88593733,0.8951336741447449
hotel_133,2023-05-01,2023-04-07,0.639344262295082,0.89422053,0.9419669,0.87749076,0.9303476810455322
hotel_133,2023-05-02,2023-04-07,0.7704918032786885,0.90156907,0.94270265,0.8886049,0.9343073964118958
hotel_133,2023-05-03,2023-04-07,0.8032786885245902,0.9092269,0.94498813,0.90253603,0.9412803649902344
hotel_133,2023-05-04,2023-04-07,1.0,0.92108905,0.95357925,0.91082764,0.9443755149841307
hotel_133,2023-05-05,2023-04-07,1.0,0.94295335,0.9280151,0.96521544,0.9679405093193054
hotel_14,2023-04-08,2023-04-07,0.7452830188679245,0.7359276,0.7279417,0.78024495,0.8490287065505981
hotel_14,2023-04-09,2023-04-07,0.5188679245283019,0.5840745,0.6390517,0.5650266,0.5760021805763245
hotel_14,2023-04-10,2023-04-07,0.7735849056603774,0.66834116,0.68125796,0.65923345,0.6959855556488037
hotel_14,2023-04-11,2023-04-07,0.8207547169811321,0.75906414,0.73877686,0.7502152,0.8064301013946533
hotel_14,2023-04-12,2023-04-07,0.8113207547169812,0.76441735,0.74737304,0.7765446,0.8167200088500977
hotel_14,2023-04-13,2023-04-07,0.7830188679245284,0.75578207,0.7483724,0.73767984,0.7379446029663086
hotel_14,2023-04-14,2023-04-07,0.8773584905660378,0.7719132,0.73632205,0.782238,0.780707597732544
hotel_14,2023-04-15,2023-04-07,0.8584905660377359,0.75239366,0.7169551,0.79516757,0.8411701321601868
hotel_14,2023-04-16,2023-04-07,0.5943396226415094,0.59819627,0.64625496,0.5740478,0.564805805683136
hotel_14,2023-04-17,2023-04-07,0.7547169811320755,0.68039954,0.6796293,0.67345965,0.6897937655448914
hotel_14,2023-04-18,2023-04-07,0.8867924528301887,0.7736516,0.706665,0.7636999,0.829474687576294
hotel_14,2023-04-19,2023-04-07,0.8773584905660378,0.7849568,0.7530211,0.7844238,0.8294367790222168
hotel_14,2023-04-20,2023-04-07,0.7924528301886793,0.76788837,0.76055896,0.7574971,0.7569162249565125
hotel_14,2023-04-21,2023-04-07,0.8584905660377359,0.7761342,0.79306674,0.80360866,0.7882791757583618
hotel_14,2023-04-22,2023-04-07,0.8113207547169812,0.7606436,0.7603721,0.81501365,0.8388559222221375
hotel_14,2023-04-23,2023-04-07,0.6132075471698113,0.59913045,0.7087114,0.60241276,0.5681143999099731
hotel_14,2023-04-24,2023-04-07,0.6981132075471698,0.676285,0.6896164,0.7007663,0.7126758694648743
hotel_14,2023-04-25,2023-04-07,0.7641509433962265,0.7668099,0.76494026,0.7884561,0.8206945657730103
hotel_14,2023-04-26,2023-04-07,0.8207547169811321,0.7731723,0.76038545,0.80862916,0.8230921030044556
hotel_14,2023-04-27,2023-04-07,0.7452830188679245,0.7598164,0.75668937,0.774899,0.7554211020469666
hotel_14,2023-04-28,2023-04-07,0.8490566037735849,0.78247553,0.7625327,0.8214271,0.803080677986145
hotel_14,2023-04-29,2023-04-07,0.9056603773584906,0.77191585,0.7323164,0.8368863,0.8474821448326111
hotel_14,2023-04-30,2023-04-07,0.8490566037735849,0.6109998,0.6810362,0.61121565,0.5791816711425781
hotel_14,2023-05-01,2023-04-07,0.7169811320754716,0.6846633,0.69491816,0.7025273,0.6812230348587036
hotel_14,2023-05-02,2023-04-07,0.7358490566037735,0.7599403,0.7576549,0.78663325,0.8097855448722839
hotel_14,2023-05-03,2023-04-07,0.839622641509434,0.7576961,0.73633766,0.80692637,0.82904052734375
hotel_14,2023-05-04,2023-04-07,0.6886792452830188,0.7388091,0.7596918,0.7799163,0.7689076066017151
hotel_14,2023-05-05,2023-04-07,0.8962264150943396,0.74192196,0.75978076,0.8170265,0.804965615272522
hotel_21,2023-04-08,2023-04-07,0.9629629629629628,0.9696443,0.9762407,0.9836278,0.9853684306144714
hotel_21,2023-04-09,2023-04-07,0.9583333333333334,0.9714879,0.9783889,0.9760237,0.97600656747818
hotel_21,2023-04-10,2023-04-07,0.8981481481481481,0.9723476,0.9754861,0.9786058,0.976875066757202
hotel_21,2023-04-11,2023-04-07,0.9814814814814816,0.9739932,0.9769278,0.98525167,0.987051010131836
hotel_21,2023-04-12,2023-04-07,0.9953703703703703,0.9752278,0.979005,0.98741686,0.9831139445304872
hotel_21,2023-04-13,2023-04-07,1.0,0.9769699,0.9763526,0.98534536,0.9812825322151184
hotel_21,2023-04-14,2023-04-07,1.0,0.9760698,0.972123,0.98133546,0.9814140200614928
hotel_21,2023-04-15,2023-04-07,0.9953703703703703,0.97614276,0.9788167,0.9843307,0.9864558577537536
hotel_21,2023-04-16,2023-04-07,1.0,0.9748195,0.9752265,0.97722346,0.9780275821685792
hotel_21,2023-04-17,2023-04-07,0.949074074074074,0.97530663,0.978134,0.97971255,0.978058099746704
hotel_21,2023-04-18,2023-04-07,0.976851851851852,0.9746846,0.97509027,0.9855943,0.9890755414962769
hotel_21,2023-04-19,2023-04-07,0.9953703703703703,0.9763955,0.9778395,0.9876865,0.9852030873298644
hotel_21,2023-04-20,2023-04-07,0.9907407407407408,0.9753237,0.9754837,0.9853648,0.9834814071655272
hotel_21,2023-04-21,2023-04-07,0.8981481481481481,0.974394,0.97951216,0.98121,0.9833123087882996
hotel_21,2023-04-22,2023-04-07,1.0,0.97352344,0.97696227,0.98346263,0.988161325454712
hotel_21,2023-04-23,2023-04-07,0.9120370370370372,0.9752257,0.9804923,0.9773759,0.9804294109344482
hotel_21,2023-04-24,2023-04-07,0.9907407407407408,0.97669387,0.9739017,0.98018056,0.980681836605072
hotel_21,2023-04-25,2023-04-07,1.0,0.9783335,0.97482884,0.9848699,0.9901922345161438
hotel_21,2023-04-26,2023-04-07,0.9814814814814816,0.9786103,0.97830987,0.9881654,0.9858399033546448
hotel_21,2023-04-27,2023-04-07,0.9861111111111112,0.97965586,0.9791747,0.9854484,0.9845664501190186
hotel_21,2023-04-28,2023-04-07,0.9907407407407408,0.9776032,0.97800523,0.9816605,0.9837720990180968
hotel_21,2023-04-29,2023-04-07,0.9861111111111112,0.9781674,0.98043674,0.98358876,0.9884777069091796
hotel_21,2023-04-30,2023-04-07,0.8055555555555556,0.97709346,0.9769778,0.9771879,0.9811451435089112
hotel_21,2023-05-01,2023-04-07,0.8148148148148148,0.9764525,0.97517526,0.9795446,0.9801501631736756
hotel_21,2023-05-02,2023-04-07,0.9166666666666666,0.97561246,0.9785096,0.98469377,0.9899330139160156
hotel_21,2023-05-03,2023-04-07,0.9907407407407408,0.9768029,0.97825545,0.9877769,0.985708475112915
hotel_21,2023-05-04,2023-04-07,0.9814814814814816,0.97580534,0.9788588,0.9852274,0.9837425351142884
hotel_21,2023-05-05,2023-04-07,0.9953703703703703,0.975606,0.98271817,0.98124844,0.9832144975662231
hotel_35,2023-04-08,2023-04-07,0.50390625,0.51829064,0.50174457,0.5058997,0.4912098050117492
hotel_35,2023-04-09,2023-04-07,0.443359375,0.5257596,0.46677288,0.49213323,0.4860406816005707
hotel_35,2023-04-10,2023-04-07,0.548828125,0.5309919,0.49028373,0.49198574,0.4830803573131561
hotel_35,2023-04-11,2023-04-07,0.640625,0.5302283,0.48912886,0.5018648,0.4827880561351776
hotel_35,2023-04-12,2023-04-07,0.826171875,0.52725756,0.484492,0.5082332,0.493768036365509
hotel_35,2023-04-13,2023-04-07,0.880859375,0.53158265,0.5161737,0.51345754,0.5136061310768127
hotel_35,2023-04-14,2023-04-07,0.8203125,0.5395906,0.52637553,0.5189695,0.5470141172409058
hotel_35,2023-04-15,2023-04-07,0.681640625,0.54880154,0.5196622,0.5229672,0.5532976388931274
hotel_35,2023-04-16,2023-04-07,0.65234375,0.5527412,0.49364078,0.50821555,0.5426644086837769
hotel_35,2023-04-17,2023-04-07,0.72265625,0.56323767,0.51330936,0.5010896,0.5344642996788025
hotel_35,2023-04-18,2023-04-07,0.845703125,0.5654666,0.47959217,0.5046332,0.5484071373939514
hotel_35,2023-04-19,2023-04-07,0.890625,0.5637487,0.5490232,0.50222325,0.560926616191864
hotel_35,2023-04-20,2023-04-07,0.88671875,0.56578046,0.5056389,0.50169873,0.5625663995742798
hotel_35,2023-04-21,2023-04-07,0.806640625,0.5669178,0.525715,0.50178325,0.5813016891479492
hotel_35,2023-04-22,2023-04-07,0.640625,0.56756324,0.53593814,0.50574565,0.5781909227371216
hotel_35,2023-04-23,2023-04-07,0.63671875,0.5671097,0.52752614,0.49234596,0.5574554204940796
hotel_35,2023-04-24,2023-04-07,0.828125,0.56112385,0.5011815,0.48554003,0.5488637685775757
hotel_35,2023-04-25,2023-04-07,0.806640625,0.5533236,0.5068332,0.48870915,0.5640416145324707
hotel_35,2023-04-26,2023-04-07,0.84765625,0.54848266,0.5440634,0.49037594,0.5632994771003723
hotel_35,2023-04-27,2023-04-07,0.76953125,0.54610664,0.5345859,0.49017352,0.554095447063446
hotel_35,2023-04-28,2023-04-07,0.78125,0.540572,0.52720857,0.49153534,0.5722782611846924
hotel_35,2023-04-29,2023-04-07,0.880859375,0.54067457,0.5557159,0.49373507,0.5650739669799805
hotel_35,2023-04-30,2023-04-07,0.923828125,0.53818685,0.52099264,0.48060575,0.5408303737640381
hotel_35,2023-05-01,2023-04-07,0.830078125,0.5256692,0.49563992,0.48065338,0.5193970799446106
hotel_35,2023-05-02,2023-04-07,0.802734375,0.52177143,0.47716796,0.4826953,0.5394394397735596
hotel_35,2023-05-03,2023-04-07,0.61328125,0.5195038,0.51267135,0.4800822,0.5390551686286926
hotel_35,2023-05-04,2023-04-07,0.578125,0.51852447,0.52600527,0.48429516,0.5068297386169434
hotel_35,2023-05-05,2023-04-07,0.669921875,0.51757,0.52956575,0.48733044,0.5124304294586182
hotel_42,2023-04-08,2023-04-07,0.2672064777327935,0.615733,0.647489,0.7796859,0.9358495473861694
hotel_42,2023-04-09,2023-04-07,0.1295546558704453,0.5926119,0.5479022,0.42400414,0.4281512200832367
hotel_42,2023-04-10,2023-04-07,0.2631578947368421,0.611682,0.5618614,0.5002531,0.4881208539009094
hotel_42,2023-04-11,2023-04-07,0.3360323886639676,0.664655,0.5466771,0.64515114,0.761779248714447
hotel_42,2023-04-12,2023-04-07,0.5182186234817814,0.6839442,0.6577002,0.643265,0.6236035823822021
hotel_42,2023-04-13,2023-04-07,0.6558704453441295,0.71331394,0.62602174,0.62936413,0.5711160898208618
hotel_42,2023-04-14,2023-04-07,0.8218623481781376,0.73753893,0.6301196,0.71221924,0.6971032023429871
hotel_42,2023-04-15,2023-04-07,0.8380566801619433,0.760566,0.7518623,0.84374386,0.9128594994544984
hotel_42,2023-04-16,2023-04-07,0.6882591093117408,0.69950724,0.58058625,0.49024242,0.4120080471038818
hotel_42,2023-04-17,2023-04-07,0.9595141700404858,0.7059419,0.58484316,0.5486394,0.4831103980541229
hotel_42,2023-04-18,2023-04-07,0.8825910931174089,0.7454278,0.56406754,0.6631292,0.780867874622345
hotel_42,2023-04-19,2023-04-07,0.9838056680161944,0.7636739,0.62691915,0.65022117,0.791763186454773
hotel_42,2023-04-20,2023-04-07,0.9352226720647774,0.7914678,0.6102255,0.64224106,0.7669906616210938
hotel_42,2023-04-21,2023-04-07,0.6356275303643725,0.82151085,0.6913131,0.7410287,0.7430931925773621
hotel_42,2023-04-22,2023-04-07,0.8340080971659919,0.8272217,0.6735401,0.8704041,0.921532392501831
hotel_42,2023-04-23,2023-04-07,0.5060728744939271,0.7648517,0.6640209,0.5220331,0.3949500024318695
hotel_42,2023-04-24,2023-04-07,0.7894736842105263,0.754633,0.6590666,0.571526,0.4738074541091919
hotel_42,2023-04-25,2023-04-07,0.9352226720647774,0.777666,0.7492125,0.6975468,0.7829089760780334
hotel_42,2023-04-26,2023-04-07,1.0,0.7777233,0.65916413,0.6910947,0.8500108122825623
hotel_42,2023-04-27,2023-04-07,1.0161943319838056,0.8025128,0.61780655,0.6615916,0.8533577919006348
hotel_42,2023-04-28,2023-04-07,0.951417004048583,0.81464535,0.669496,0.73545605,0.818035900592804
hotel_42,2023-04-29,2023-04-07,0.7044534412955465,0.8225506,0.67943084,0.86720234,0.8949081301689148
hotel_42,2023-04-30,2023-04-07,0.4412955465587044,0.7502653,0.6068618,0.52827746,0.3961457014083862
hotel_42,2023-05-01,2023-04-07,0.7004048582995951,0.7315149,0.5995757,0.5593527,0.4529354274272918
hotel_42,2023-05-02,2023-04-07,0.9149797570850202,0.75775605,0.65855926,0.65680134,0.6475600004196167
hotel_42,2023-05-03,2023-04-07,0.9554655870445344,0.7744454,0.6915485,0.6349823,0.6265975832939148
hotel_42,2023-05-04,2023-04-07,0.8461538461538461,0.78186196,0.6287492,0.6362836,0.6410781145095825
hotel_42,2023-05-05,2023-04-07,0.9919028340080972,0.78482914,0.74567103,0.7196518,0.6960490345954895
hotel_49,2023-04-08,2023-04-07,0.7554585152838428,0.82282126,0.82293,0.83230287,0.8241567015647888
hotel_49,2023-04-09,2023-04-07,0.6200873362445415,0.822977,0.8247061,0.81141263,0.8235114812850952
hotel_49,2023-04-10,2023-04-07,0.74235807860262,0.8224505,0.8236699,0.80763614,0.8226853013038635
hotel_49,2023-04-11,2023-04-07,0.7554585152838428,0.8226971,0.8233024,0.8131392,0.823222815990448
hotel_49,2023-04-12,2023-04-07,0.8078602620087336,0.8258295,0.8244118,0.8143622,0.8232912421226501
hotel_49,2023-04-13,2023-04-07,0.8209606986899564,0.82837266,0.8269245,0.8189026,0.823308527469635
hotel_49,2023-04-14,2023-04-07,0.8165938864628821,0.8295658,0.82529026,0.83412313,0.8239317536354065
hotel_49,2023-04-15,2023-04-07,0.8165938864628821,0.8300859,0.8282784,0.84276277,0.8251481652259827
hotel_49,2023-04-16,2023-04-07,0.5938864628820961,0.828356,0.8226299,0.81719154,0.8208774924278259
hotel_49,2023-04-17,2023-04-07,0.6462882096069869,0.8255309,0.82140553,0.8095294,0.8189222812652588
hotel_49,2023-04-18,2023-04-07,0.7947598253275109,0.8245966,0.8320194,0.8211543,0.8220218420028687
hotel_49,2023-04-19,2023-04-07,0.8078602620087336,0.82521576,0.83019054,0.81945574,0.8221047520637512
hotel_49,2023-04-20,2023-04-07,0.7685589519650655,0.825982,0.8199524,0.8199609,0.8223098516464233
hotel_49,2023-04-21,2023-04-07,0.759825327510917,0.82494634,0.83337235,0.83755183,0.8267117738723755
hotel_49,2023-04-22,2023-04-07,0.7816593886462883,0.82556546,0.83764374,0.84348816,0.8331481218338013
hotel_49,2023-04-23,2023-04-07,0.7248908296943232,0.8255656,0.8258452,0.8194009,0.8175851702690125
hotel_49,2023-04-24,2023-04-07,0.7641921397379913,0.8247254,0.82188296,0.81568074,0.8165144324302673
hotel_49,2023-04-25,2023-04-07,0.759825327510917,0.824227,0.8406818,0.8194941,0.8239055871963501
hotel_49,2023-04-26,2023-04-07,0.4672489082969432,0.8265117,0.8369957,0.81930894,0.8235765099525452
hotel_49,2023-04-27,2023-04-07,0.7903930131004366,0.8290753,0.82869834,0.81986016,0.8236780166625977
hotel_49,2023-04-28,2023-04-07,0.74235807860262,0.8309779,0.8358412,0.8371363,0.8337426781654358
hotel_49,2023-04-29,2023-04-07,0.74235807860262,0.83142936,0.8344201,0.8420938,0.9209718108177184
hotel_49,2023-04-30,2023-04-07,0.7336244541484717,0.8314328,0.83447117,0.8153537,0.8187891840934753
hotel_49,2023-05-01,2023-04-07,0.5633187772925764,0.8302813,0.8270756,0.81082284,0.8159428238868713
hotel_49,2023-05-02,2023-04-07,0.5545851528384279,0.83168656,0.83680874,0.81498176,0.8272802233695984
hotel_49,2023-05-03,2023-04-07,0.6375545851528385,0.8329882,0.8173582,0.81709534,0.8270601034164429
hotel_49,2023-05-04,2023-04-07,0.7467248908296943,0.8341902,0.8349776,0.8201682,0.8262531757354736
hotel_49,2023-05-05,2023-04-07,0.7379912663755459,0.8349391,0.83260244,0.838718,0.9052388072013856
hotel_56,2023-04-08,2023-04-07,1.0,0.9850908,0.99515605,1.0016311,0.9998322129249572
hotel_56,2023-04-09,2023-04-07,0.9166666666666666,0.98621184,0.9956536,0.9771218,0.9985551834106444
hotel_56,2023-04-10,2023-04-07,0.9833333333333332,0.9879213,0.99519736,0.9841858,0.9993008971214294
hotel_56,2023-04-11,2023-04-07,1.0,0.99112386,0.99482346,0.9974481,0.9997568726539612
hotel_56,2023-04-12,2023-04-07,1.0,0.9938417,0.99448377,0.9997217,0.999768614768982
hotel_56,2023-04-13,2023-04-07,1.0,0.99667686,0.99533844,0.99914694,0.9996179938316344
hotel_56,2023-04-14,2023-04-07,1.0,0.9930362,0.99708915,1.0026286,0.9997430443763732
hotel_56,2023-04-15,2023-04-07,1.0083333333333333,0.9882727,0.99381995,1.0041013,0.9998288154602052
hotel_56,2023-04-16,2023-04-07,0.9916666666666668,0.9871658,0.99313337,0.9750193,0.9982905983924866
hotel_56,2023-04-17,2023-04-07,0.9916666666666668,0.9879241,0.99461746,0.98077226,0.9990505576133728
hotel_56,2023-04-18,2023-04-07,1.0,0.98565125,0.99408627,0.99476236,0.9997273683547974
hotel_56,2023-04-19,2023-04-07,1.0,0.98736274,0.9962098,1.0009611,0.9997327327728271
hotel_56,2023-04-20,2023-04-07,0.8416666666666667,0.99459875,0.9940192,0.99941653,0.999591588973999
hotel_56,2023-04-21,2023-04-07,1.0083333333333333,0.9986242,0.99592054,1.0028429,0.999738335609436
hotel_56,2023-04-22,2023-04-07,1.0,0.994244,0.9942167,1.0025566,0.9998353123664856
hotel_56,2023-04-23,2023-04-07,0.8583333333333333,0.99207795,0.99324936,0.9753535,0.9953446984291076
hotel_56,2023-04-24,2023-04-07,1.0,0.9940684,0.99365735,0.98053443,0.9984980821609496
hotel_56,2023-04-25,2023-04-07,1.0,0.99851245,0.99144566,0.9942346,0.9996604323387146
hotel_56,2023-04-26,2023-04-07,1.0,0.99921286,0.99474144,0.99932325,0.999679684638977
hotel_56,2023-04-27,2023-04-07,0.95,0.9999398,0.99576396,0.99459803,0.9995539784431458
hotel_56,2023-04-28,2023-04-07,1.0,0.9968398,0.9884445,0.99743503,0.9996890425682068
hotel_56,2023-04-29,2023-04-07,0.9916666666666668,0.99271214,0.99568737,1.0021342,0.999790608882904
hotel_56,2023-04-30,2023-04-07,0.725,0.9885283,0.99468285,0.97276926,0.991333544254303
hotel_56,2023-05-01,2023-04-07,0.7916666666666666,0.98853445,0.9939413,0.97610486,0.9945810437202454
hotel_56,2023-05-02,2023-04-07,0.9666666666666668,0.99151427,0.9925511,0.99014515,0.999565064907074
hotel_56,2023-05-03,2023-04-07,1.0,0.9942597,0.99200857,0.99616444,0.9996218085289
hotel_56,2023-05-04,2023-04-07,0.975,0.9938408,0.9931698,0.9962175,0.999456226825714
hotel_56,2023-05-05,2023-04-07,0.9916666666666668,0.99172115,0.9922131,0.9992234,0.9996407628059388
hotel_63,2023-04-08,2023-04-07,0.8933333333333333,0.91242784,0.8959268,0.94962764,0.9385260343551636
hotel_63,2023-04-09,2023-04-07,0.5688888888888889,0.7340157,0.784413,0.7534336,0.6703394651412964
hotel_63,2023-04-10,2023-04-07,0.7022222222222222,0.7348404,0.76600355,0.76856863,0.7037760615348816
hotel_63,2023-04-11,2023-04-07,0.7244444444444444,0.7827039,0.7984783,0.81916964,0.7822116017341614
hotel_63,2023-04-12,2023-04-07,0.7955555555555556,0.79471457,0.8172374,0.8362398,0.8086230754852295
hotel_63,2023-04-13,2023-04-07,0.8222222222222222,0.8198641,0.89311033,0.8561361,0.7998265027999878
hotel_63,2023-04-14,2023-04-07,1.008888888888889,0.8993614,0.93387216,0.9476093,0.9126311540603638
hotel_63,2023-04-15,2023-04-07,1.0044444444444445,0.90834606,0.8899275,0.98135126,0.949609100818634
hotel_63,2023-04-16,2023-04-07,0.3466666666666667,0.7355603,0.7761221,0.7895832,0.6747896671295166
hotel_63,2023-04-17,2023-04-07,0.4533333333333333,0.72801757,0.79580194,0.7877116,0.7278392910957336
hotel_63,2023-04-18,2023-04-07,0.5688888888888889,0.7704303,0.81882584,0.8251076,0.813405454158783
hotel_63,2023-04-19,2023-04-07,0.8533333333333334,0.7843355,0.78240204,0.83070374,0.8117956519126892
hotel_63,2023-04-20,2023-04-07,0.8933333333333333,0.8209655,0.7975139,0.8331268,0.80361407995224
hotel_63,2023-04-21,2023-04-07,0.9288888888888888,0.896592,0.93900776,0.9281311,0.9154568910598756
hotel_63,2023-04-22,2023-04-07,0.9511111111111112,0.9049833,0.8969395,0.9574373,0.9450884461402892
hotel_63,2023-04-23,2023-04-07,0.48,0.73220277,0.7693377,0.7617854,0.7112817168235779
hotel_63,2023-04-24,2023-04-07,0.4222222222222222,0.7376335,0.7817895,0.7640686,0.7326549887657166
hotel_63,2023-04-25,2023-04-07,0.5066666666666667,0.7832964,0.84476763,0.8025845,0.8038721680641174
hotel_63,2023-04-26,2023-04-07,0.5155555555555555,0.7974714,0.8195869,0.8145945,0.7966405749320984
hotel_63,2023-04-27,2023-04-07,0.5333333333333333,0.821287,0.79892707,0.81725824,0.7701156139373779
hotel_63,2023-04-28,2023-04-07,0.8888888888888888,0.89771974,0.9029402,0.9080769,0.896111249923706
hotel_63,2023-04-29,2023-04-07,0.9466666666666668,0.9029814,0.88277364,0.94453716,0.9222506284713744
hotel_63,2023-04-30,2023-04-07,0.6711111111111111,0.72921544,0.8110551,0.75126874,0.6338583827018738
hotel_63,2023-05-01,2023-04-07,0.5955555555555555,0.72340006,0.8018975,0.74310184,0.5954269170761108
hotel_63,2023-05-02,2023-04-07,0.5866666666666667,0.7701709,0.8386446,0.78607583,0.7395877838134766
hotel_63,2023-05-03,2023-04-07,0.6444444444444445,0.7798571,0.8081548,0.7996347,0.759151816368103
hotel_63,2023-05-04,2023-04-07,0.56,0.80995005,0.77839535,0.8089076,0.7458879947662354
hotel_63,2023-05-05,2023-04-07,0.8933333333333333,0.8900608,0.9190809,0.8970792,0.8764764666557312
hotel_7,2023-04-08,2023-04-07,0.3322475570032573,0.5107676,0.5470202,0.49239868,0.4965740442276001
hotel_7,2023-04-09,2023-04-07,0.3762214983713355,0.4606388,0.50221133,0.47079992,0.4747350215911865
hotel_7,2023-04-10,2023-04-07,0.2866449511400651,0.36125362,0.40884107,0.33619046,0.3397809863090515
hotel_7,2023-04-11,2023-04-07,0.255700325732899,0.39751816,0.39946854,0.3726834,0.3858036398887634
hotel_7,2023-04-12,2023-04-07,0.3061889250814332,0.4774942,0.46666566,0.48274124,0.5127580165863037
hotel_7,2023-04-13,2023-04-07,0.3306188925081433,0.51328963,0.5212168,0.48647952,0.4898610413074493
hotel_7,2023-04-14,2023-04-07,0.4657980456026058,0.52811056,0.48917395,0.5531118,0.5521264672279358
hotel_7,2023-04-15,2023-04-07,0.3452768729641693,0.48166457,0.46423817,0.47118407,0.4349532425403595
hotel_7,2023-04-16,2023-04-07,0.3420195439739413,0.41503116,0.41405386,0.45079982,0.3954216539859772
hotel_7,2023-04-17,2023-04-07,0.1954397394136807,0.3067763,0.39422512,0.32615095,0.2713834643363952
hotel_7,2023-04-18,2023-04-07,0.1938110749185667,0.34420967,0.38621718,0.3632313,0.2947957813739776
hotel_7,2023-04-19,2023-04-07,0.2719869706840391,0.43784407,0.4544677,0.47040373,0.3876217901706695
hotel_7,2023-04-20,2023-04-07,0.3338762214983713,0.47892654,0.5010838,0.4768433,0.3880513608455658
hotel_7,2023-04-21,2023-04-07,0.5390879478827362,0.5086957,0.4817785,0.54603606,0.4451396465301513
hotel_7,2023-04-22,2023-04-07,0.5618892508143323,0.4785079,0.49287212,0.46898204,0.379933625459671
hotel_7,2023-04-23,2023-04-07,0.6465798045602605,0.4306007,0.45350438,0.46160704,0.3721175491809845
hotel_7,2023-04-24,2023-04-07,0.5228013029315961,0.33704585,0.38383535,0.34666646,0.3046062886714935
hotel_7,2023-04-25,2023-04-07,0.5211726384364821,0.38551876,0.38400078,0.38503695,0.3379370868206024
hotel_7,2023-04-26,2023-04-07,0.7084690553745928,0.4793386,0.4363856,0.49853587,0.408670037984848
hotel_7,2023-04-27,2023-04-07,0.6514657980456026,0.52189684,0.45622173,0.50546587,0.4211367964744568
hotel_7,2023-04-28,2023-04-07,0.7231270358306189,0.54336846,0.43697837,0.5743538,0.4685959815979004
hotel_7,2023-04-29,2023-04-07,0.6205211726384365,0.5083772,0.4311617,0.5025719,0.3878995180130005
hotel_7,2023-04-30,2023-04-07,0.6579804560260586,0.4558423,0.39693168,0.4947362,0.3629930913448334
hotel_7,2023-05-01,2023-04-07,0.5407166123778502,0.3542708,0.342441,0.38323486,0.3628432154655456
hotel_7,2023-05-02,2023-04-07,0.6074918566775245,0.38879883,0.3718893,0.42333,0.4198983609676361
hotel_7,2023-05-03,2023-04-07,0.755700325732899,0.47976708,0.39587578,0.53446525,0.5417064428329468
hotel_7,2023-05-04,2023-04-07,0.749185667752443,0.52606416,0.44538078,0.53978443,0.567575991153717
hotel_7,2023-05-05,2023-04-07,0.760586319218241,0.55650556,0.418676,0.60450906,0.6099585890769958
hotel_70,2023-04-08,2023-04-07,0.2850877192982456,0.3367077,0.33888152,0.3725788,0.3369267582893371
hotel_70,2023-04-09,2023-04-07,0.2543859649122807,0.30425665,0.3190422,0.31475306,0.3063510358333587
hotel_70,2023-04-10,2023-04-07,0.3552631578947368,0.2972738,0.317473,0.32478037,0.323439747095108
hotel_70,2023-04-11,2023-04-07,0.4298245614035088,0.29965806,0.322968,0.3352848,0.3378039002418518
hotel_70,2023-04-12,2023-04-07,0.4429824561403508,0.31168413,0.3241671,0.36593488,0.3414186537265777
hotel_70,2023-04-13,2023-04-07,0.3771929824561403,0.3324964,0.34145522,0.36803496,0.3453990817070007
hotel_70,2023-04-14,2023-04-07,0.3771929824561403,0.35226136,0.35714304,0.40459412,0.37001833319664
hotel_70,2023-04-15,2023-04-07,0.3640350877192982,0.35390604,0.3450538,0.43097568,0.3857555389404297
hotel_70,2023-04-16,2023-04-07,0.2850877192982456,0.32699332,0.33563244,0.35342926,0.3007623553276062
hotel_70,2023-04-17,2023-04-07,0.4035087719298245,0.32959634,0.33943397,0.34298652,0.3083226084709167
hotel_70,2023-04-18,2023-04-07,0.3201754385964912,0.34089607,0.33925572,0.3510031,0.3156198561191559
hotel_70,2023-04-19,2023-04-07,0.3114035087719298,0.34721622,0.3475212,0.36652234,0.3235312700271606
hotel_70,2023-04-20,2023-04-07,0.2675438596491228,0.35961056,0.3708511,0.37205595,0.3370004892349243
hotel_70,2023-04-21,2023-04-07,0.4473684210526316,0.37365234,0.36440212,0.40931684,0.3830621242523193
hotel_70,2023-04-22,2023-04-07,0.4429824561403508,0.36875606,0.35431498,0.42833877,0.3975769579410553
hotel_70,2023-04-23,2023-04-07,0.2149122807017544,0.3353395,0.3452384,0.34973958,0.2887934148311615
hotel_70,2023-04-24,2023-04-07,0.3421052631578947,0.33387727,0.32929587,0.34553272,0.3004010617733001
hotel_70,2023-04-25,2023-04-07,0.3596491228070175,0.34297234,0.3779716,0.34694526,0.3234179317951202
hotel_70,2023-04-26,2023-04-07,0.2543859649122807,0.35231286,0.35563177,0.36558747,0.3432663381099701
hotel_70,2023-04-27,2023-04-07,0.2719298245614035,0.36909798,0.37257472,0.3695603,0.3610588908195495
hotel_70,2023-04-28,2023-04-07,0.4649122807017544,0.38488665,0.35666043,0.40021807,0.415343701839447
hotel_70,2023-04-29,2023-04-07,0.4780701754385965,0.381582,0.3923708,0.4227773,0.4270977973937988
hotel_70,2023-04-30,2023-04-07,0.25,0.34670153,0.30826038,0.34271723,0.3166311979293823
hotel_70,2023-05-01,2023-04-07,0.2675438596491228,0.3278998,0.314177,0.32863438,0.3179291188716888
hotel_70,2023-05-02,2023-04-07,0.2807017543859649,0.3264189,0.32285312,0.33241466,0.3392983973026275
hotel_70,2023-05-03,2023-04-07,0.175438596491228,0.33201754,0.34004247,0.35081756,0.354135513305664
hotel_70,2023-05-04,2023-04-07,0.2587719298245614,0.34446603,0.38049406,0.3612732,0.3696433305740356
hotel_70,2023-05-05,2023-04-07,0.3684210526315789,0.3531825,0.36660635,0.39305902,0.4115314185619354
hotel_84,2023-04-08,2023-04-07,0.6020761245674741,0.77050596,0.82905257,0.8753683,0.8948096036911011
hotel_84,2023-04-09,2023-04-07,0.3979238754325259,0.68774694,0.784612,0.7601774,0.687766969203949
hotel_84,2023-04-10,2023-04-07,0.657439446366782,0.6941194,0.7437286,0.7665658,0.7434680461883545
hotel_84,2023-04-11,2023-04-07,0.7820069204152249,0.7363487,0.7704996,0.808465,0.8839408159255981
hotel_84,2023-04-12,2023-04-07,0.8339100346020761,0.75907916,0.81164956,0.8364591,0.8891623616218567
hotel_84,2023-04-13,2023-04-07,0.7923875432525952,0.7969073,0.7755293,0.8692101,0.8157784342765808
hotel_84,2023-04-14,2023-04-07,0.7993079584775087,0.8444502,0.76580834,0.93632454,0.8914804458618164
hotel_84,2023-04-15,2023-04-07,0.8304498269896193,0.85721236,0.7433635,0.9590657,0.9855619072914124
hotel_84,2023-04-16,2023-04-07,0.4186851211072664,0.75407386,0.7955949,0.8530282,0.6842050552368164
hotel_84,2023-04-17,2023-04-07,0.4913494809688581,0.7360089,0.78670883,0.8284719,0.7078193426132202
hotel_84,2023-04-18,2023-04-07,0.629757785467128,0.76862955,0.731633,0.8432797,0.8666456341743469
hotel_84,2023-04-19,2023-04-07,0.629757785467128,0.78871214,0.8211003,0.8609428,0.8709736466407776
hotel_84,2023-04-20,2023-04-07,0.9238754325259516,0.84325486,0.7916223,0.8765791,0.8040803670883179
hotel_84,2023-04-21,2023-04-07,0.944636678200692,0.8958062,0.7853452,0.9250039,0.9142712950706482
hotel_84,2023-04-22,2023-04-07,0.9065743944636678,0.90837955,0.8027337,0.9494054,0.983192503452301
hotel_84,2023-04-23,2023-04-07,0.657439446366782,0.79338086,0.79996,0.8692525,0.7056213021278381
hotel_84,2023-04-24,2023-04-07,0.9342560553633218,0.77741426,0.8541634,0.8531095,0.6966707706451416
hotel_84,2023-04-25,2023-04-07,0.9792387543252596,0.79652214,0.8410319,0.86321175,0.8274132609367371
hotel_84,2023-04-26,2023-04-07,0.9826989619377162,0.80750465,0.7884176,0.87334484,0.8330336213111877
hotel_84,2023-04-27,2023-04-07,0.7439446366782007,0.8516988,0.8378886,0.888844,0.7746554017066956
hotel_84,2023-04-28,2023-04-07,0.9515570934256056,0.91141367,0.9093654,0.93702114,0.8846628665924072
hotel_84,2023-04-29,2023-04-07,1.0069204152249136,0.92963785,0.84220517,0.9631834,0.9679432511329652
hotel_84,2023-04-30,2023-04-07,0.8062283737024222,0.82671773,0.88965666,0.88199174,0.7047045230865479
hotel_84,2023-05-01,2023-04-07,0.629757785467128,0.8051561,0.8108635,0.8698626,0.677843451499939
hotel_84,2023-05-02,2023-04-07,0.6851211072664359,0.8323882,0.7707397,0.8973426,0.8234695792198181
hotel_84,2023-05-03,2023-04-07,0.5155709342560554,0.8371774,0.8836098,0.9082963,0.8400141596794128
hotel_84,2023-05-04,2023-04-07,0.7335640138408305,0.87651956,0.85365397,0.9109295,0.7775641083717346
hotel_84,2023-05-05,2023-04-07,0.8719723183391004,0.9235604,0.8508085,0.9483044,0.896983802318573
hotel_91,2023-04-08,2023-04-07,0.6966292134831461,0.8812827,0.97042584,0.93553245,0.9904757738113404
hotel_91,2023-04-09,2023-04-07,0.3707865168539326,0.7712455,0.9430637,0.7846583,0.8481032848358154
hotel_91,2023-04-10,2023-04-07,0.7865168539325843,0.8636613,0.87238604,0.86101955,0.9486855268478394
hotel_91,2023-04-11,2023-04-07,0.9775280898876404,0.9603201,0.9635299,0.93794125,0.9753543138504028
hotel_91,2023-04-12,2023-04-07,1.0,0.9347921,0.94166946,0.9408865,0.9749095439910888
hotel_91,2023-04-13,2023-04-07,0.6179775280898876,0.9212641,0.9454815,0.89510316,0.9527618288993835
hotel_91,2023-04-14,2023-04-07,0.7078651685393258,0.9073434,0.86768675,0.8949399,0.964447021484375
hotel_91,2023-04-15,2023-04-07,0.7415730337078652,0.8603737,0.8210483,0.8588317,0.9554296731948853
hotel_91,2023-04-16,2023-04-07,0.4157303370786517,0.7654669,0.8104969,0.74215496,0.7594937682151794
hotel_91,2023-04-17,2023-04-07,0.7528089887640449,0.8761779,0.86671776,0.85015905,0.9058706760406494
hotel_91,2023-04-18,2023-04-07,0.7865168539325843,0.9721641,0.92705166,0.93560994,0.9626389741897584
hotel_91,2023-04-19,2023-04-07,0.8202247191011236,0.94853055,0.9091942,0.93768364,0.9611437916755676
hotel_91,2023-04-20,2023-04-07,0.7528089887640449,0.9230492,0.8228508,0.8923991,0.920011579990387
hotel_91,2023-04-21,2023-04-07,0.6179775280898876,0.9019414,0.9149897,0.9025998,0.9298570156097412
hotel_91,2023-04-22,2023-04-07,0.7191011235955056,0.84670746,0.87481165,0.86381906,0.9290416836738586
hotel_91,2023-04-23,2023-04-07,0.6629213483146067,0.75080043,0.77999204,0.7522771,0.7311409711837769
hotel_91,2023-04-24,2023-04-07,1.0,0.8575155,0.8827888,0.86284226,0.8990846872329712
hotel_91,2023-04-25,2023-04-07,0.9887640449438202,0.96641946,0.9141315,0.95076704,0.9567622542381288
hotel_91,2023-04-26,2023-04-07,0.9213483146067416,0.94199044,0.8956287,0.9521766,0.9567514657974244
hotel_91,2023-04-27,2023-04-07,0.550561797752809,0.9143607,0.9113642,0.90373373,0.9203962683677672
hotel_91,2023-04-28,2023-04-07,0.4382022471910112,0.8980551,0.8969414,0.91230094,0.928626835346222
hotel_91,2023-04-29,2023-04-07,0.4719101123595505,0.86272705,0.81329,0.8848048,0.9218074679374696
hotel_91,2023-04-30,2023-04-07,0.4269662921348314,0.7687955,0.895894,0.7740041,0.7303870916366577
hotel_91,2023-05-01,2023-04-07,0.5393258426966292,0.8676994,0.9514747,0.87760013,0.8639891147613525
hotel_91,2023-05-02,2023-04-07,0.8426966292134831,0.95701396,0.8705436,0.952362,0.9473910927772522
hotel_91,2023-05-03,2023-04-07,0.6966292134831461,0.93455243,0.82533485,0.95074975,0.9504478573799132
hotel_91,2023-05-04,2023-04-07,0.9325842696629212,0.90508664,0.8911139,0.9024381,0.9334338903427124
hotel_91,2023-05-05,2023-04-07,1.0,0.8844804,0.8930325,0.9083304,0.9455801844596864
hotel_98,2023-04-08,2023-04-07,0.4677419354838709,0.45091248,0.3964432,0.4558109,0.5152415633201599
hotel_98,2023-04-09,2023-04-07,0.1935483870967742,0.2747148,0.2112529,0.23221692,0.3715763092041015
hotel_98,2023-04-10,2023-04-07,0.2096774193548387,0.21702865,0.18666312,0.1977528,0.3371602296829223
hotel_98,2023-04-11,2023-04-07,0.2338709677419354,0.22300464,0.17482561,0.19587609,0.2359097450971603
hotel_98,2023-04-12,2023-04-07,0.0806451612903225,0.2067894,0.16468467,0.19533545,0.2306811064481735
hotel_98,2023-04-13,2023-04-07,0.1370967741935483,0.26465905,0.21510161,0.22486237,0.3008539974689483
hotel_98,2023-04-14,2023-04-07,0.1693548387096774,0.40530133,0.38044384,0.3441727,0.4172271490097046
hotel_98,2023-04-15,2023-04-07,0.1693548387096774,0.41137815,0.3716539,0.3862306,0.4615009129047394
hotel_98,2023-04-16,2023-04-07,0.1532258064516129,0.23817402,0.19866902,0.19120723,0.2485236823558807
hotel_98,2023-04-17,2023-04-07,0.1290322580645161,0.18260999,0.15040861,0.16353992,0.2319812029600143
hotel_98,2023-04-18,2023-04-07,0.1935483870967742,0.17959286,0.14958243,0.15560453,0.1991604268550872
hotel_98,2023-04-19,2023-04-07,0.1370967741935483,0.16598925,0.16636528,0.15808445,0.2049772888422012
hotel_98,2023-04-20,2023-04-07,0.1693548387096774,0.2224719,0.19425148,0.17933789,0.2545297741889953
hotel_98,2023-04-21,2023-04-07,0.2096774193548387,0.3383332,0.37156755,0.29493946,0.3887589871883392
hotel_98,2023-04-22,2023-04-07,0.3306451612903225,0.33430964,0.36276186,0.34256688,0.4555875360965729
hotel_98,2023-04-23,2023-04-07,0.1290322580645161,0.17183188,0.18794164,0.1588564,0.2577256858348846
hotel_98,2023-04-24,2023-04-07,0.1370967741935483,0.13864347,0.16050005,0.13121504,0.2694068551063537
hotel_98,2023-04-25,2023-04-07,0.1451612903225806,0.16001543,0.1616767,0.14106843,0.2433201223611831
hotel_98,2023-04-26,2023-04-07,0.0967741935483871,0.15596601,0.14603662,0.15968546,0.2452090382575988
hotel_98,2023-04-27,2023-04-07,0.1129032258064516,0.22319885,0.1712088,0.18421698,0.2665805518627167
hotel_98,2023-04-28,2023-04-07,0.4193548387096774,0.35202086,0.38375235,0.30635396,0.3607425093650818
hotel_98,2023-04-29,2023-04-07,0.6451612903225806,0.37677032,0.30344087,0.3649727,0.405839055776596
hotel_98,2023-04-30,2023-04-07,0.6935483870967742,0.21458444,0.20315409,0.17634413,0.2053808569908142
hotel_98,2023-05-01,2023-04-07,0.2177419354838709,0.17138728,0.14878011,0.1611985,0.2190530002117157
hotel_98,2023-05-02,2023-04-07,0.1612903225806451,0.17333268,0.18798526,0.1726691,0.213967964053154
hotel_98,2023-05-03,2023-04-07,0.1612903225806451,0.1570327,0.16789675,0.17864442,0.2266422659158706
hotel_98,2023-05-04,2023-04-07,0.3225806451612903,0.21196753,0.19322538,0.19716299,0.2639341950416565
hotel_98,2023-05-05,2023-04-07,0.314516129032258,0.33113137,0.35762957,0.3067478,0.3653953969478607
hotel_0,2023-05-06,2023-05-05,0.9876543209876544,0.803538,0.8795665,0.84296733,0.9127498865127563
hotel_0,2023-05-07,2023-05-05,0.6049382716049383,0.72848207,0.85145485,0.62420267,0.6629024147987366
hotel_0,2023-05-08,2023-05-05,0.4938271604938271,0.7050573,0.8160603,0.62073356,0.7039587497711182
hotel_0,2023-05-09,2023-05-05,0.6666666666666666,0.72847825,0.81504184,0.6812372,0.7379443645477295
hotel_0,2023-05-10,2023-05-05,0.6296296296296297,0.75608426,0.82124704,0.6876477,0.7408741116523743
hotel_0,2023-05-11,2023-05-05,0.8271604938271605,0.7826369,0.8452545,0.7209368,0.7571132779121399
hotel_0,2023-05-12,2023-05-05,0.8765432098765432,0.8129432,0.84113306,0.8425703,0.9068344831466676
hotel_0,2023-05-13,2023-05-05,0.9876543209876544,0.78929096,0.8073759,0.8443496,0.9495772123336792
hotel_0,2023-05-14,2023-05-05,0.4320987654320987,0.7190621,0.8890704,0.6295096,0.6528011560440063
hotel_0,2023-05-15,2023-05-05,0.5802469135802469,0.70118636,0.83178926,0.6222779,0.7006548047065735
hotel_0,2023-05-16,2023-05-05,0.7037037037037037,0.7297461,0.7583229,0.67708683,0.7312644124031067
hotel_0,2023-05-17,2023-05-05,0.691358024691358,0.77525413,0.84174335,0.68970555,0.7378740310668945
hotel_0,2023-05-18,2023-05-05,0.7654320987654321,0.8234354,0.8282906,0.7117337,0.7655850648880005
hotel_0,2023-05-19,2023-05-05,0.6666666666666666,0.8693766,0.8067613,0.8283466,0.9248640537261964
hotel_0,2023-05-20,2023-05-05,0.8024691358024691,0.85395557,0.76171225,0.81844264,0.953730285167694
hotel_0,2023-05-21,2023-05-05,0.3333333333333333,0.8033995,0.7724443,0.6187787,0.6668965816497803
hotel_0,2023-05-22,2023-05-05,0.3950617283950617,0.8058282,0.80652225,0.62018716,0.6848201155662537
hotel_0,2023-05-23,2023-05-05,0.6172839506172839,0.8408218,0.77998036,0.6774246,0.6843549013137817
hotel_0,2023-05-24,2023-05-05,0.7654320987654321,0.8677729,0.80059487,0.70092124,0.6988697648048401
hotel_0,2023-05-25,2023-05-05,0.7407407407407407,0.8823684,0.7876622,0.73151916,0.7668635249137878
hotel_0,2023-05-26,2023-05-05,0.8518518518518519,0.8864421,0.883748,0.86079013,0.9442097544670104
hotel_0,2023-05-27,2023-05-05,0.9753086419753086,0.8383244,0.8233359,0.86677104,0.9688798785209656
hotel_0,2023-05-28,2023-05-05,0.8888888888888888,0.7556838,0.8382476,0.6678031,0.7499196529388428
hotel_0,2023-05-29,2023-05-05,0.2716049382716049,0.7209445,0.7864957,0.6755214,0.7813422083854675
hotel_0,2023-05-30,2023-05-05,0.2962962962962963,0.7275568,0.8786778,0.7128192,0.7904329895973206
hotel_0,2023-05-31,2023-05-05,0.3950617283950617,0.7513388,0.89010626,0.720143,0.7975237965583801
hotel_0,2023-06-01,2023-05-05,0.4320987654320987,0.7849996,0.8285237,0.75916696,0.8408048152923584
hotel_0,2023-06-02,2023-05-05,0.691358024691358,0.82878584,0.8238233,0.8806567,0.9641209840774536
hotel_105,2023-05-06,2023-05-05,0.9056603773584906,0.8923963,0.910324,0.9019654,0.9189999103546144
hotel_105,2023-05-07,2023-05-05,0.7672955974842768,0.767505,0.83256644,0.7013112,0.7012849450111389
hotel_105,2023-05-08,2023-05-05,1.0125786163522013,0.77206004,0.79909575,0.7222953,0.7288296222686768
hotel_105,2023-05-09,2023-05-05,0.9937106918238994,0.82639706,0.82630515,0.8028274,0.8588601350784302
hotel_105,2023-05-10,2023-05-05,1.0,0.86841965,0.8200021,0.82217395,0.8704890012741089
hotel_105,2023-05-11,2023-05-05,0.7924528301886793,0.86567557,0.8634483,0.8204981,0.8268859386444092
hotel_105,2023-05-12,2023-05-05,1.0062893081761006,0.910522,0.82816416,0.9000298,0.9285409450531006
hotel_105,2023-05-13,2023-05-05,0.9685534591194968,0.9068449,0.8506553,0.92246974,0.9560693502426147
hotel_105,2023-05-14,2023-05-05,0.6415094339622641,0.78741163,0.804123,0.7322703,0.6920332908630371
hotel_105,2023-05-15,2023-05-05,0.9622641509433962,0.79757774,0.80501896,0.762878,0.7357312440872192
hotel_105,2023-05-16,2023-05-05,1.0314465408805031,0.84694105,0.8571242,0.8231809,0.8899617195129395
hotel_105,2023-05-17,2023-05-05,1.0,0.8868984,0.86511064,0.8506956,0.9156608581542968
hotel_105,2023-05-18,2023-05-05,0.8867924528301887,0.89188397,0.8815225,0.84270316,0.8620040416717529
hotel_105,2023-05-19,2023-05-05,0.949685534591195,0.94083774,0.8835577,0.9084964,0.9425530433654784
hotel_105,2023-05-20,2023-05-05,0.9937106918238994,0.9405029,0.862209,0.9260454,0.9565210342407228
hotel_105,2023-05-21,2023-05-05,0.8553459119496856,0.8222842,0.83459157,0.7581382,0.7214226722717285
hotel_105,2023-05-22,2023-05-05,0.9622641509433962,0.8281083,0.83858764,0.7926526,0.7821674942970276
hotel_105,2023-05-23,2023-05-05,0.9559748427672956,0.8742629,0.87080747,0.8522614,0.9180858135223388
hotel_105,2023-05-24,2023-05-05,1.0,0.90596783,0.83334935,0.868113,0.9310678243637084
hotel_105,2023-05-25,2023-05-05,0.9433962264150944,0.88943774,0.8427068,0.8618737,0.8731434941291809
hotel_105,2023-05-26,2023-05-05,1.0062893081761006,0.9255693,0.8985853,0.91462636,0.9327101707458496
hotel_105,2023-05-27,2023-05-05,1.0,0.918406,0.9077412,0.91560906,0.946424961090088
hotel_105,2023-05-28,2023-05-05,0.9056603773584906,0.789612,0.8986599,0.74423397,0.7293318510055542
hotel_105,2023-05-29,2023-05-05,0.9182389937106918,0.78745097,0.8455218,0.78068346,0.7609283924102783
hotel_105,2023-05-30,2023-05-05,0.9748427672955976,0.83781165,0.854765,0.83391994,0.8713947534561157
hotel_105,2023-05-31,2023-05-05,1.0125786163522013,0.87931037,0.86614025,0.83993983,0.8769409656524658
hotel_105,2023-06-01,2023-05-05,0.8930817610062893,0.8770708,0.8649821,0.82151175,0.8257776498794556
hotel_105,2023-06-02,2023-05-05,0.949685534591195,0.9265189,0.8750015,0.8690279,0.9057372212409972
hotel_112,2023-05-06,2023-05-05,0.7875,0.80586994,0.81886286,0.78637123,0.7686779499053955
hotel_112,2023-05-07,2023-05-05,0.8125,0.8356838,0.8277085,0.7973764,0.7603665590286255
hotel_112,2023-05-08,2023-05-05,0.8625,0.8564603,0.84693724,0.83800477,0.8095940947532654
hotel_112,2023-05-09,2023-05-05,0.9125,0.87410474,0.8174147,0.8602894,0.8298811912536621
hotel_112,2023-05-10,2023-05-05,0.775,0.88503975,0.8430481,0.8726454,0.8415999412536621
hotel_112,2023-05-11,2023-05-05,0.8625,0.89044124,0.8461377,0.86123604,0.8395819067955017
hotel_112,2023-05-12,2023-05-05,0.85625,0.88325334,0.8524398,0.85283667,0.8132073283195496
hotel_112,2023-05-13,2023-05-05,0.9625,0.8750573,0.86932313,0.8366846,0.8250604271888733
hotel_112,2023-05-14,2023-05-05,0.70625,0.8726726,0.8657669,0.8284519,0.8164392113685608
hotel_112,2023-05-15,2023-05-05,0.9875,0.8787963,0.87981564,0.85600686,0.8560033440589905
hotel_112,2023-05-16,2023-05-05,1.01875,0.8841816,0.8684894,0.87102294,0.8766397833824158
hotel_112,2023-05-17,2023-05-05,0.99375,0.8872439,0.8491469,0.8769697,0.8912938237190247
hotel_112,2023-05-18,2023-05-05,1.025,0.88183,0.86136526,0.8611113,0.8870901465415955
hotel_112,2023-05-19,2023-05-05,0.925,0.8767774,0.8545094,0.8495968,0.8596963882446289
hotel_112,2023-05-20,2023-05-05,0.90625,0.8666001,0.83583224,0.8327593,0.8599863052368164
hotel_112,2023-05-21,2023-05-05,1.00625,0.86535496,0.8573339,0.8220648,0.8534988760948181
hotel_112,2023-05-22,2023-05-05,0.93125,0.86584747,0.8379306,0.8470502,0.887405514717102
hotel_112,2023-05-23,2023-05-05,0.9625,0.87288016,0.82445365,0.8617418,0.9054712057113647
hotel_112,2023-05-24,2023-05-05,0.95625,0.8725211,0.85812974,0.86930454,0.9128434062004088
hotel_112,2023-05-25,2023-05-05,0.96875,0.8665043,0.8639558,0.85525495,0.8953046202659607
hotel_112,2023-05-26,2023-05-05,0.99375,0.85273594,0.8401935,0.84612566,0.8489081263542175
hotel_112,2023-05-27,2023-05-05,1.0125,0.84703875,0.86572146,0.82824177,0.8430179357528687
hotel_112,2023-05-28,2023-05-05,0.93125,0.8466911,0.8614595,0.8148264,0.822426974773407
hotel_112,2023-05-29,2023-05-05,0.9375,0.8501093,0.83306944,0.84004563,0.8494130373001099
hotel_112,2023-05-30,2023-05-05,0.7875,0.85759324,0.86759543,0.85599166,0.8706811666488647
hotel_112,2023-05-31,2023-05-05,0.98125,0.87085766,0.8212246,0.86040056,0.8822407126426697
hotel_112,2023-06-01,2023-05-05,0.75,0.8719364,0.8467135,0.8457459,0.8587039709091187
hotel_112,2023-06-02,2023-05-05,0.75625,0.86836904,0.85035825,0.8363354,0.8326302170753479
hotel_126,2023-05-06,2023-05-05,0.99601593625498,1.0006276,0.98955464,0.9960448,0.9953805208206176
hotel_126,2023-05-07,2023-05-05,0.9243027888446216,0.99235016,0.9851533,0.9697116,0.985464572906494
hotel_126,2023-05-08,2023-05-05,1.0,0.98641926,0.9865972,0.9670405,0.9791861772537231
hotel_126,2023-05-09,2023-05-05,1.00398406374502,0.9852725,0.9852784,0.97482634,0.9839478135108948
hotel_126,2023-05-10,2023-05-05,0.9840637450199204,0.98424757,0.98362446,0.97871506,0.9850758910179138
hotel_126,2023-05-11,2023-05-05,0.9123505976095616,0.9860106,0.98035324,0.98630166,0.9852482080459596
hotel_126,2023-05-12,2023-05-05,1.0,0.9878722,0.98259276,0.99836767,0.9931378960609436
hotel_126,2023-05-13,2023-05-05,1.00398406374502,0.98662585,0.98037976,0.99573153,0.994398832321167
hotel_126,2023-05-14,2023-05-05,0.9681274900398408,0.983716,0.97951084,0.9668979,0.9740211963653564
hotel_126,2023-05-15,2023-05-05,0.9800796812749004,0.98459697,0.9831956,0.96417093,0.9625837206840516
hotel_126,2023-05-16,2023-05-05,0.9880478087649402,0.98292685,0.9792931,0.9735417,0.972590148448944
hotel_126,2023-05-17,2023-05-05,0.9800796812749004,0.9780397,0.97690517,0.9812683,0.9762154221534728
hotel_126,2023-05-18,2023-05-05,0.9880478087649402,0.9813179,0.9857805,0.9849232,0.976982831954956
hotel_126,2023-05-19,2023-05-05,0.99601593625498,0.98761123,0.9813771,0.9935917,0.991286277770996
hotel_126,2023-05-20,2023-05-05,1.0,0.9871434,0.9742366,0.9885447,0.9934180974960328
hotel_126,2023-05-21,2023-05-05,1.0,0.98470676,0.97856957,0.9574651,0.9545533657073976
hotel_126,2023-05-22,2023-05-05,1.0,0.9845015,0.9821438,0.95064735,0.936599612236023
hotel_126,2023-05-23,2023-05-05,0.9920318725099602,0.9854461,0.97931427,0.9575557,0.9570590257644652
hotel_126,2023-05-24,2023-05-05,0.9920318725099602,0.9841938,0.98371404,0.9665645,0.9680901169776917
hotel_126,2023-05-25,2023-05-05,0.9561752988047808,0.98636085,0.9735646,0.97693735,0.9721011519432068
hotel_126,2023-05-26,2023-05-05,0.9800796812749004,0.98923844,0.97601336,0.99039674,0.9907821416854858
hotel_126,2023-05-27,2023-05-05,1.0079681274900398,0.9884333,0.97656536,0.9929716,0.993154227733612
hotel_126,2023-05-28,2023-05-05,0.9880478087649402,0.98470664,0.97947705,0.97143704,0.9591341018676758
hotel_126,2023-05-29,2023-05-05,0.9641434262948207,0.98348886,0.97693634,0.96956706,0.952244997024536
hotel_126,2023-05-30,2023-05-05,0.9641434262948207,0.9859866,0.9740904,0.9751297,0.9691697955131532
hotel_126,2023-05-31,2023-05-05,1.00398406374502,0.984892,0.97310734,0.9790424,0.9758443236351012
hotel_126,2023-06-01,2023-05-05,0.8047808764940239,0.985044,0.9794638,0.9852881,0.9777714014053344
hotel_126,2023-06-02,2023-05-05,1.00398406374502,0.9869468,0.9740692,0.9966406,0.9914760589599608
hotel_133,2023-05-06,2023-05-05,0.9016393442622952,0.9456022,0.97685987,0.99159324,0.9912742376327516
hotel_133,2023-05-07,2023-05-05,0.7540983606557377,0.83081234,0.9550128,0.79570735,0.6557015776634216
hotel_133,2023-05-08,2023-05-05,0.7704918032786885,0.81919765,0.9433792,0.8054558,0.6855219006538391
hotel_133,2023-05-09,2023-05-05,0.8524590163934426,0.8518886,0.9191461,0.8302343,0.7218031883239746
hotel_133,2023-05-10,2023-05-05,0.8524590163934426,0.8780318,0.94150823,0.85799325,0.7887435555458069
hotel_133,2023-05-11,2023-05-05,0.8688524590163934,0.90921366,0.9425886,0.8739655,0.883959949016571
hotel_133,2023-05-12,2023-05-05,0.9836065573770492,0.944332,0.92832375,0.9243542,0.965972900390625
hotel_133,2023-05-13,2023-05-05,1.0,0.922033,0.9174024,0.93589914,0.97373366355896
hotel_133,2023-05-14,2023-05-05,0.7540983606557377,0.8116905,0.9391768,0.7716681,0.6809728741645813
hotel_133,2023-05-15,2023-05-05,0.7049180327868853,0.81275225,0.93477273,0.7915362,0.7123188376426697
hotel_133,2023-05-16,2023-05-05,0.7704918032786885,0.8538146,0.92880774,0.83054066,0.7523820996284485
hotel_133,2023-05-17,2023-05-05,0.8688524590163934,0.88232034,0.9413598,0.88099647,0.8266498446464539
hotel_133,2023-05-18,2023-05-05,0.9344262295081968,0.91941106,0.9417421,0.8969979,0.9027143120765686
hotel_133,2023-05-19,2023-05-05,0.9672131147540984,0.9691004,0.947013,0.957495,0.9738501310348512
hotel_133,2023-05-20,2023-05-05,0.9016393442622952,0.9556642,0.95471156,0.9752438,0.9914290308952332
hotel_133,2023-05-21,2023-05-05,0.8360655737704918,0.85280293,0.9431704,0.8098819,0.7636427879333496
hotel_133,2023-05-22,2023-05-05,0.9016393442622952,0.8541713,0.9261275,0.8196211,0.7803745865821838
hotel_133,2023-05-23,2023-05-05,0.9016393442622952,0.8894683,0.92250246,0.8502476,0.8262050151824951
hotel_133,2023-05-24,2023-05-05,1.0,0.90781343,0.9493941,0.87780297,0.8581886887550354
hotel_133,2023-05-25,2023-05-05,0.9672131147540984,0.93064266,0.9409828,0.8872297,0.8915438055992126
hotel_133,2023-05-26,2023-05-05,0.9836065573770492,0.9628318,0.94388974,0.9545598,0.9772393107414246
hotel_133,2023-05-27,2023-05-05,1.0,0.94119006,0.940786,0.9709866,0.9916384220123292
hotel_133,2023-05-28,2023-05-05,0.9016393442622952,0.8345974,0.93439,0.8065728,0.8283205628395081
hotel_133,2023-05-29,2023-05-05,0.8524590163934426,0.8288679,0.8786814,0.8304409,0.8280735015869141
hotel_133,2023-05-30,2023-05-05,0.8688524590163934,0.86083317,0.93917793,0.8562051,0.8285647630691528
hotel_133,2023-05-31,2023-05-05,1.0,0.88613427,0.9405679,0.87168205,0.8316425681114197
hotel_133,2023-06-01,2023-05-05,1.0,0.9165925,0.94019026,0.87712324,0.8587124347686768
hotel_133,2023-06-02,2023-05-05,0.9836065573770492,0.95973086,0.86359525,0.9324877,0.972859025001526
hotel_14,2023-05-06,2023-05-05,0.8490566037735849,0.8389336,0.78727764,0.8667322,0.8747147917747498
hotel_14,2023-05-07,2023-05-05,0.5,0.69622403,0.71221644,0.63524115,0.588411808013916
hotel_14,2023-05-08,2023-05-05,0.7452830188679245,0.719817,0.7270068,0.7347505,0.6863488554954529
hotel_14,2023-05-09,2023-05-05,0.8207547169811321,0.7933199,0.7520928,0.82442325,0.8268221616744995
hotel_14,2023-05-10,2023-05-05,0.7641509433962265,0.796842,0.79121166,0.83981067,0.8399250507354736
hotel_14,2023-05-11,2023-05-05,0.8113207547169812,0.77177125,0.8030951,0.8047983,0.7768301963806152
hotel_14,2023-05-12,2023-05-05,0.8018867924528302,0.79948527,0.786082,0.8414515,0.8131687641143799
hotel_14,2023-05-13,2023-05-05,0.6981132075471698,0.79112405,0.7639728,0.84919816,0.8443647027015686
hotel_14,2023-05-14,2023-05-05,0.4056603773584906,0.6535174,0.7170176,0.6224486,0.6029216647148132
hotel_14,2023-05-15,2023-05-05,0.6792452830188679,0.68629456,0.71056616,0.71764654,0.7403258085250854
hotel_14,2023-05-16,2023-05-05,0.6698113207547169,0.7679276,0.7536507,0.79602474,0.8605571985244751
hotel_14,2023-05-17,2023-05-05,0.6981132075471698,0.77877146,0.77619034,0.8087798,0.8665528893470764
hotel_14,2023-05-18,2023-05-05,0.7075471698113207,0.7486063,0.8085369,0.77381,0.8074655532836914
hotel_14,2023-05-19,2023-05-05,0.8018867924528302,0.77470803,0.7919073,0.8121142,0.8296723365783691
hotel_14,2023-05-20,2023-05-05,0.7735849056603774,0.768334,0.7470171,0.81631607,0.860456645488739
hotel_14,2023-05-21,2023-05-05,0.490566037735849,0.63595027,0.7104575,0.5922897,0.5798956155776978
hotel_14,2023-05-22,2023-05-05,0.4716981132075472,0.6742548,0.7226317,0.6832466,0.6356658935546875
hotel_14,2023-05-23,2023-05-05,0.5849056603773585,0.7612415,0.7788906,0.7582563,0.7475211024284363
hotel_14,2023-05-24,2023-05-05,0.5566037735849056,0.7614992,0.78500557,0.76803315,0.7500180006027222
hotel_14,2023-05-25,2023-05-05,0.4716981132075472,0.7159597,0.7646743,0.7247514,0.6764044761657715
hotel_14,2023-05-26,2023-05-05,0.5660377358490566,0.7324659,0.7851127,0.75172037,0.7245796322822571
hotel_14,2023-05-27,2023-05-05,0.6981132075471698,0.7219264,0.7458852,0.76301146,0.7933779358863831
hotel_14,2023-05-28,2023-05-05,0.4811320754716981,0.5810209,0.72512347,0.5339153,0.5288962721824646
hotel_14,2023-05-29,2023-05-05,0.3773584905660377,0.60761106,0.7163843,0.6288919,0.6072291731834412
hotel_14,2023-05-30,2023-05-05,0.490566037735849,0.6789049,0.75206715,0.70985115,0.7253228425979614
hotel_14,2023-05-31,2023-05-05,0.5471698113207547,0.6859976,0.75111973,0.7143258,0.7403430342674255
hotel_14,2023-06-01,2023-05-05,0.5188679245283019,0.6513671,0.769988,0.6884424,0.646767795085907
hotel_14,2023-06-02,2023-05-05,0.5660377358490566,0.6697804,0.8022401,0.7357839,0.6940180659294128
hotel_21,2023-05-06,2023-05-05,0.9907407407407408,0.9859363,0.98955226,0.9922519,0.9930718541145324
hotel_21,2023-05-07,2023-05-05,0.9166666666666666,0.9802621,0.98839843,0.9710198,0.979350447654724
hotel_21,2023-05-08,2023-05-05,0.8796296296296297,0.9775025,0.9895056,0.9697393,0.972463846206665
hotel_21,2023-05-09,2023-05-05,0.9166666666666666,0.9827023,0.98694783,0.9853232,0.9912087321281432
hotel_21,2023-05-10,2023-05-05,0.976851851851852,0.9861229,0.9870198,0.99077266,0.9902615547180176
hotel_21,2023-05-11,2023-05-05,0.976851851851852,0.9872354,0.98761,0.98875475,0.9874334931373596
hotel_21,2023-05-12,2023-05-05,0.9953703703703703,0.9818856,0.98571336,0.98573816,0.9876655340194702
hotel_21,2023-05-13,2023-05-05,0.9953703703703703,0.97721976,0.98613113,0.98568726,0.9906985759735109
hotel_21,2023-05-14,2023-05-05,0.8055555555555556,0.9696585,0.98295814,0.96929896,0.9717395305633544
hotel_21,2023-05-15,2023-05-05,0.8194444444444444,0.96933234,0.9837606,0.96990615,0.9660274386405944
hotel_21,2023-05-16,2023-05-05,1.0092592592592593,0.9743717,0.9874445,0.9844653,0.9905471205711364
hotel_21,2023-05-17,2023-05-05,1.0092592592592593,0.9823821,0.9864776,0.9902022,0.9871363639831544
hotel_21,2023-05-18,2023-05-05,1.0046296296296295,0.98556226,0.98491365,0.988587,0.9860125780105592
hotel_21,2023-05-19,2023-05-05,0.8842592592592593,0.98525167,0.98446655,0.9850953,0.985842764377594
hotel_21,2023-05-20,2023-05-05,1.0138888888888888,0.97877926,0.9845167,0.9854036,0.9899810552597046
hotel_21,2023-05-21,2023-05-05,1.0,0.97383904,0.9859814,0.97186226,0.968191623687744
hotel_21,2023-05-22,2023-05-05,0.9537037037037036,0.97191364,0.98478216,0.9724488,0.9679332971572876
hotel_21,2023-05-23,2023-05-05,0.9166666666666666,0.9755634,0.984188,0.9845834,0.9903480410575868
hotel_21,2023-05-24,2023-05-05,0.9166666666666666,0.97554684,0.98892903,0.98940444,0.9862651824951172
hotel_21,2023-05-25,2023-05-05,0.925925925925926,0.97727156,0.98038644,0.98799264,0.9851682782173156
hotel_21,2023-05-26,2023-05-05,0.9814814814814816,0.97366834,0.985747,0.9844584,0.9851759672164916
hotel_21,2023-05-27,2023-05-05,1.0092592592592593,0.96904105,0.98402,0.9846229,0.9881919622421264
hotel_21,2023-05-28,2023-05-05,1.0046296296296295,0.9639002,0.9828532,0.97185713,0.9639023542404176
hotel_21,2023-05-29,2023-05-05,0.75,0.96622473,0.98073506,0.97146267,0.9613423347473145
hotel_21,2023-05-30,2023-05-05,0.75,0.9734118,0.98267305,0.98377764,0.9874013662338256
hotel_21,2023-05-31,2023-05-05,0.8981481481481481,0.98121667,0.9794983,0.9892985,0.985133409500122
hotel_21,2023-06-01,2023-05-05,0.9444444444444444,0.98287123,0.98292184,0.9877156,0.9805012345314026
hotel_21,2023-06-02,2023-05-05,1.0,0.98153937,0.983228,0.98425204,0.9811857342720032
hotel_35,2023-05-06,2023-05-05,0.615234375,0.7214831,0.68875885,0.7128398,0.7066318392753601
hotel_35,2023-05-07,2023-05-05,0.5703125,0.715822,0.6843459,0.6850653,0.693077564239502
hotel_35,2023-05-08,2023-05-05,0.630859375,0.714265,0.7073806,0.6792817,0.6577518582344055
hotel_35,2023-05-09,2023-05-05,0.697265625,0.7100391,0.6846553,0.6877437,0.6638234853744507
hotel_35,2023-05-10,2023-05-05,0.79296875,0.7065269,0.6780963,0.6789174,0.6612901091575623
hotel_35,2023-05-11,2023-05-05,0.806640625,0.7015364,0.6739317,0.6803741,0.6605880260467529
hotel_35,2023-05-12,2023-05-05,0.759765625,0.6977402,0.69100255,0.68225735,0.6790673732757568
hotel_35,2023-05-13,2023-05-05,0.8515625,0.69353914,0.6832101,0.6854475,0.6884737014770508
hotel_35,2023-05-14,2023-05-05,0.802734375,0.6922358,0.67613274,0.664385,0.690434992313385
hotel_35,2023-05-15,2023-05-05,0.833984375,0.6867107,0.7010288,0.6606896,0.648945689201355
hotel_35,2023-05-16,2023-05-05,0.884765625,0.67901707,0.6782255,0.6677305,0.6628657579421997
hotel_35,2023-05-17,2023-05-05,0.76953125,0.6729343,0.69777536,0.6633749,0.6567320823669434
hotel_35,2023-05-18,2023-05-05,0.73046875,0.6730459,0.6724405,0.66290015,0.6368792057037354
hotel_35,2023-05-19,2023-05-05,0.658203125,0.6646898,0.6560109,0.66713285,0.6386308073997498
hotel_35,2023-05-20,2023-05-05,0.6328125,0.65437466,0.67577255,0.66476727,0.6332289576530457
hotel_35,2023-05-21,2023-05-05,0.556640625,0.6454717,0.67531335,0.63666546,0.6179304718971252
hotel_35,2023-05-22,2023-05-05,0.681640625,0.64165854,0.68432474,0.6333169,0.5935580134391785
hotel_35,2023-05-23,2023-05-05,0.669921875,0.6362065,0.6757426,0.6390094,0.6151123046875
hotel_35,2023-05-24,2023-05-05,0.6796875,0.63171995,0.69636226,0.63687366,0.6078659296035767
hotel_35,2023-05-25,2023-05-05,0.591796875,0.62506956,0.6383759,0.6291001,0.5868691802024841
hotel_35,2023-05-26,2023-05-05,0.568359375,0.61855716,0.6739697,0.6290102,0.5880046486854553
hotel_35,2023-05-27,2023-05-05,0.515625,0.60824585,0.6752869,0.6188258,0.5908437967300415
hotel_35,2023-05-28,2023-05-05,0.6015625,0.6025521,0.67051935,0.59280795,0.5745316743850708
hotel_35,2023-05-29,2023-05-05,0.654296875,0.5952078,0.64225626,0.59569836,0.5541872382164001
hotel_35,2023-05-30,2023-05-05,0.63671875,0.59321666,0.7190069,0.60435086,0.5858786702156067
hotel_35,2023-05-31,2023-05-05,0.529296875,0.584885,0.70505047,0.5986467,0.577563464641571
hotel_35,2023-06-01,2023-05-05,0.53125,0.5825391,0.62076056,0.59553844,0.5144346952438354
hotel_35,2023-06-02,2023-05-05,0.55078125,0.57886535,0.6179276,0.5988455,0.519615113735199
hotel_42,2023-05-06,2023-05-05,0.9878542510121456,0.83156455,0.80199474,0.97399724,0.9188660383224488
hotel_42,2023-05-07,2023-05-05,0.4534412955465587,0.7695555,0.71036613,0.648842,0.4208799302577972
hotel_42,2023-05-08,2023-05-05,0.8947368421052632,0.7353068,0.677284,0.6759798,0.546846866607666
hotel_42,2023-05-09,2023-05-05,0.951417004048583,0.7464876,0.8496517,0.7709838,0.7985307574272156
hotel_42,2023-05-10,2023-05-05,0.5384615384615384,0.7711478,0.78753227,0.78776246,0.8188595771789551
hotel_42,2023-05-11,2023-05-05,0.4412955465587044,0.79552114,0.73927927,0.7700539,0.8115523457527161
hotel_42,2023-05-12,2023-05-05,0.5910931174089069,0.78487164,0.7153063,0.84101075,0.804961621761322
hotel_42,2023-05-13,2023-05-05,0.7044534412955465,0.7663405,0.68025875,0.89866084,0.8902212977409363
hotel_42,2023-05-14,2023-05-05,0.3319838056680162,0.7257822,0.64771646,0.6241592,0.523552656173706
hotel_42,2023-05-15,2023-05-05,0.6234817813765182,0.72505355,0.6538949,0.6817016,0.7435953617095947
hotel_42,2023-05-16,2023-05-05,0.8987854251012146,0.75247264,0.81128573,0.7637633,0.8485264778137207
hotel_42,2023-05-17,2023-05-05,0.9919028340080972,0.77769417,0.7938386,0.7746188,0.7524284720420837
hotel_42,2023-05-18,2023-05-05,0.9919028340080972,0.79167616,0.78467584,0.75706273,0.7197986841201782
hotel_42,2023-05-19,2023-05-05,1.0,0.78874475,0.8233639,0.8282934,0.8004206418991089
hotel_42,2023-05-20,2023-05-05,0.9878542510121456,0.77888155,0.7820606,0.8995404,0.8929818272590637
hotel_42,2023-05-21,2023-05-05,0.4534412955465587,0.7544893,0.67017865,0.61507225,0.4287609755992889
hotel_42,2023-05-22,2023-05-05,0.6639676113360324,0.73606163,0.71383846,0.6719722,0.5394057035446167
hotel_42,2023-05-23,2023-05-05,0.680161943319838,0.7301674,0.74304545,0.76961535,0.7263491749763489
hotel_42,2023-05-24,2023-05-05,0.5668016194331984,0.72034323,0.82367057,0.7770937,0.6889317631721497
hotel_42,2023-05-25,2023-05-05,0.7044534412955465,0.71909904,0.7768083,0.7526237,0.7338491678237915
hotel_42,2023-05-26,2023-05-05,0.9959514170040484,0.6926537,0.7894731,0.8222037,0.833814263343811
hotel_42,2023-05-27,2023-05-05,1.0,0.65471834,0.71851885,0.88281316,0.8967434167861938
hotel_42,2023-05-28,2023-05-05,0.9959514170040484,0.6031318,0.7212845,0.59942275,0.5008272528648376
hotel_42,2023-05-29,2023-05-05,0.2186234817813765,0.5827836,0.7801983,0.65238214,0.414588987827301
hotel_42,2023-05-30,2023-05-05,0.2510121457489878,0.5964305,0.74798864,0.73445195,0.5414872765541077
hotel_42,2023-05-31,2023-05-05,0.2753036437246963,0.6153342,0.8183342,0.73088324,0.5807635188102722
hotel_42,2023-06-01,2023-05-05,0.3036437246963562,0.6341776,0.75217414,0.7303448,0.6192147731781006
hotel_42,2023-06-02,2023-05-05,0.5789473684210527,0.64720106,0.7854969,0.7965227,0.7413840293884277
hotel_49,2023-05-06,2023-05-05,0.7117903930131004,0.7050424,0.7466266,0.75562614,0.7391607165336609
hotel_49,2023-05-07,2023-05-05,0.7161572052401747,0.70472443,0.720245,0.68757164,0.6384977102279663
hotel_49,2023-05-08,2023-05-05,0.74235807860262,0.7066433,0.7311412,0.6865896,0.6157360672950745
hotel_49,2023-05-09,2023-05-05,0.6986899563318777,0.7160333,0.7354516,0.71442527,0.6218476295471191
hotel_49,2023-05-10,2023-05-05,0.5065502183406113,0.7300832,0.73473215,0.7220771,0.6328108906745911
hotel_49,2023-05-11,2023-05-05,0.4585152838427948,0.74569523,0.71561086,0.73397744,0.6841419339179993
hotel_49,2023-05-12,2023-05-05,0.5982532751091703,0.7508609,0.72880876,0.775882,0.7333038449287415
hotel_49,2023-05-13,2023-05-05,0.6855895196506551,0.74225414,0.73062223,0.783069,0.7390074133872986
hotel_49,2023-05-14,2023-05-05,0.4759825327510917,0.725898,0.7290635,0.70465815,0.6241759061813354
hotel_49,2023-05-15,2023-05-05,0.5895196506550219,0.7113807,0.73949313,0.702658,0.6192389130592346
hotel_49,2023-05-16,2023-05-05,0.6462882096069869,0.7142417,0.7196939,0.7294236,0.6312678456306458
hotel_49,2023-05-17,2023-05-05,0.6812227074235808,0.72680765,0.72738427,0.730128,0.6341614127159119
hotel_49,2023-05-18,2023-05-05,0.5545851528384279,0.7381665,0.7181132,0.74758464,0.6713482737541199
hotel_49,2023-05-19,2023-05-05,0.7292576419213974,0.7377461,0.7348445,0.7890717,0.7333797216415405
hotel_49,2023-05-20,2023-05-05,0.7467248908296943,0.72837603,0.70999277,0.79071915,0.7431941628456116
hotel_49,2023-05-21,2023-05-05,0.5982532751091703,0.72028375,0.72532785,0.71403587,0.6061383485794067
hotel_49,2023-05-22,2023-05-05,0.5764192139737991,0.7125137,0.71564496,0.7070694,0.6001980900764465
hotel_49,2023-05-23,2023-05-05,0.6026200873362445,0.7166104,0.71997285,0.7362147,0.617682158946991
hotel_49,2023-05-24,2023-05-05,0.5982532751091703,0.72531146,0.71202517,0.7322651,0.6271167993545532
hotel_49,2023-05-25,2023-05-05,0.5851528384279476,0.7315881,0.7015104,0.7461073,0.6596436500549316
hotel_49,2023-05-26,2023-05-05,0.5982532751091703,0.72688055,0.7454843,0.788696,0.7345125079154968
hotel_49,2023-05-27,2023-05-05,0.6026200873362445,0.7163534,0.74505544,0.79569083,0.7515199780464172
hotel_49,2023-05-28,2023-05-05,0.5982532751091703,0.7098366,0.702241,0.71626645,0.6017781496047974
hotel_49,2023-05-29,2023-05-05,0.4585152838427948,0.69839144,0.7112841,0.7102389,0.5931695699691772
hotel_49,2023-05-30,2023-05-05,0.5327510917030568,0.7013209,0.7190454,0.7341714,0.605472207069397
hotel_49,2023-05-31,2023-05-05,0.611353711790393,0.71568304,0.67955077,0.7394218,0.610999345779419
hotel_49,2023-06-01,2023-05-05,0.6637554585152838,0.7364269,0.7155737,0.7530866,0.6412972211837769
hotel_49,2023-06-02,2023-05-05,0.7336244541484717,0.74556875,0.6971626,0.7927337,0.7355013489723206
hotel_56,2023-05-06,2023-05-05,0.9833333333333332,0.97585684,0.996043,0.99618936,0.9997055530548096
hotel_56,2023-05-07,2023-05-05,0.75,0.9620078,0.9966246,0.917682,0.8883669376373291
hotel_56,2023-05-08,2023-05-05,1.0,0.9639688,0.9955026,0.9303511,0.9442931413650512
hotel_56,2023-05-09,2023-05-05,1.0,0.97790086,0.9959236,0.9769254,0.996553122997284
hotel_56,2023-05-10,2023-05-05,0.8166666666666667,0.99070764,0.9938519,0.98779994,0.99938303232193
hotel_56,2023-05-11,2023-05-05,0.625,0.9902321,0.9953138,0.9888966,0.9925522208213806
hotel_56,2023-05-12,2023-05-05,0.975,0.98664755,0.99527,1.0009018,0.9994851350784302
hotel_56,2023-05-13,2023-05-05,0.8833333333333333,0.9703949,0.99282706,1.0032252,0.9997421503067015
hotel_56,2023-05-14,2023-05-05,0.7416666666666667,0.9609147,0.99348724,0.94391984,0.9587967395782472
hotel_56,2023-05-15,2023-05-05,1.0083333333333333,0.9722754,0.9917614,0.95631874,0.9821925163269044
hotel_56,2023-05-16,2023-05-05,1.0,0.98651665,0.99536455,0.99030143,0.9976232647895812
hotel_56,2023-05-17,2023-05-05,0.975,0.9952509,0.9941524,0.9974332,0.9993810057640076
hotel_56,2023-05-18,2023-05-05,0.8,0.99604756,0.99413264,0.9926242,0.9965271949768066
hotel_56,2023-05-19,2023-05-05,0.975,0.9996441,0.99284816,1.0048082,0.9995996952056884
hotel_56,2023-05-20,2023-05-05,0.9083333333333332,0.98312306,0.9946134,1.0045199,0.9997502565383912
hotel_56,2023-05-21,2023-05-05,0.625,0.96862924,0.991483,0.9480997,0.9412152767181396
hotel_56,2023-05-22,2023-05-05,0.9,0.97316754,0.9869766,0.9572595,0.9816479682922364
hotel_56,2023-05-23,2023-05-05,0.825,0.98533046,0.9915577,0.991683,0.9966328740119934
hotel_56,2023-05-24,2023-05-05,0.85,0.9911156,0.9914508,0.9971452,0.999244213104248
hotel_56,2023-05-25,2023-05-05,1.0,0.98808885,0.99452895,0.9927484,0.9958879947662354
hotel_56,2023-05-26,2023-05-05,0.9416666666666668,0.98671544,0.99164194,1.0028353,0.9995555877685548
hotel_56,2023-05-27,2023-05-05,1.0083333333333333,0.9674274,0.98943543,1.0011339,0.9997114539146424
hotel_56,2023-05-28,2023-05-05,0.975,0.9476261,0.9926736,0.9391636,0.9394612908363342
hotel_56,2023-05-29,2023-05-05,0.6,0.95397925,0.99105823,0.9487167,0.9628710746765136
hotel_56,2023-05-30,2023-05-05,0.8333333333333334,0.9696571,0.99069065,0.9793243,0.9912641048431396
hotel_56,2023-05-31,2023-05-05,0.85,0.98003,0.9928555,0.9845511,0.9978312253952026
hotel_56,2023-06-01,2023-05-05,0.8583333333333333,0.97471666,0.9911493,0.9847037,0.9911931753158568
hotel_56,2023-06-02,2023-05-05,0.9416666666666668,0.977181,0.990823,0.99678165,0.9993664026260376
hotel_63,2023-05-06,2023-05-05,0.9911111111111112,0.8924266,0.8788353,0.93369746,0.9422128796577454
hotel_63,2023-05-07,2023-05-05,0.3422222222222222,0.68078077,0.70821476,0.60366416,0.5554245114326477
hotel_63,2023-05-08,2023-05-05,0.4977777777777777,0.6504202,0.6661588,0.59795094,0.5524450540542603
hotel_63,2023-05-09,2023-05-05,0.7733333333333333,0.6884254,0.70776457,0.6909894,0.624308168888092
hotel_63,2023-05-10,2023-05-05,0.92,0.7263954,0.7511163,0.70719004,0.6817290186882019
hotel_63,2023-05-11,2023-05-05,0.96,0.7485645,0.81338435,0.7320716,0.6788347363471985
hotel_63,2023-05-12,2023-05-05,0.8622222222222222,0.873938,0.88412344,0.89021325,0.8855773210525513
hotel_63,2023-05-13,2023-05-05,0.96,0.8473613,0.8508272,0.9176447,0.9483578205108644
hotel_63,2023-05-14,2023-05-05,0.5511111111111111,0.64577496,0.73678315,0.6100386,0.5321294069290161
hotel_63,2023-05-15,2023-05-05,0.4222222222222222,0.62438226,0.6790627,0.6150639,0.5422722697257996
hotel_63,2023-05-16,2023-05-05,0.8488888888888889,0.6753414,0.73654574,0.6932853,0.6225351095199585
hotel_63,2023-05-17,2023-05-05,0.9111111111111112,0.71225035,0.7763126,0.70979154,0.6627921462059021
hotel_63,2023-05-18,2023-05-05,0.7244444444444444,0.74380904,0.7481496,0.7313636,0.6733131408691406
hotel_63,2023-05-19,2023-05-05,0.8888888888888888,0.88231754,0.8899399,0.889121,0.905902624130249
hotel_63,2023-05-20,2023-05-05,1.0133333333333334,0.8711512,0.84491915,0.9279196,0.9586175084114076
hotel_63,2023-05-21,2023-05-05,0.7022222222222222,0.67565984,0.73976856,0.66102123,0.6221931576728821
hotel_63,2023-05-22,2023-05-05,0.8888888888888888,0.6642628,0.7096423,0.6724835,0.6496042013168335
hotel_63,2023-05-23,2023-05-05,0.92,0.70617723,0.69409925,0.73641276,0.7053850889205933
hotel_63,2023-05-24,2023-05-05,0.7955555555555556,0.7369721,0.72289956,0.7605724,0.7228578329086304
hotel_63,2023-05-25,2023-05-05,0.5866666666666667,0.75585115,0.7681456,0.78497905,0.7222056984901428
hotel_63,2023-05-26,2023-05-05,0.9111111111111112,0.88934183,0.8397593,0.9211633,0.9244556427001952
hotel_63,2023-05-27,2023-05-05,0.9644444444444444,0.87312114,0.8441851,0.95655584,0.9666088223457336
hotel_63,2023-05-28,2023-05-05,0.9288888888888888,0.6890754,0.7572124,0.6831592,0.6131172180175781
hotel_63,2023-05-29,2023-05-05,0.5244444444444445,0.6754289,0.73349535,0.70139116,0.5923587083816528
hotel_63,2023-05-30,2023-05-05,0.6311111111111111,0.7237165,0.7148878,0.7672837,0.6585854887962341
hotel_63,2023-05-31,2023-05-05,0.6488888888888888,0.7534986,0.71714646,0.76822656,0.681020200252533
hotel_63,2023-06-01,2023-05-05,0.6888888888888889,0.77422994,0.8351238,0.7841801,0.7181736826896667
hotel_63,2023-06-02,2023-05-05,0.7111111111111111,0.90600175,0.86700153,0.92094857,0.917216658592224
hotel_7,2023-05-06,2023-05-05,0.6286644951140065,0.716211,0.73632836,0.6784265,0.701846718788147
hotel_7,2023-05-07,2023-05-05,0.5423452768729642,0.6327815,0.6881445,0.6606253,0.6854780316352844
hotel_7,2023-05-08,2023-05-05,0.4039087947882736,0.53732383,0.6090858,0.5513838,0.5684090852737427
hotel_7,2023-05-09,2023-05-05,0.4120521172638436,0.5373974,0.5640175,0.5787724,0.6131535172462463
hotel_7,2023-05-10,2023-05-05,0.5537459283387622,0.6098321,0.6665807,0.6833829,0.7213443517684937
hotel_7,2023-05-11,2023-05-05,0.758957654723127,0.6254363,0.70826674,0.67804015,0.7120890617370605
hotel_7,2023-05-12,2023-05-05,0.758957654723127,0.64412737,0.6763664,0.72736835,0.741433322429657
hotel_7,2023-05-13,2023-05-05,0.760586319218241,0.6058539,0.671518,0.64184743,0.6361964344978333
hotel_7,2023-05-14,2023-05-05,0.6482084690553745,0.54415524,0.6472887,0.62290597,0.6050255298614502
hotel_7,2023-05-15,2023-05-05,0.5944625407166124,0.48768473,0.57007456,0.5129732,0.4903441071510315
hotel_7,2023-05-16,2023-05-05,0.3729641693811075,0.5258631,0.54027253,0.5391728,0.5133143663406372
hotel_7,2023-05-17,2023-05-05,0.6026058631921825,0.61858743,0.64449614,0.652178,0.6161399483680725
hotel_7,2023-05-18,2023-05-05,0.6628664495114006,0.6416632,0.67102903,0.6495945,0.623382568359375
hotel_7,2023-05-19,2023-05-05,0.7361563517915309,0.6709919,0.6611279,0.70590174,0.6752468943595886
hotel_7,2023-05-20,2023-05-05,0.5456026058631922,0.63069403,0.6344118,0.6196339,0.56180739402771
hotel_7,2023-05-21,2023-05-05,0.4560260586319218,0.5591195,0.6492182,0.60563344,0.5255243182182312
hotel_7,2023-05-22,2023-05-05,0.3322475570032573,0.48911422,0.55938053,0.49729824,0.4185275733470917
hotel_7,2023-05-23,2023-05-05,0.3859934853420195,0.5088515,0.5354833,0.52671194,0.4487581253051758
hotel_7,2023-05-24,2023-05-05,0.7166123778501629,0.58730716,0.59568644,0.6429928,0.5589186549186707
hotel_7,2023-05-25,2023-05-05,0.762214983713355,0.6033128,0.6540152,0.6356943,0.5692257285118103
hotel_7,2023-05-26,2023-05-05,0.7785016286644951,0.62313664,0.6279968,0.6889131,0.6304819583892822
hotel_7,2023-05-27,2023-05-05,0.750814332247557,0.5884567,0.6209179,0.60320175,0.5298196077346802
hotel_7,2023-05-28,2023-05-05,0.7785016286644951,0.53010863,0.59504354,0.58460814,0.4820418655872345
hotel_7,2023-05-29,2023-05-05,0.6237785016286646,0.45813555,0.5539354,0.47009093,0.3598054349422455
hotel_7,2023-05-30,2023-05-05,0.6270358306188925,0.46705884,0.54486024,0.49168193,0.4030651450157165
hotel_7,2023-05-31,2023-05-05,0.6449511400651465,0.54073393,0.5931545,0.6017894,0.509514331817627
hotel_7,2023-06-01,2023-05-05,0.7980456026058632,0.5517113,0.63659453,0.59576744,0.5257278680801392
hotel_7,2023-06-02,2023-05-05,0.8094462540716613,0.57062185,0.60429585,0.65920526,0.5815576910972595
hotel_70,2023-05-06,2023-05-05,0.4122807017543859,0.30349377,0.3280691,0.3610353,0.3834198713302612
hotel_70,2023-05-07,2023-05-05,0.2236842105263158,0.25630206,0.27431986,0.24394041,0.2577099204063415
hotel_70,2023-05-08,2023-05-05,0.2850877192982456,0.25089607,0.30509886,0.23554358,0.2789975702762604
hotel_70,2023-05-09,2023-05-05,0.3596491228070175,0.26924714,0.27721396,0.25894338,0.3076142966747284
hotel_70,2023-05-10,2023-05-05,0.3464912280701754,0.29207686,0.28494823,0.2773838,0.3359366059303283
hotel_70,2023-05-11,2023-05-05,0.3114035087719298,0.31562015,0.31353557,0.29671642,0.3615608513355255
hotel_70,2023-05-12,2023-05-05,0.3991228070175439,0.3573553,0.33566856,0.3560387,0.4038637280464172
hotel_70,2023-05-13,2023-05-05,0.4517543859649123,0.33048308,0.31667328,0.36939284,0.4102144241333008
hotel_70,2023-05-14,2023-05-05,0.3157894736842105,0.27596202,0.2980583,0.25741598,0.3230888843536377
hotel_70,2023-05-15,2023-05-05,0.4385964912280701,0.26835513,0.2661955,0.25250405,0.3429785072803497
hotel_70,2023-05-16,2023-05-05,0.4429824561403508,0.2764309,0.29941908,0.27808827,0.3822584748268127
hotel_70,2023-05-17,2023-05-05,0.3201754385964912,0.29085946,0.2868605,0.28493726,0.3915095329284668
hotel_70,2023-05-18,2023-05-05,0.4298245614035088,0.31266606,0.29612806,0.3046962,0.3975967168807983
hotel_70,2023-05-19,2023-05-05,0.4561403508771929,0.3569513,0.3523836,0.3633524,0.4215807318687439
hotel_70,2023-05-20,2023-05-05,0.4605263157894737,0.3321489,0.32883972,0.37689704,0.4217326939105987
hotel_70,2023-05-21,2023-05-05,0.4078947368421052,0.2907929,0.31959838,0.26751426,0.3276514112949371
hotel_70,2023-05-22,2023-05-05,0.3859649122807017,0.29215714,0.28828254,0.2603885,0.3260102570056915
hotel_70,2023-05-23,2023-05-05,0.4122807017543859,0.30366388,0.31023735,0.27820092,0.3476117253303528
hotel_70,2023-05-24,2023-05-05,0.3991228070175439,0.31165072,0.31549072,0.28578663,0.3542665541172027
hotel_70,2023-05-25,2023-05-05,0.4078947368421052,0.3251928,0.32201034,0.31176445,0.3527660667896271
hotel_70,2023-05-26,2023-05-05,0.3903508771929824,0.36023226,0.32019395,0.37055007,0.3930042088031769
hotel_70,2023-05-27,2023-05-05,0.4122807017543859,0.33377635,0.31900924,0.39120317,0.4018516838550567
hotel_70,2023-05-28,2023-05-05,0.4298245614035088,0.28342944,0.35261458,0.2836376,0.2921890318393707
hotel_70,2023-05-29,2023-05-05,0.2543859649122807,0.27392897,0.33192724,0.26755583,0.2935588955879211
hotel_70,2023-05-30,2023-05-05,0.3596491228070175,0.28505597,0.29616237,0.2725882,0.313038021326065
hotel_70,2023-05-31,2023-05-05,0.4868421052631579,0.29898345,0.3400784,0.2728668,0.3292099237442016
hotel_70,2023-06-01,2023-05-05,0.5964912280701754,0.3164094,0.31909442,0.291268,0.3294664621353149
hotel_70,2023-06-02,2023-05-05,0.5657894736842105,0.36801326,0.3552309,0.35071766,0.394406259059906
hotel_84,2023-05-06,2023-05-05,0.9826989619377162,0.87430847,0.91207176,0.9122866,0.9515295624732972
hotel_84,2023-05-07,2023-05-05,0.7993079584775087,0.7754692,0.8952578,0.78105444,0.6270285844802856
hotel_84,2023-05-08,2023-05-05,0.9377162629757786,0.7541386,0.87877846,0.767882,0.7014548778533936
hotel_84,2023-05-09,2023-05-05,0.9238754325259516,0.78363025,0.9072392,0.81322825,0.8388070464134216
hotel_84,2023-05-10,2023-05-05,0.8408304498269896,0.80624986,0.8799022,0.8371908,0.8440653085708618
hotel_84,2023-05-11,2023-05-05,0.8685121107266436,0.84557635,0.8592577,0.84848344,0.7682158946990967
hotel_84,2023-05-12,2023-05-05,0.8373702422145328,0.9043141,0.8239752,0.9233094,0.930054008960724
hotel_84,2023-05-13,2023-05-05,0.9930795847750864,0.8988313,0.8545923,0.9540311,0.9888738989830016
hotel_84,2023-05-14,2023-05-05,0.7301038062283737,0.81249404,0.84541863,0.83757025,0.7011850476264954
hotel_84,2023-05-15,2023-05-05,0.8408304498269896,0.7937864,0.8595196,0.8174965,0.7321617007255554
hotel_84,2023-05-16,2023-05-05,0.9342560553633218,0.8265779,0.8909842,0.8479293,0.8558701872825623
hotel_84,2023-05-17,2023-05-05,0.972318339100346,0.845593,0.90456086,0.8690805,0.8633095026016235
hotel_84,2023-05-18,2023-05-05,0.903114186851211,0.8932598,0.9116221,0.88037765,0.846914529800415
hotel_84,2023-05-19,2023-05-05,0.740484429065744,0.9473906,0.9106077,0.946678,0.9590781927108764
hotel_84,2023-05-20,2023-05-05,0.8996539792387543,0.9383773,0.8501032,0.9776981,1.000009298324585
hotel_84,2023-05-21,2023-05-05,0.7854671280276817,0.85014015,0.9128465,0.8741096,0.7902988195419312
hotel_84,2023-05-22,2023-05-05,0.916955017301038,0.84196013,0.8937303,0.86107504,0.8045991063117981
hotel_84,2023-05-23,2023-05-05,0.9550173010380624,0.86678964,0.8525619,0.8834156,0.8907199501991272
hotel_84,2023-05-24,2023-05-05,0.8512110726643599,0.87972695,0.84313154,0.8916542,0.8917970061302185
hotel_84,2023-05-25,2023-05-05,0.7508650519031141,0.91063595,0.9211788,0.89790875,0.8518292307853699
hotel_84,2023-05-26,2023-05-05,0.7820069204152249,0.9599056,0.92017305,0.9565682,0.9675297141075134
hotel_84,2023-05-27,2023-05-05,0.8719723183391004,0.94758326,0.9153652,0.9836849,1.0016745328903198
hotel_84,2023-05-28,2023-05-05,0.8477508650519031,0.8594722,0.9003408,0.8864296,0.8614844083786011
hotel_84,2023-05-29,2023-05-05,0.6539792387543253,0.83875203,0.93641484,0.87742925,0.8447089791297913
hotel_84,2023-05-30,2023-05-05,0.6124567474048442,0.865374,0.87515223,0.89721245,0.9207492470741272
hotel_84,2023-05-31,2023-05-05,0.657439446366782,0.87259823,0.9167501,0.89294964,0.9063422679901124
hotel_84,2023-06-01,2023-05-05,0.740484429065744,0.90925795,0.94884455,0.88764215,0.8456051349639893
hotel_84,2023-06-02,2023-05-05,0.9273356401384084,0.96563613,0.89981467,0.95208955,0.9740461111068726
hotel_91,2023-05-06,2023-05-05,0.9887640449438202,0.81429946,0.9370028,0.86913884,0.9549447298049928
hotel_91,2023-05-07,2023-05-05,0.9101123595505618,0.73877245,0.7956938,0.7105636,0.7246171832084656
hotel_91,2023-05-08,2023-05-05,0.9662921348314608,0.8593496,0.84488016,0.8276455,0.8201660513877869
hotel_91,2023-05-09,2023-05-05,0.9662921348314608,0.95196146,0.86176145,0.927243,0.9002247452735901
hotel_91,2023-05-10,2023-05-05,0.9550561797752808,0.9362699,0.79738724,0.9152896,0.8909194469451904
hotel_91,2023-05-11,2023-05-05,0.9213483146067416,0.8993138,0.8507215,0.8381362,0.8000925779342651
hotel_91,2023-05-12,2023-05-05,0.9550561797752808,0.8742262,0.8534002,0.8446038,0.8172000646591187
hotel_91,2023-05-13,2023-05-05,1.0,0.78492475,0.7740962,0.7928017,0.8197028636932373
hotel_91,2023-05-14,2023-05-05,0.8764044943820225,0.6886452,0.8850881,0.6625503,0.5699068307876587
hotel_91,2023-05-15,2023-05-05,0.9775280898876404,0.78638864,0.77407444,0.7988387,0.7242844700813293
hotel_91,2023-05-16,2023-05-05,1.0,0.86049634,0.8507195,0.90083206,0.8729311227798462
hotel_91,2023-05-17,2023-05-05,1.0112359550561798,0.8456202,0.80385226,0.8977527,0.8804826140403748
hotel_91,2023-05-18,2023-05-05,1.0112359550561798,0.8050427,0.78710556,0.8342638,0.7940298914909363
hotel_91,2023-05-19,2023-05-05,0.9662921348314608,0.794726,0.8046292,0.84985244,0.8221150636672974
hotel_91,2023-05-20,2023-05-05,0.9887640449438202,0.71744674,0.78733593,0.7919369,0.7887306809425354
hotel_91,2023-05-21,2023-05-05,0.6853932584269663,0.6363036,0.7783501,0.6488014,0.5464813113212585
hotel_91,2023-05-22,2023-05-05,1.0,0.7410839,0.7748209,0.78316945,0.7051430344581604
hotel_91,2023-05-23,2023-05-05,1.0112359550561798,0.83022153,0.78893375,0.8833925,0.8855353593826294
hotel_91,2023-05-24,2023-05-05,1.0,0.80589175,0.7640881,0.87171406,0.8894656896591187
hotel_91,2023-05-25,2023-05-05,0.8089887640449438,0.7478559,0.7842689,0.80498606,0.7840585112571716
hotel_91,2023-05-26,2023-05-05,0.898876404494382,0.7183754,0.8363509,0.81487244,0.8419522643089294
hotel_91,2023-05-27,2023-05-05,1.0674157303370786,0.63969356,0.8012442,0.7597659,0.8081652522087097
hotel_91,2023-05-28,2023-05-05,1.0112359550561798,0.5660576,0.75205815,0.62227905,0.5464320778846741
hotel_91,2023-05-29,2023-05-05,0.5617977528089888,0.68849,0.8491659,0.7479501,0.6660499572753906
hotel_91,2023-05-30,2023-05-05,0.9775280898876404,0.78314936,0.80923647,0.8427292,0.8363772034645081
hotel_91,2023-05-31,2023-05-05,1.0,0.7915192,0.8325614,0.8262668,0.8370842933654785
hotel_91,2023-06-01,2023-05-05,0.9550561797752808,0.7732151,0.82933414,0.7676025,0.7409228086471558
hotel_91,2023-06-02,2023-05-05,0.9662921348314608,0.7799851,0.80775505,0.7808942,0.8129867315292358
hotel_98,2023-05-06,2023-05-05,0.3387096774193548,0.33992255,0.38246617,0.3609775,0.3695492148399353
hotel_98,2023-05-07,2023-05-05,0.1854838709677419,0.19514975,0.18172862,0.18751001,0.2457063645124435
hotel_98,2023-05-08,2023-05-05,0.1935483870967742,0.15119013,0.15868698,0.15287301,0.2450026869773864
hotel_98,2023-05-09,2023-05-05,0.1774193548387097,0.13868836,0.15594263,0.1546165,0.233193352818489
hotel_98,2023-05-10,2023-05-05,0.1532258064516129,0.13763592,0.1528472,0.15848604,0.2329998314380645
hotel_98,2023-05-11,2023-05-05,0.1209677419354838,0.17584242,0.18150225,0.17583206,0.25657519698143
hotel_98,2023-05-12,2023-05-05,0.1612903225806451,0.27753305,0.30261075,0.2621417,0.4087009131908417
hotel_98,2023-05-13,2023-05-05,0.2338709677419354,0.3212254,0.35212252,0.31291535,0.5250619649887085
hotel_98,2023-05-14,2023-05-05,0.1532258064516129,0.17832042,0.19658872,0.1636959,0.2700459361076355
hotel_98,2023-05-15,2023-05-05,0.3306451612903225,0.13503325,0.140316,0.14255613,0.2677518129348755
hotel_98,2023-05-16,2023-05-05,0.3387096774193548,0.12170833,0.1464266,0.14289534,0.2672156989574432
hotel_98,2023-05-17,2023-05-05,0.4596774193548387,0.11593486,0.1434636,0.14558068,0.2569320797920227
hotel_98,2023-05-18,2023-05-05,0.5,0.15708984,0.15662378,0.15996772,0.2688303291797638
hotel_98,2023-05-19,2023-05-05,0.4758064516129032,0.27547476,0.30024424,0.25604215,0.4481608271598816
hotel_98,2023-05-20,2023-05-05,0.3790322580645161,0.3297767,0.28504902,0.30403295,0.5278252959251404
hotel_98,2023-05-21,2023-05-05,0.0967741935483871,0.1926865,0.16151781,0.14923263,0.2409951537847519
hotel_98,2023-05-22,2023-05-05,0.1129032258064516,0.15622354,0.14135006,0.121713616,0.2266793102025985
hotel_98,2023-05-23,2023-05-05,0.1048387096774193,0.15223025,0.13344535,0.1250894,0.2039026021957397
hotel_98,2023-05-24,2023-05-05,0.0806451612903225,0.15404396,0.12790196,0.13219893,0.193280428647995
hotel_98,2023-05-25,2023-05-05,0.1612903225806451,0.18824255,0.16071981,0.14292523,0.2016652375459671
hotel_98,2023-05-26,2023-05-05,0.1693548387096774,0.27822444,0.273427,0.23710808,0.3041282594203949
hotel_98,2023-05-27,2023-05-05,0.1693548387096774,0.31390685,0.28925362,0.28837037,0.3707176744937897
hotel_98,2023-05-28,2023-05-05,0.0887096774193548,0.17943436,0.16218942,0.1406835,0.2019225060939788
hotel_98,2023-05-29,2023-05-05,0.0564516129032258,0.14090021,0.13281739,0.120292656,0.1972152888774871
hotel_98,2023-05-30,2023-05-05,0.0483870967741935,0.12180025,0.13847849,0.1243251,0.189337745308876
hotel_98,2023-05-31,2023-05-05,0.0887096774193548,0.109809905,0.15961152,0.12725796,0.1889306157827377
hotel_98,2023-06-01,2023-05-05,0.1129032258064516,0.13788329,0.17487866,0.15008369,0.2238865792751312
hotel_98,2023-06-02,2023-05-05,0.1612903225806451,0.23330346,0.2937574,0.24059564,0.3537958264350891
hotel_0,2023-06-03,2023-06-02,0.8641975308641975,0.6824478,0.7794091,0.7702191,0.8385779857635498
hotel_0,2023-06-04,2023-06-02,0.5061728395061729,0.6037776,0.7689263,0.5336125,0.4656912386417389
hotel_0,2023-06-05,2023-06-02,0.7407407407407407,0.5734763,0.7500125,0.5543834,0.4777567684650421
hotel_0,2023-06-06,2023-06-02,0.7530864197530864,0.5903826,0.70479625,0.63634163,0.527599573135376
hotel_0,2023-06-07,2023-06-02,0.7530864197530864,0.61987835,0.721906,0.6671501,0.554431676864624
hotel_0,2023-06-08,2023-06-02,0.6049382716049383,0.64396095,0.7594022,0.7037085,0.6159179210662842
hotel_0,2023-06-09,2023-06-02,0.7901234567901234,0.6934376,0.7323565,0.82881755,0.83784019947052
hotel_0,2023-06-10,2023-06-02,0.8518518518518519,0.7076585,0.7942288,0.8579257,0.8997031450271606
hotel_0,2023-06-11,2023-06-02,0.5308641975308642,0.6409044,0.7756985,0.6285157,0.5101976990699768
hotel_0,2023-06-12,2023-06-02,0.7407407407407407,0.6285011,0.7274157,0.6443143,0.5394015312194824
hotel_0,2023-06-13,2023-06-02,0.7901234567901234,0.66070145,0.78598166,0.68848526,0.5595005750656128
hotel_0,2023-06-14,2023-06-02,0.8271604938271605,0.7192897,0.7123414,0.69364744,0.6023329496383667
hotel_0,2023-06-15,2023-06-02,0.7901234567901234,0.77030504,0.7494348,0.7341638,0.6892971396446228
hotel_0,2023-06-16,2023-06-02,0.8395061728395061,0.8380744,0.76956815,0.8724626,0.888054370880127
hotel_0,2023-06-17,2023-06-02,1.0246913580246917,0.8369105,0.71831113,0.88747567,0.9435055255889891
hotel_0,2023-06-18,2023-06-02,0.6419753086419753,0.72950155,0.7520615,0.65386033,0.510553777217865
hotel_0,2023-06-19,2023-06-02,0.5308641975308642,0.67638934,0.7709848,0.6528436,0.5358241200447083
hotel_0,2023-06-20,2023-06-02,0.7283950617283951,0.6808718,0.74210733,0.695923,0.5858170390129089
hotel_0,2023-06-21,2023-06-02,0.7160493827160493,0.70286846,0.73181826,0.7133298,0.6070887446403503
hotel_0,2023-06-22,2023-06-02,0.7654320987654321,0.71233463,0.6793246,0.74386543,0.688488781452179
hotel_0,2023-06-23,2023-06-02,0.8148148148148148,0.7434776,0.810477,0.8667289,0.8840680122375488
hotel_0,2023-06-24,2023-06-02,0.9506172839506172,0.73651403,0.73652434,0.8719906,0.949793815612793
hotel_0,2023-06-25,2023-06-02,0.5061728395061729,0.6524783,0.6897323,0.6484277,0.5615250468254089
hotel_0,2023-06-26,2023-06-02,0.5802469135802469,0.63289374,0.7479938,0.663886,0.6010931730270386
hotel_0,2023-06-27,2023-06-02,0.691358024691358,0.6606623,0.8269587,0.7012375,0.6337015628814697
hotel_0,2023-06-28,2023-06-02,0.654320987654321,0.70645094,0.8499923,0.704142,0.6257892847061157
hotel_0,2023-06-29,2023-06-02,0.7160493827160493,0.74002314,0.7708121,0.74250084,0.6475468873977661
hotel_0,2023-06-30,2023-06-02,0.8271604938271605,0.7896026,0.7709714,0.8673842,0.8653256893157959
hotel_105,2023-06-03,2023-06-02,1.0125786163522013,0.9653154,0.9603495,0.9844859,0.978599488735199
hotel_105,2023-06-04,2023-06-02,0.9119496855345912,0.89859855,0.9418129,0.89906734,0.845177948474884
hotel_105,2023-06-05,2023-06-02,0.9937106918238994,0.9044892,0.95757747,0.92527515,0.894278883934021
hotel_105,2023-06-06,2023-06-02,1.0062893081761006,0.94147927,0.95344466,0.9536422,0.956380009651184
hotel_105,2023-06-07,2023-06-02,0.981132075471698,0.9577405,0.96750575,0.95318246,0.9638496041297911
hotel_105,2023-06-08,2023-06-02,0.9559748427672956,0.95718527,0.9518277,0.94482356,0.9283848404884338
hotel_105,2023-06-09,2023-06-02,0.981132075471698,0.9767456,0.9608913,0.98280495,0.9603224396705629
hotel_105,2023-06-10,2023-06-02,1.0062893081761006,0.9642222,0.95024407,0.9980489,0.9653185606002808
hotel_105,2023-06-11,2023-06-02,0.981132075471698,0.9016116,0.93629867,0.91998994,0.84769207239151
hotel_105,2023-06-12,2023-06-02,0.9937106918238994,0.91071266,0.9508026,0.9436499,0.8790972232818604
hotel_105,2023-06-13,2023-06-02,1.0377358490566038,0.9543692,0.941618,0.969666,0.9483757615089417
hotel_105,2023-06-14,2023-06-02,1.0125786163522013,0.97635597,0.94748324,0.97656727,0.9629508256912231
hotel_105,2023-06-15,2023-06-02,1.018867924528302,0.9781848,0.96666896,0.97047216,0.942467451095581
hotel_105,2023-06-16,2023-06-02,0.9622641509433962,0.9965122,0.95771074,0.9934394,0.96709805727005
hotel_105,2023-06-17,2023-06-02,0.9245283018867924,0.9895489,0.9596353,1.0008721,0.969862461090088
hotel_105,2023-06-18,2023-06-02,0.9937106918238994,0.92241335,0.9345746,0.93184507,0.8683373928070068
hotel_105,2023-06-19,2023-06-02,1.0062893081761006,0.92465365,0.9710556,0.9538667,0.8872601389884949
hotel_105,2023-06-20,2023-06-02,1.0062893081761006,0.95565957,0.95497656,0.9743267,0.9514572620391846
hotel_105,2023-06-21,2023-06-02,1.0125786163522013,0.96293414,0.9682606,0.97456557,0.9605315327644348
hotel_105,2023-06-22,2023-06-02,1.0566037735849056,0.9508649,0.94551426,0.95886016,0.9493423104286194
hotel_105,2023-06-23,2023-06-02,0.9874213836477987,0.970111,0.98188245,0.97867393,0.9672768712043762
hotel_105,2023-06-24,2023-06-02,0.9874213836477987,0.96375567,0.9591553,0.98670745,0.9713624715805054
hotel_105,2023-06-25,2023-06-02,0.9937106918238994,0.89680076,0.9638333,0.91161084,0.8780192136764526
hotel_105,2023-06-26,2023-06-02,1.018867924528302,0.8994623,0.9586166,0.93107396,0.8910464644432068
hotel_105,2023-06-27,2023-06-02,1.0314465408805031,0.93709236,0.970119,0.9511751,0.9409958124160768
hotel_105,2023-06-28,2023-06-02,1.0440251572327044,0.9500428,0.9591604,0.9506177,0.9445781707763672
hotel_105,2023-06-29,2023-06-02,1.0062893081761006,0.9439887,0.9620554,0.93896264,0.9144229888916016
hotel_105,2023-06-30,2023-06-02,1.0,0.9598934,0.9432632,0.96103275,0.9487172961235046
hotel_112,2023-06-03,2023-06-02,0.7375,0.8424814,0.8144391,0.8170419,0.784766435623169
hotel_112,2023-06-04,2023-06-02,0.7375,0.86992043,0.8790921,0.8286817,0.7850229740142822
hotel_112,2023-06-05,2023-06-02,0.83125,0.88705647,0.89777064,0.873564,0.8502585291862488
hotel_112,2023-06-06,2023-06-02,0.83125,0.8983494,0.88494104,0.8931619,0.8679684996604919
hotel_112,2023-06-07,2023-06-02,0.81875,0.90284634,0.9058165,0.90648925,0.8837078809738159
hotel_112,2023-06-08,2023-06-02,0.85,0.9071258,0.8874155,0.89948905,0.8900578022003174
hotel_112,2023-06-09,2023-06-02,0.675,0.90395623,0.88972783,0.887413,0.849518358707428
hotel_112,2023-06-10,2023-06-02,0.91875,0.90088,0.93209434,0.87433827,0.8725010752677917
hotel_112,2023-06-11,2023-06-02,0.84375,0.90038913,0.9478304,0.8651583,0.8570221066474915
hotel_112,2023-06-12,2023-06-02,0.7375,0.90574735,0.9076579,0.8949318,0.8916497826576233
hotel_112,2023-06-13,2023-06-02,0.9875,0.9071817,0.9193457,0.90789247,0.9020810723304749
hotel_112,2023-06-14,2023-06-02,1.00625,0.90841526,0.93018776,0.9184859,0.906012773513794
hotel_112,2023-06-15,2023-06-02,1.0125,0.9058909,0.94196355,0.9114244,0.906419277191162
hotel_112,2023-06-16,2023-06-02,1.00625,0.90573204,0.9065675,0.8965758,0.8700754046440125
hotel_112,2023-06-17,2023-06-02,1.00625,0.9010587,0.8755418,0.88188505,0.894416332244873
hotel_112,2023-06-18,2023-06-02,0.90625,0.8961946,0.90445554,0.8732643,0.8755748867988586
hotel_112,2023-06-19,2023-06-02,0.95,0.8925572,0.87222314,0.898265,0.9068336486816406
hotel_112,2023-06-20,2023-06-02,0.99375,0.8962478,0.9124891,0.91041815,0.9233601689338684
hotel_112,2023-06-21,2023-06-02,0.9375,0.89449155,0.9168297,0.92112124,0.92617005109787
hotel_112,2023-06-22,2023-06-02,0.99375,0.8936199,0.94841164,0.914516,0.9204500317573548
hotel_112,2023-06-23,2023-06-02,0.7375,0.89335555,0.9394747,0.8973588,0.8893081545829773
hotel_112,2023-06-24,2023-06-02,0.75625,0.8997269,0.88329947,0.88257253,0.8898907899856567
hotel_112,2023-06-25,2023-06-02,0.7625,0.90244937,0.9496165,0.8732116,0.8779795169830322
hotel_112,2023-06-26,2023-06-02,0.76875,0.906139,0.9145946,0.89845717,0.903450846672058
hotel_112,2023-06-27,2023-06-02,0.8625,0.9130565,0.91284066,0.91089344,0.9170806407928468
hotel_112,2023-06-28,2023-06-02,0.89375,0.9228903,0.8856678,0.92149794,0.9185485243797302
hotel_112,2023-06-29,2023-06-02,1.0,0.9245266,0.95283127,0.9136344,0.9061973094940186
hotel_112,2023-06-30,2023-06-02,0.96875,0.92302036,0.92355263,0.89947736,0.8745355010032654
hotel_126,2023-06-03,2023-06-02,0.9482071713147412,0.98726773,0.9915704,1.0000137,0.9984393119812012
hotel_126,2023-06-04,2023-06-02,0.9880478087649402,0.980092,0.99083406,0.98616886,0.973630428314209
hotel_126,2023-06-05,2023-06-02,1.0159362549800797,0.9810832,0.9906633,0.9863634,0.9690306782722472
hotel_126,2023-06-06,2023-06-02,1.0159362549800797,0.98348826,0.99210835,0.9898716,0.9812088012695312
hotel_126,2023-06-07,2023-06-02,1.0079681274900398,0.98495424,0.9893177,0.988949,0.9839348793029784
hotel_126,2023-06-08,2023-06-02,0.99601593625498,0.9889767,0.99017614,0.9900882,0.9798835515975952
hotel_126,2023-06-09,2023-06-02,0.9920318725099602,0.98994905,0.9904917,0.9981264,0.9951955080032348
hotel_126,2023-06-10,2023-06-02,1.0,0.9842191,0.9891753,1.0010271,0.9966217279434204
hotel_126,2023-06-11,2023-06-02,1.0,0.98294127,0.9883008,0.9875394,0.9795439839363098
hotel_126,2023-06-12,2023-06-02,0.9920318725099602,0.985921,0.9885197,0.986283,0.9745215177536012
hotel_126,2023-06-13,2023-06-02,1.00398406374502,0.98496974,0.9869454,0.9892988,0.9813576936721802
hotel_126,2023-06-14,2023-06-02,1.0,0.9837109,0.98713064,0.99106175,0.982608437538147
hotel_126,2023-06-15,2023-06-02,1.00398406374502,0.9864722,0.98851216,0.99244887,0.9773951768875122
hotel_126,2023-06-16,2023-06-02,1.0079681274900398,0.9898838,0.98741066,0.99734217,0.9928279519081116
hotel_126,2023-06-17,2023-06-02,1.00398406374502,0.988738,0.9889025,0.9987825,0.9949513673782348
hotel_126,2023-06-18,2023-06-02,1.00398406374502,0.9850332,0.98787093,0.9864432,0.9755253195762634
hotel_126,2023-06-19,2023-06-02,0.99601593625498,0.98505867,0.99065334,0.98631364,0.9679843187332152
hotel_126,2023-06-20,2023-06-02,0.99601593625498,0.98478496,0.9890568,0.98974276,0.9773995876312256
hotel_126,2023-06-21,2023-06-02,1.00398406374502,0.9813508,0.9883066,0.9926555,0.9790533185005188
hotel_126,2023-06-22,2023-06-02,0.9880478087649402,0.98099935,0.9894654,0.9927162,0.9717946648597716
hotel_126,2023-06-23,2023-06-02,1.00398406374502,0.98388946,0.98593074,0.9987567,0.9924965500831604
hotel_126,2023-06-24,2023-06-02,1.00398406374502,0.9803404,0.9882918,1.0005257,0.9947863817214966
hotel_126,2023-06-25,2023-06-02,1.00398406374502,0.9751077,0.98791075,0.98873377,0.9715955257415771
hotel_126,2023-06-26,2023-06-02,1.00398406374502,0.97784275,0.9875072,0.9877221,0.964210331439972
hotel_126,2023-06-27,2023-06-02,0.9840637450199204,0.9779152,0.98591024,0.99006295,0.9766765832901
hotel_126,2023-06-28,2023-06-02,1.00398406374502,0.976816,0.9879037,0.99109447,0.978910744190216
hotel_126,2023-06-29,2023-06-02,1.00398406374502,0.9816079,0.9876859,0.9915757,0.9711837768554688
hotel_126,2023-06-30,2023-06-02,0.9880478087649402,0.98580223,0.98784506,0.9989232,0.9919420480728148
hotel_133,2023-06-03,2023-06-02,1.0163934426229508,0.9789899,0.96638936,1.0113149,0.9977449774742126
hotel_133,2023-06-04,2023-06-02,0.918032786885246,0.8793452,0.94207907,0.87865436,0.852608323097229
hotel_133,2023-06-05,2023-06-02,0.9508196721311476,0.86044556,0.8991145,0.8816091,0.8584290742874146
hotel_133,2023-06-06,2023-06-02,0.9672131147540984,0.88438857,0.9359648,0.89976215,0.8839408755302429
hotel_133,2023-06-07,2023-06-02,0.8852459016393442,0.9116844,0.9395601,0.9281565,0.8979559540748596
hotel_133,2023-06-08,2023-06-02,0.9508196721311476,0.9402679,0.9428412,0.9397206,0.9158945083618164
hotel_133,2023-06-09,2023-06-02,0.9836065573770492,0.9716502,0.93576056,0.97636634,0.9866355061531068
hotel_133,2023-06-10,2023-06-02,1.0,0.96098435,0.95390594,0.97703964,0.9967276453971864
hotel_133,2023-06-11,2023-06-02,0.8032786885245902,0.8712563,0.93543535,0.85275334,0.8478457927703857
hotel_133,2023-06-12,2023-06-02,0.9344262295081968,0.869641,0.93036324,0.868587,0.8699349164962769
hotel_133,2023-06-13,2023-06-02,0.9836065573770492,0.9124329,0.949844,0.8982403,0.910748302936554
hotel_133,2023-06-14,2023-06-02,1.0,0.95115006,0.92630935,0.9295613,0.9343612790107728
hotel_133,2023-06-15,2023-06-02,1.0,0.98908496,0.93236136,0.9423645,0.9440082311630248
hotel_133,2023-06-16,2023-06-02,1.0,1.0201571,0.9402441,0.9848489,0.9909204244613647
hotel_133,2023-06-17,2023-06-02,1.0,1.0074067,0.94420666,0.9905416,0.9971567988395692
hotel_133,2023-06-18,2023-06-02,0.9836065573770492,0.90621316,0.93936884,0.87836295,0.865149736404419
hotel_133,2023-06-19,2023-06-02,0.9672131147540984,0.88334715,0.93987095,0.8897073,0.8898532390594482
hotel_133,2023-06-20,2023-06-02,0.9344262295081968,0.90088916,0.9392925,0.90241337,0.9195653200149536
hotel_133,2023-06-21,2023-06-02,0.8524590163934426,0.92306495,0.9299827,0.9189383,0.9374070167541504
hotel_133,2023-06-22,2023-06-02,0.819672131147541,0.94409513,0.9394799,0.92581743,0.9407801032066344
hotel_133,2023-06-23,2023-06-02,0.9344262295081968,0.97476506,0.9496612,0.97251403,0.9878139495849608
hotel_133,2023-06-24,2023-06-02,1.0163934426229508,0.9721844,0.9506349,0.99100536,0.9961938858032228
hotel_133,2023-06-25,2023-06-02,0.8852459016393442,0.8821294,0.9550983,0.8805259,0.8686719536781311
hotel_133,2023-06-26,2023-06-02,0.9836065573770492,0.8658154,0.9309156,0.8969344,0.8941352963447571
hotel_133,2023-06-27,2023-06-02,0.9836065573770492,0.8964859,0.9200413,0.9159655,0.9211283326148988
hotel_133,2023-06-28,2023-06-02,0.9508196721311476,0.92703915,0.9361607,0.92881376,0.9392977952957152
hotel_133,2023-06-29,2023-06-02,0.918032786885246,0.952626,0.9366269,0.9328137,0.941665530204773
hotel_133,2023-06-30,2023-06-02,0.9672131147540984,0.97740835,0.9181141,0.97645366,0.9862834215164183
hotel_14,2023-06-03,2023-06-02,0.660377358490566,0.54418015,0.5867926,0.60907483,0.577808141708374
hotel_14,2023-06-04,2023-06-02,0.4528301886792453,0.43181443,0.5565126,0.4022323,0.4423566162586212
hotel_14,2023-06-05,2023-06-02,0.7452830188679245,0.4683499,0.5559011,0.50369924,0.5141280293464661
hotel_14,2023-06-06,2023-06-02,0.8490566037735849,0.5386207,0.58542943,0.58758426,0.6174224615097046
hotel_14,2023-06-07,2023-06-02,0.8113207547169812,0.5455482,0.5799291,0.614447,0.6344995498657227
hotel_14,2023-06-08,2023-06-02,0.6320754716981132,0.541526,0.62345004,0.5817857,0.5907717943191528
hotel_14,2023-06-09,2023-06-02,0.4716981132075472,0.5747969,0.61737514,0.620859,0.6103439331054688
hotel_14,2023-06-10,2023-06-02,0.5660377358490566,0.5735209,0.6175216,0.6358076,0.6346631050109863
hotel_14,2023-06-11,2023-06-02,0.3584905660377358,0.45867202,0.5543192,0.42054522,0.4935956001281738
hotel_14,2023-06-12,2023-06-02,0.6792452830188679,0.49701884,0.572397,0.5236227,0.5586140155792236
hotel_14,2023-06-13,2023-06-02,0.6981132075471698,0.5775192,0.6111171,0.61522025,0.6759099960327148
hotel_14,2023-06-14,2023-06-02,0.6886792452830188,0.593943,0.622555,0.6400504,0.6889413595199585
hotel_14,2023-06-15,2023-06-02,0.5849056603773585,0.598912,0.64027005,0.6227131,0.6180729269981384
hotel_14,2023-06-16,2023-06-02,0.6132075471698113,0.64021826,0.66252184,0.66683084,0.600338339805603
hotel_14,2023-06-17,2023-06-02,0.6698113207547169,0.63840055,0.63330925,0.67789173,0.6309322714805603
hotel_14,2023-06-18,2023-06-02,0.5,0.51665473,0.5954181,0.45973694,0.4725300371646881
hotel_14,2023-06-19,2023-06-02,0.5849056603773585,0.557189,0.5743135,0.549763,0.523677408695221
hotel_14,2023-06-20,2023-06-02,0.6698113207547169,0.64525574,0.61156654,0.62658215,0.6639415621757507
hotel_14,2023-06-21,2023-06-02,0.7264150943396226,0.6635194,0.6309131,0.6535966,0.6740458011627197
hotel_14,2023-06-22,2023-06-02,0.6981132075471698,0.65356046,0.6138395,0.63415337,0.616768479347229
hotel_14,2023-06-23,2023-06-02,0.7264150943396226,0.67587656,0.6536128,0.68500733,0.6878405213356018
hotel_14,2023-06-24,2023-06-02,0.6132075471698113,0.67403686,0.66746664,0.7099597,0.7391282320022583
hotel_14,2023-06-25,2023-06-02,0.5660377358490566,0.5571816,0.622023,0.4874786,0.4866674244403839
hotel_14,2023-06-26,2023-06-02,0.5943396226415094,0.59172493,0.5936731,0.57778573,0.5270172357559204
hotel_14,2023-06-27,2023-06-02,0.5377358490566038,0.66416454,0.6286538,0.65725833,0.6627852320671082
hotel_14,2023-06-28,2023-06-02,0.5566037735849056,0.6767271,0.64737076,0.680667,0.6830103397369385
hotel_14,2023-06-29,2023-06-02,0.7641509433962265,0.6586817,0.6601437,0.66477764,0.6291895508766174
hotel_14,2023-06-30,2023-06-02,0.5188679245283019,0.6716283,0.63209367,0.7045273,0.6832466721534729
hotel_21,2023-06-03,2023-06-02,1.0046296296296295,0.97580385,0.9887688,0.9914234,1.000290036201477
hotel_21,2023-06-04,2023-06-02,0.9814814814814816,0.9553373,0.9860279,0.9615034,0.9798651337623596
hotel_21,2023-06-05,2023-06-02,1.0,0.9472627,0.9832323,0.95534074,0.9160569310188292
hotel_21,2023-06-06,2023-06-02,0.9675925925925926,0.9532537,0.98342216,0.97230613,0.9508455395698548
hotel_21,2023-06-07,2023-06-02,0.9583333333333334,0.9614564,0.9789919,0.98068154,0.9730907082557678
hotel_21,2023-06-08,2023-06-02,1.0,0.97086775,0.9778905,0.9832944,0.9756253361701964
hotel_21,2023-06-09,2023-06-02,0.9907407407407408,0.9728335,0.97950166,0.9876744,0.980957329273224
hotel_21,2023-06-10,2023-06-02,1.023148148148148,0.9638518,0.97799534,0.9886646,0.9954780340194702
hotel_21,2023-06-11,2023-06-02,0.9861111111111112,0.9480166,0.97463465,0.9663315,0.9429107308387756
hotel_21,2023-06-12,2023-06-02,1.0,0.94350094,0.9724458,0.9604782,0.9086150527000428
hotel_21,2023-06-13,2023-06-02,0.976851851851852,0.9559127,0.9796568,0.97574383,0.9598596096038818
hotel_21,2023-06-14,2023-06-02,0.9722222222222222,0.96961385,0.97802836,0.98762995,0.9775644540786744
hotel_21,2023-06-15,2023-06-02,0.9953703703703703,0.98065567,0.9655582,0.9892904,0.9728092551231384
hotel_21,2023-06-16,2023-06-02,1.0,0.97722024,0.97780347,0.9887275,0.9741302728652954
hotel_21,2023-06-17,2023-06-02,1.0,0.968767,0.97338474,0.9874977,0.9896556735038756
hotel_21,2023-06-18,2023-06-02,0.9583333333333334,0.95043796,0.9767723,0.9694022,0.9360507130622864
hotel_21,2023-06-19,2023-06-02,0.976851851851852,0.9427312,0.9759644,0.96612257,0.9060171246528624
hotel_21,2023-06-20,2023-06-02,0.9814814814814816,0.9508414,0.9733675,0.979555,0.9484450817108154
hotel_21,2023-06-21,2023-06-02,0.9629629629629628,0.9599135,0.97187495,0.9871106,0.9640596508979796
hotel_21,2023-06-22,2023-06-02,0.9814814814814816,0.9633313,0.9707515,0.9867113,0.963902235031128
hotel_21,2023-06-23,2023-06-02,0.9351851851851852,0.96106267,0.97647977,0.98711044,0.9687663912773132
hotel_21,2023-06-24,2023-06-02,1.0,0.95560914,0.94473076,0.9884542,0.9868099689483644
hotel_21,2023-06-25,2023-06-02,0.9166666666666666,0.94357485,0.9783636,0.9718092,0.9290122389793396
hotel_21,2023-06-26,2023-06-02,0.9861111111111112,0.93919194,0.9703716,0.968343,0.8937574028968811
hotel_21,2023-06-27,2023-06-02,1.0,0.948623,0.9748788,0.9808175,0.9348917007446288
hotel_21,2023-06-28,2023-06-02,0.9953703703703703,0.95772874,0.96233886,0.98964876,0.9508103728294371
hotel_21,2023-06-29,2023-06-02,0.9907407407407408,0.9687318,0.9718075,0.9892804,0.9504396915435792
hotel_21,2023-06-30,2023-06-02,0.9074074074074074,0.966042,0.97559375,0.98829156,0.9598539471626282
hotel_35,2023-06-03,2023-06-02,0.533203125,0.55752766,0.563136,0.57336974,0.5431272983551025
hotel_35,2023-06-04,2023-06-02,0.568359375,0.55903244,0.54378146,0.5610858,0.5407825112342834
hotel_35,2023-06-05,2023-06-02,0.60546875,0.56870645,0.5664554,0.57501924,0.5476534366607666
hotel_35,2023-06-06,2023-06-02,0.595703125,0.5690997,0.5813265,0.5900287,0.5538334250450134
hotel_35,2023-06-07,2023-06-02,0.65625,0.5620123,0.5941949,0.5865929,0.5520190000534058
hotel_35,2023-06-08,2023-06-02,0.654296875,0.54762316,0.57231045,0.5753845,0.5456200242042542
hotel_35,2023-06-09,2023-06-02,0.705078125,0.5289726,0.59050405,0.56886715,0.5463707447052002
hotel_35,2023-06-10,2023-06-02,0.587890625,0.51605165,0.59642553,0.5714011,0.5479629635810852
hotel_35,2023-06-11,2023-06-02,0.599609375,0.5154668,0.59719676,0.5508354,0.5493322014808655
hotel_35,2023-06-12,2023-06-02,0.70703125,0.51676995,0.59392667,0.5607183,0.5392404198646545
hotel_35,2023-06-13,2023-06-02,0.78125,0.51281863,0.5775225,0.57163715,0.5495139956474304
hotel_35,2023-06-14,2023-06-02,0.8359375,0.50094724,0.60776156,0.5656725,0.542702317237854
hotel_35,2023-06-15,2023-06-02,0.83203125,0.48966855,0.60338914,0.5497148,0.5296751260757446
hotel_35,2023-06-16,2023-06-02,0.693359375,0.47512916,0.6170422,0.545631,0.5298317074775696
hotel_35,2023-06-17,2023-06-02,0.630859375,0.46666068,0.6225843,0.55139583,0.5311257839202881
hotel_35,2023-06-18,2023-06-02,0.56640625,0.46376216,0.624799,0.5324358,0.5296874642372131
hotel_35,2023-06-19,2023-06-02,0.619140625,0.4652299,0.5805986,0.5481682,0.5227741003036499
hotel_35,2023-06-20,2023-06-02,0.58203125,0.4603294,0.5663356,0.5625068,0.5386834740638733
hotel_35,2023-06-21,2023-06-02,0.59375,0.44775793,0.5855588,0.56060976,0.5362018942832947
hotel_35,2023-06-22,2023-06-02,0.77734375,0.43224868,0.6118381,0.5453783,0.5244124531745911
hotel_35,2023-06-23,2023-06-02,0.859375,0.42043546,0.5958959,0.54063547,0.5302894711494446
hotel_35,2023-06-24,2023-06-02,0.72265625,0.41186216,0.6227967,0.54436576,0.5359584093093872
hotel_35,2023-06-25,2023-06-02,0.7421875,0.41783017,0.61805946,0.5299612,0.5338723659515381
hotel_35,2023-06-26,2023-06-02,0.8359375,0.4229914,0.59882826,0.54610443,0.5364522337913513
hotel_35,2023-06-27,2023-06-02,0.919921875,0.4227795,0.6344236,0.5601262,0.5483386516571045
hotel_35,2023-06-28,2023-06-02,0.89453125,0.41371584,0.6105795,0.5542421,0.5390951037406921
hotel_35,2023-06-29,2023-06-02,0.8046875,0.41019163,0.6073202,0.5484307,0.525899350643158
hotel_35,2023-06-30,2023-06-02,0.6953125,0.4033856,0.6435015,0.5467527,0.5333479642868042
hotel_42,2023-06-03,2023-06-02,0.6720647773279352,0.5468235,0.6624256,0.76207244,0.7572942972183228
hotel_42,2023-06-04,2023-06-02,0.562753036437247,0.57781434,0.66484874,0.44907942,0.3122308254241943
hotel_42,2023-06-05,2023-06-02,0.7408906882591093,0.60478836,0.67154765,0.5179229,0.3998495042324066
hotel_42,2023-06-06,2023-06-02,0.8623481781376519,0.6419265,0.6489377,0.6179935,0.5213401913642883
hotel_42,2023-06-07,2023-06-02,0.6761133603238867,0.66757786,0.74634147,0.65289974,0.5381596684455872
hotel_42,2023-06-08,2023-06-02,0.7004048582995951,0.68270963,0.69512904,0.6698544,0.6027260422706604
hotel_42,2023-06-09,2023-06-02,0.8502024291497976,0.7012461,0.69307023,0.76633716,0.726868212223053
hotel_42,2023-06-10,2023-06-02,0.9473684210526316,0.723561,0.70878714,0.8582946,0.86215740442276
hotel_42,2023-06-11,2023-06-02,0.4291497975708502,0.7320668,0.6057155,0.5477088,0.4731855392456054
hotel_42,2023-06-12,2023-06-02,0.4898785425101215,0.7420574,0.61366254,0.63144577,0.6886153221130371
hotel_42,2023-06-13,2023-06-02,1.0121457489878545,0.7624417,0.6446562,0.7279624,0.747893214225769
hotel_42,2023-06-14,2023-06-02,0.9959514170040484,0.775908,0.6662809,0.7438178,0.657063901424408
hotel_42,2023-06-15,2023-06-02,0.6072874493927125,0.77900076,0.7313488,0.7418759,0.6305010318756104
hotel_42,2023-06-16,2023-06-02,0.7489878542510121,0.78357327,0.65452975,0.8431113,0.7690589427947998
hotel_42,2023-06-17,2023-06-02,0.8906882591093117,0.7717736,0.7126577,0.9276091,0.8778834342956543
hotel_42,2023-06-18,2023-06-02,0.3036437246963562,0.7632683,0.6633213,0.5691788,0.4784362912178039
hotel_42,2023-06-19,2023-06-02,0.4493927125506073,0.75238484,0.7166039,0.6486554,0.6796717047691345
hotel_42,2023-06-20,2023-06-02,0.6680161943319838,0.7370981,0.7234542,0.7512461,0.808508574962616
hotel_42,2023-06-21,2023-06-02,0.951417004048583,0.72319204,0.63540274,0.75132835,0.7820418477058411
hotel_42,2023-06-22,2023-06-02,0.7732793522267206,0.72415906,0.7202778,0.7305939,0.7879295945167542
hotel_42,2023-06-23,2023-06-02,0.8906882591093117,0.7241524,0.72066164,0.80614173,0.8752719759941101
hotel_42,2023-06-24,2023-06-02,0.902834008097166,0.714659,0.79116666,0.89786077,0.938437283039093
hotel_42,2023-06-25,2023-06-02,0.3846153846153846,0.69864035,0.76112366,0.56961536,0.6271541714668274
hotel_42,2023-06-26,2023-06-02,0.7246963562753036,0.6885272,0.70697004,0.64205897,0.7239059209823608
hotel_42,2023-06-27,2023-06-02,0.97165991902834,0.6921255,0.73496747,0.7189498,0.8055246472358704
hotel_42,2023-06-28,2023-06-02,0.8947368421052632,0.69612885,0.69622314,0.7017598,0.7468200325965881
hotel_42,2023-06-29,2023-06-02,0.7732793522267206,0.68491054,0.77953494,0.6977221,0.7135162353515625
hotel_42,2023-06-30,2023-06-02,0.7611336032388664,0.68432856,0.68099356,0.7650037,0.782128095626831
hotel_49,2023-06-03,2023-06-02,0.7292576419213974,0.6789956,0.70111346,0.7311213,0.7080501914024353
hotel_49,2023-06-04,2023-06-02,0.5676855895196506,0.6422727,0.69298357,0.6284256,0.601421058177948
hotel_49,2023-06-05,2023-06-02,0.6637554585152838,0.6236029,0.68532085,0.6106498,0.5863584280014038
hotel_49,2023-06-06,2023-06-02,0.6157205240174672,0.6226588,0.6639299,0.6398584,0.5904729962348938
hotel_49,2023-06-07,2023-06-02,0.6462882096069869,0.62392974,0.6491689,0.6410339,0.5910778641700745
hotel_49,2023-06-08,2023-06-02,0.5895196506550219,0.6367763,0.64431965,0.65364873,0.6084151268005371
hotel_49,2023-06-09,2023-06-02,0.6550218340611353,0.6397431,0.626305,0.71907824,0.6810835599899292
hotel_49,2023-06-10,2023-06-02,0.7336244541484717,0.6384327,0.64481694,0.72575885,0.6896318197250366
hotel_49,2023-06-11,2023-06-02,0.6768558951965066,0.6101953,0.6314737,0.6265311,0.5597828030586243
hotel_49,2023-06-12,2023-06-02,0.6331877729257642,0.60388297,0.6396391,0.6137287,0.5442193150520325
hotel_49,2023-06-13,2023-06-02,0.7336244541484717,0.61361027,0.615219,0.64721924,0.552634596824646
hotel_49,2023-06-14,2023-06-02,0.6724890829694323,0.6232519,0.630323,0.64440227,0.5539730787277222
hotel_49,2023-06-15,2023-06-02,0.6550218340611353,0.6347905,0.60517263,0.66281444,0.5749803781509399
hotel_49,2023-06-16,2023-06-02,0.7117903930131004,0.6451466,0.5920985,0.7293002,0.662135124206543
hotel_49,2023-06-17,2023-06-02,0.6899563318777293,0.649688,0.6015078,0.737735,0.6941604614257812
hotel_49,2023-06-18,2023-06-02,0.6244541484716157,0.6182642,0.60245943,0.6344312,0.5491002798080444
hotel_49,2023-06-19,2023-06-02,0.5807860262008734,0.5988264,0.6191669,0.6286614,0.5372000336647034
hotel_49,2023-06-20,2023-06-02,0.6855895196506551,0.6073624,0.6015022,0.65650475,0.5461759567260742
hotel_49,2023-06-21,2023-06-02,0.7117903930131004,0.6140468,0.59016514,0.65645576,0.544345498085022
hotel_49,2023-06-22,2023-06-02,0.6331877729257642,0.6234624,0.60008526,0.6703986,0.561902642250061
hotel_49,2023-06-23,2023-06-02,0.6943231441048034,0.63155586,0.58916605,0.7414902,0.6566230058670044
hotel_49,2023-06-24,2023-06-02,0.7248908296943232,0.64267975,0.5870606,0.74364775,0.6948109269142151
hotel_49,2023-06-25,2023-06-02,0.62882096069869,0.6285326,0.59116346,0.64320564,0.5461461544036865
hotel_49,2023-06-26,2023-06-02,0.6724890829694323,0.6221027,0.5995395,0.6257639,0.5372310280799866
hotel_49,2023-06-27,2023-06-02,0.7074235807860262,0.6270052,0.6081552,0.6568345,0.5450662970542908
hotel_49,2023-06-28,2023-06-02,0.7030567685589519,0.6377867,0.6021106,0.662272,0.54425048828125
hotel_49,2023-06-29,2023-06-02,0.6593886462882096,0.65981436,0.6030772,0.6826566,0.5606974959373474
hotel_49,2023-06-30,2023-06-02,0.6593886462882096,0.6688718,0.59756285,0.74853426,0.6609683036804199
hotel_56,2023-06-03,2023-06-02,0.9833333333333332,0.92165136,0.9152996,0.9417867,0.9989904165267944
hotel_56,2023-06-04,2023-06-02,0.7666666666666667,0.906001,0.94025326,0.845716,0.7350233197212219
hotel_56,2023-06-05,2023-06-02,0.875,0.9057559,0.9039264,0.8663759,0.7271898984909058
hotel_56,2023-06-06,2023-06-02,1.0,0.92011297,0.9070975,0.91546816,0.8214024901390076
hotel_56,2023-06-07,2023-06-02,0.925,0.933392,0.8848401,0.92602223,0.8515086770057678
hotel_56,2023-06-08,2023-06-02,0.8833333333333333,0.94534075,0.9582187,0.93390673,0.8617873191833496
hotel_56,2023-06-09,2023-06-02,1.0166666666666666,0.94958556,0.91580945,0.9594548,0.9729508757591248
hotel_56,2023-06-10,2023-06-02,1.0083333333333333,0.9459351,0.8769105,0.96859765,0.9987091422080994
hotel_56,2023-06-11,2023-06-02,0.725,0.9238137,0.89527607,0.88986397,0.7618240118026733
hotel_56,2023-06-12,2023-06-02,0.9416666666666668,0.9238848,0.8659628,0.9075416,0.7856102585792542
hotel_56,2023-06-13,2023-06-02,1.05,0.93330425,0.91299254,0.9432404,0.8576681613922119
hotel_56,2023-06-14,2023-06-02,1.0083333333333333,0.93956155,0.84415674,0.9454063,0.895501434803009
hotel_56,2023-06-15,2023-06-02,0.975,0.94736326,0.84512323,0.9512432,0.9076020121574402
hotel_56,2023-06-16,2023-06-02,0.9666666666666668,0.9548321,0.8958062,0.98000497,0.9828402996063232
hotel_56,2023-06-17,2023-06-02,0.95,0.9515531,0.86029065,0.9830984,0.999086618423462
hotel_56,2023-06-18,2023-06-02,0.75,0.9282172,0.8068224,0.90723675,0.8186702728271484
hotel_56,2023-06-19,2023-06-02,0.85,0.9269676,0.8730798,0.92685556,0.8687988519668579
hotel_56,2023-06-20,2023-06-02,1.0083333333333333,0.9374701,0.86872363,0.9630846,0.951241970062256
hotel_56,2023-06-21,2023-06-02,0.9416666666666668,0.93464214,0.8361398,0.9653006,0.9703474044799804
hotel_56,2023-06-22,2023-06-02,0.9083333333333332,0.9330151,0.91560704,0.96791595,0.9533860087394714
hotel_56,2023-06-23,2023-06-02,0.9666666666666668,0.93310094,0.85526955,0.9913101,0.99153071641922
hotel_56,2023-06-24,2023-06-02,1.0083333333333333,0.92957735,0.8517882,0.9919523,0.999176263809204
hotel_56,2023-06-25,2023-06-02,1.0,0.90848005,0.8170936,0.91551554,0.906857967376709
hotel_56,2023-06-26,2023-06-02,1.0,0.91377544,0.82055473,0.9327537,0.949025571346283
hotel_56,2023-06-27,2023-06-02,1.0166666666666666,0.9339345,0.8716275,0.9678289,0.9828675985336304
hotel_56,2023-06-28,2023-06-02,0.9833333333333332,0.94410115,0.864807,0.9709288,0.9895532131195068
hotel_56,2023-06-29,2023-06-02,0.8666666666666667,0.9478646,0.8818511,0.97116953,0.972710907459259
hotel_56,2023-06-30,2023-06-02,0.9583333333333334,0.9531564,0.94128186,0.98687357,0.9916446208953856
hotel_63,2023-06-03,2023-06-02,0.7555555555555555,0.86756045,0.85852647,0.89846087,0.9432695508003236
hotel_63,2023-06-04,2023-06-02,0.4355555555555555,0.692995,0.679982,0.65698856,0.6627019643783569
hotel_63,2023-06-05,2023-06-02,0.5422222222222223,0.6515641,0.64856076,0.6647388,0.6650157570838928
hotel_63,2023-06-06,2023-06-02,0.6,0.7151941,0.6583505,0.7481648,0.7220870852470398
hotel_63,2023-06-07,2023-06-02,0.6666666666666666,0.7616982,0.71638155,0.7658992,0.7534574866294861
hotel_63,2023-06-08,2023-06-02,0.6755555555555556,0.79625076,0.7432369,0.78787494,0.7609385848045349
hotel_63,2023-06-09,2023-06-02,0.8888888888888888,0.8918624,0.8616724,0.9332558,0.9047619700431824
hotel_63,2023-06-10,2023-06-02,0.9688888888888888,0.918998,0.8937818,0.9719901,0.9711681604385376
hotel_63,2023-06-11,2023-06-02,0.5866666666666667,0.7342653,0.77377063,0.7285975,0.6852479577064514
hotel_63,2023-06-12,2023-06-02,0.68,0.6832789,0.69483286,0.7236117,0.6924382448196411
hotel_63,2023-06-13,2023-06-02,0.8177777777777778,0.7497129,0.73920786,0.7730473,0.8040578961372375
hotel_63,2023-06-14,2023-06-02,0.6933333333333334,0.8002919,0.7021002,0.7806325,0.8338542580604553
hotel_63,2023-06-15,2023-06-02,0.7555555555555555,0.84396577,0.7151929,0.8163816,0.827370822429657
hotel_63,2023-06-16,2023-06-02,0.9288888888888888,0.9239186,0.90261257,0.9435383,0.9328870177268982
hotel_63,2023-06-17,2023-06-02,1.0,0.9399285,0.8615893,0.95909274,0.9799115657806396
hotel_63,2023-06-18,2023-06-02,0.8533333333333334,0.74402213,0.7617668,0.7300801,0.6740286350250244
hotel_63,2023-06-19,2023-06-02,0.7022222222222222,0.70047796,0.70753574,0.7406944,0.720685601234436
hotel_63,2023-06-20,2023-06-02,0.7777777777777778,0.75950766,0.72463685,0.79298556,0.8388906717300415
hotel_63,2023-06-21,2023-06-02,0.7688888888888888,0.80265063,0.70114166,0.8067914,0.8604142069816589
hotel_63,2023-06-22,2023-06-02,0.9155555555555556,0.83262694,0.7326991,0.82640684,0.8270751237869263
hotel_63,2023-06-23,2023-06-02,0.9955555555555556,0.9210623,0.84345424,0.9374455,0.9356415271759032
hotel_63,2023-06-24,2023-06-02,0.84,0.9359273,0.9049239,0.9596821,0.978634238243103
hotel_63,2023-06-25,2023-06-02,0.6311111111111111,0.74408364,0.744071,0.7505834,0.6851850748062134
hotel_63,2023-06-26,2023-06-02,0.8444444444444444,0.70682395,0.7093063,0.7675748,0.7013077735900879
hotel_63,2023-06-27,2023-06-02,0.8844444444444445,0.78864944,0.71036834,0.81393933,0.8097851872444153
hotel_63,2023-06-28,2023-06-02,0.8266666666666667,0.8260513,0.6876977,0.82189655,0.8212864398956299
hotel_63,2023-06-29,2023-06-02,0.8844444444444445,0.8410799,0.7813236,0.84467566,0.7788137197494507
hotel_63,2023-06-30,2023-06-02,0.8666666666666667,0.9093014,0.878707,0.9581455,0.9276041984558104
hotel_7,2023-06-03,2023-06-02,0.6938110749185668,0.72376,0.746007,0.71569395,0.7617730498313904
hotel_7,2023-06-04,2023-06-02,0.50814332247557,0.64090025,0.6753733,0.6814401,0.7272837162017822
hotel_7,2023-06-05,2023-06-02,0.509771986970684,0.541509,0.5862336,0.5466279,0.5840200781822205
hotel_7,2023-06-06,2023-06-02,0.5700325732899023,0.55477566,0.5535632,0.55470824,0.5951551198959351
hotel_7,2023-06-07,2023-06-02,0.6905537459283387,0.66551566,0.6605711,0.685179,0.7090979218482971
hotel_7,2023-06-08,2023-06-02,0.7214983713355049,0.71393347,0.75169206,0.7088981,0.7413449287414551
hotel_7,2023-06-09,2023-06-02,0.7019543973941368,0.74224496,0.72621274,0.7600716,0.781935453414917
hotel_7,2023-06-10,2023-06-02,0.5146579804560261,0.68865955,0.69340664,0.6729233,0.6755293607711792
hotel_7,2023-06-11,2023-06-02,0.5684039087947883,0.6102293,0.61266637,0.64357334,0.6467739939689636
hotel_7,2023-06-12,2023-06-02,0.5863192182410424,0.52244025,0.57397664,0.52242976,0.536549985408783
hotel_7,2023-06-13,2023-06-02,0.5488599348534202,0.5358747,0.5899087,0.53046,0.5655200481414795
hotel_7,2023-06-14,2023-06-02,0.6400651465798045,0.6437141,0.6379399,0.6657788,0.6792691946029663
hotel_7,2023-06-15,2023-06-02,0.6710097719869706,0.6847972,0.70869195,0.6825012,0.7004441022872925
hotel_7,2023-06-16,2023-06-02,0.6742671009771987,0.7205924,0.6783345,0.7421273,0.7611738443374634
hotel_7,2023-06-17,2023-06-02,0.4495114006514658,0.6747917,0.65180415,0.6618038,0.6300132870674133
hotel_7,2023-06-18,2023-06-02,0.4381107491856677,0.6089369,0.61618626,0.63480943,0.595328688621521
hotel_7,2023-06-19,2023-06-02,0.4560260586319218,0.5249279,0.56609243,0.5118432,0.4900157451629638
hotel_7,2023-06-20,2023-06-02,0.3436482084690553,0.5478038,0.5238772,0.5182642,0.522486686706543
hotel_7,2023-06-21,2023-06-02,0.4104234527687296,0.6630701,0.6378013,0.6519884,0.6333775520324707
hotel_7,2023-06-22,2023-06-02,0.3745928338762215,0.7014677,0.7001128,0.6656789,0.6742319464683533
hotel_7,2023-06-23,2023-06-02,0.4169381107491857,0.71137697,0.6605051,0.7213453,0.7482895851135254
hotel_7,2023-06-24,2023-06-02,0.3387622149837133,0.648216,0.6225214,0.62904656,0.616113543510437
hotel_7,2023-06-25,2023-06-02,0.3289902280130293,0.5668864,0.5947274,0.59732455,0.5884670615196228
hotel_7,2023-06-26,2023-06-02,0.247557003257329,0.46944246,0.540879,0.47511685,0.4920619130134582
hotel_7,2023-06-27,2023-06-02,0.2866449511400651,0.47543746,0.57798094,0.47942027,0.5121980905532837
hotel_7,2023-06-28,2023-06-02,0.4478827361563517,0.58366746,0.6000888,0.6073861,0.6169559955596924
hotel_7,2023-06-29,2023-06-02,0.5521172638436482,0.62288004,0.67399615,0.61370647,0.6666483879089355
hotel_7,2023-06-30,2023-06-02,0.6498371335504886,0.65322804,0.6270503,0.66533834,0.7380114793777466
hotel_70,2023-06-03,2023-06-02,0.5964912280701754,0.5401155,0.50593686,0.54242617,0.5770781636238098
hotel_70,2023-06-04,2023-06-02,0.4649122807017544,0.47469652,0.44555676,0.42007846,0.5088478922843933
hotel_70,2023-06-05,2023-06-02,0.4473684210526316,0.45232227,0.43120357,0.4173543,0.5077381134033203
hotel_70,2023-06-06,2023-06-02,0.5131578947368421,0.4613692,0.42238206,0.44597656,0.5129850506782532
hotel_70,2023-06-07,2023-06-02,0.5877192982456141,0.4774428,0.42558736,0.45506507,0.5258318185806274
hotel_70,2023-06-08,2023-06-02,0.6140350877192983,0.5020159,0.46100777,0.49363744,0.5387305617332458
hotel_70,2023-06-09,2023-06-02,0.6403508771929824,0.52691036,0.4709028,0.5559674,0.5675563216209412
hotel_70,2023-06-10,2023-06-02,0.6403508771929824,0.52082443,0.43187797,0.5839539,0.5734871625900269
hotel_70,2023-06-11,2023-06-02,0.5877192982456141,0.45595294,0.43423635,0.4748655,0.4843005836009979
hotel_70,2023-06-12,2023-06-02,0.5526315789473685,0.4404469,0.38393742,0.4686212,0.4956009685993194
hotel_70,2023-06-13,2023-06-02,0.5175438596491229,0.4559005,0.4101483,0.4901451,0.5125154852867126
hotel_70,2023-06-14,2023-06-02,0.543859649122807,0.48187652,0.4301436,0.48863208,0.5288953185081482
hotel_70,2023-06-15,2023-06-02,0.5789473684210527,0.50905335,0.4607121,0.51452345,0.5485773086547852
hotel_70,2023-06-16,2023-06-02,0.6447368421052632,0.5366753,0.50260544,0.56348413,0.5861323475837708
hotel_70,2023-06-17,2023-06-02,0.7368421052631579,0.527755,0.42458045,0.587285,0.5934500098228455
hotel_70,2023-06-18,2023-06-02,0.6447368421052632,0.45449698,0.41152006,0.49001122,0.4850152134895324
hotel_70,2023-06-19,2023-06-02,0.5701754385964912,0.42792565,0.4084931,0.50040424,0.5005224347114563
hotel_70,2023-06-20,2023-06-02,0.6096491228070176,0.44417617,0.4025685,0.522942,0.513778567314148
hotel_70,2023-06-21,2023-06-02,0.5526315789473685,0.45951465,0.44770312,0.51593834,0.5359938144683838
hotel_70,2023-06-22,2023-06-02,0.5482456140350878,0.47466946,0.4293424,0.53525823,0.558106005191803
hotel_70,2023-06-23,2023-06-02,0.6403508771929824,0.501573,0.5008867,0.5721946,0.5967308878898621
hotel_70,2023-06-24,2023-06-02,0.7982456140350878,0.5041517,0.44139922,0.59389365,0.5962704420089722
hotel_70,2023-06-25,2023-06-02,0.6535087719298246,0.44350892,0.44105253,0.5009964,0.4850116968154907
hotel_70,2023-06-26,2023-06-02,0.7105263157894737,0.42974925,0.3940982,0.5172363,0.492427259683609
hotel_70,2023-06-27,2023-06-02,0.7105263157894737,0.45513928,0.38600683,0.5478032,0.498876541852951
hotel_70,2023-06-28,2023-06-02,0.75,0.48241726,0.39589918,0.54317456,0.513335645198822
hotel_70,2023-06-29,2023-06-02,0.7587719298245614,0.5044449,0.45008218,0.5615771,0.5365175008773804
hotel_70,2023-06-30,2023-06-02,0.8377192982456141,0.5337115,0.496931,0.5993639,0.5829967856407166
hotel_84,2023-06-03,2023-06-02,0.9619377162629758,0.9117446,0.95000875,0.9388782,0.9894349575042723
hotel_84,2023-06-04,2023-06-02,0.8858131487889274,0.8798299,0.90772027,0.8582951,0.7627597451210022
hotel_84,2023-06-05,2023-06-02,0.6262975778546713,0.8650932,0.8878041,0.85178316,0.7632046341896057
hotel_84,2023-06-06,2023-06-02,0.7889273356401384,0.87057674,0.90470034,0.8578052,0.8094431161880493
hotel_84,2023-06-07,2023-06-02,0.7820069204152249,0.8896094,0.9020757,0.85791945,0.8292179107666016
hotel_84,2023-06-08,2023-06-02,0.7577854671280276,0.9176557,0.86841786,0.86128783,0.8156757950782776
hotel_84,2023-06-09,2023-06-02,0.944636678200692,0.93813884,0.9185165,0.9211665,0.961589217185974
hotel_84,2023-06-10,2023-06-02,1.0103806228373702,0.94035965,0.897761,0.95296675,1.0005879402160645
hotel_84,2023-06-11,2023-06-02,0.8858131487889274,0.9071274,0.87565535,0.86664563,0.8711408376693726
hotel_84,2023-06-12,2023-06-02,0.9515570934256056,0.8867369,0.86506295,0.8555522,0.8969013094902039
hotel_84,2023-06-13,2023-06-02,0.9653979238754326,0.8984067,0.8686067,0.8717661,0.9634453654289246
hotel_84,2023-06-14,2023-06-02,0.8858131487889274,0.9159343,0.8726958,0.8861879,0.9714011549949646
hotel_84,2023-06-15,2023-06-02,0.9619377162629758,0.94469863,0.8735706,0.89157116,0.9540507793426514
hotel_84,2023-06-16,2023-06-02,1.0,0.9599199,0.9046959,0.94039994,0.9829775094985962
hotel_84,2023-06-17,2023-06-02,0.9930795847750864,0.96592814,0.9012235,0.95427656,1.0001132488250732
hotel_84,2023-06-18,2023-06-02,0.986159169550173,0.9333719,0.91439867,0.86525536,0.9203964471817015
hotel_84,2023-06-19,2023-06-02,0.7958477508650519,0.91623825,0.84704846,0.8587745,0.9196860194206238
hotel_84,2023-06-20,2023-06-02,0.9204152249134948,0.92064583,0.85578376,0.86979485,0.9537765979766846
hotel_84,2023-06-21,2023-06-02,1.0,0.9360891,0.9118297,0.8771859,0.9535799622535706
hotel_84,2023-06-22,2023-06-02,0.9688581314878892,0.9542546,0.9053267,0.8788091,0.9399750232696532
hotel_84,2023-06-23,2023-06-02,0.6643598615916955,0.96449214,0.926968,0.92614925,0.9774362444877625
hotel_84,2023-06-24,2023-06-02,0.903114186851211,0.96234256,0.90963906,0.94853574,0.9984704852104188
hotel_84,2023-06-25,2023-06-02,0.8961937716262975,0.93229777,0.9057082,0.8604352,0.913662314414978
hotel_84,2023-06-26,2023-06-02,0.9515570934256056,0.9154255,0.9004527,0.8551419,0.897010326385498
hotel_84,2023-06-27,2023-06-02,0.7231833910034602,0.92688614,0.90728056,0.8757837,0.9114619493484496
hotel_84,2023-06-28,2023-06-02,0.7197231833910035,0.9410904,0.92532766,0.8866257,0.9019646644592284
hotel_84,2023-06-29,2023-06-02,0.8823529411764706,0.96552455,0.9128195,0.8815463,0.8910670280456543
hotel_84,2023-06-30,2023-06-02,0.9134948096885812,0.9774986,0.9046678,0.9223993,0.9590085744857788
hotel_91,2023-06-03,2023-06-02,0.9550561797752808,0.94007045,0.96838313,0.93544793,0.979272186756134
hotel_91,2023-06-04,2023-06-02,0.8764044943820225,0.8703729,0.96775377,0.8217354,0.8656989336013794
hotel_91,2023-06-05,2023-06-02,0.8651685393258427,0.9180044,0.96037596,0.91256785,0.8918288350105286
hotel_91,2023-06-06,2023-06-02,0.9550561797752808,0.983309,0.96621,0.9822227,0.9705234169960022
hotel_91,2023-06-07,2023-06-02,1.0,0.988992,0.9485996,0.9553119,0.9677814841270448
hotel_91,2023-06-08,2023-06-02,0.9550561797752808,0.9669578,0.94760793,0.8911861,0.924789547920227
hotel_91,2023-06-09,2023-06-02,0.9213483146067416,0.95190614,0.94900894,0.8988693,0.9382025599479676
hotel_91,2023-06-10,2023-06-02,1.0112359550561798,0.9012234,0.9527865,0.85521126,0.9531903862953186
hotel_91,2023-06-11,2023-06-02,0.6966292134831461,0.82678026,0.95883566,0.74757314,0.7150293588638306
hotel_91,2023-06-12,2023-06-02,1.0,0.8751398,0.9466742,0.8503274,0.8160578012466431
hotel_91,2023-06-13,2023-06-02,0.9325842696629212,0.9475404,0.95001507,0.9383135,0.9516128301620485
hotel_91,2023-06-14,2023-06-02,0.9101123595505618,0.9568731,0.9583044,0.9336306,0.9466655254364014
hotel_91,2023-06-15,2023-06-02,0.9887640449438202,0.9348871,0.925342,0.8961812,0.8749895095825195
hotel_91,2023-06-16,2023-06-02,0.8764044943820225,0.92783093,0.9463047,0.90350485,0.896213173866272
hotel_91,2023-06-17,2023-06-02,0.9325842696629212,0.88781893,0.9532825,0.8713651,0.9099141359329224
hotel_91,2023-06-18,2023-06-02,0.7078651685393258,0.81346226,0.9516913,0.77041507,0.676066517829895
hotel_91,2023-06-19,2023-06-02,0.7752808988764045,0.8507401,0.9432194,0.87500834,0.7737610340118408
hotel_91,2023-06-20,2023-06-02,0.9887640449438202,0.9136394,0.94646984,0.95401466,0.9222466945648192
hotel_91,2023-06-21,2023-06-02,0.9325842696629212,0.9151939,0.9419364,0.94608235,0.9160414338111876
hotel_91,2023-06-22,2023-06-02,0.8202247191011236,0.89391077,0.84110105,0.889951,0.8193488717079163
hotel_91,2023-06-23,2023-06-02,0.8764044943820225,0.89927024,0.91849416,0.8966129,0.8459716439247131
hotel_91,2023-06-24,2023-06-02,0.8539325842696629,0.87511295,0.9435474,0.85404253,0.8458132743835449
hotel_91,2023-06-25,2023-06-02,0.8202247191011236,0.8252478,0.95210797,0.7519374,0.606818437576294
hotel_91,2023-06-26,2023-06-02,0.9775280898876404,0.8888003,0.93328065,0.8506392,0.7066940665245056
hotel_91,2023-06-27,2023-06-02,1.0112359550561798,0.9688674,0.937738,0.9360894,0.8810209035873413
hotel_91,2023-06-28,2023-06-02,1.0224719101123596,0.97550976,0.8692045,0.9200512,0.8823635578155518
hotel_91,2023-06-29,2023-06-02,0.898876404494382,0.9454139,0.9327456,0.8707676,0.7823717594146729
hotel_91,2023-06-30,2023-06-02,0.8651685393258427,0.9334734,0.9336691,0.8711151,0.8095410466194153
hotel_98,2023-06-03,2023-06-02,0.2177419354838709,0.1761346,0.17027801,0.22597724,0.212776705622673
hotel_98,2023-06-04,2023-06-02,0.064516129032258,0.094099164,0.08748087,0.08679468,0.1125792860984802
hotel_98,2023-06-05,2023-06-02,0.0483870967741935,0.05777943,0.07706155,0.07953256,0.1087482720613479
hotel_98,2023-06-06,2023-06-02,0.032258064516129,0.06769505,0.10560666,0.08210993,0.1084787175059318
hotel_98,2023-06-07,2023-06-02,0.0725806451612903,0.06821792,0.090138465,0.091975756,0.1097278147935867
hotel_98,2023-06-08,2023-06-02,0.0806451612903225,0.091386825,0.11616803,0.10892415,0.1249170824885368
hotel_98,2023-06-09,2023-06-02,0.3790322580645161,0.15988675,0.2212787,0.18862328,0.1937810778617859
hotel_98,2023-06-10,2023-06-02,0.5080645161290323,0.16979232,0.1868892,0.24180706,0.243943840265274
hotel_98,2023-06-11,2023-06-02,0.1532258064516129,0.089422,0.11380667,0.09764099,0.1032386273145675
hotel_98,2023-06-12,2023-06-02,0.1451612903225806,0.061885893,0.09897289,0.085029855,0.088427148759365
hotel_98,2023-06-13,2023-06-02,0.1209677419354838,0.071035564,0.092142224,0.08554499,0.0844440907239914
hotel_98,2023-06-14,2023-06-02,0.0725806451612903,0.07217562,0.094685525,0.08885637,0.0825041458010673
hotel_98,2023-06-15,2023-06-02,0.0806451612903225,0.10189861,0.105252415,0.10404223,0.0953968316316604
hotel_98,2023-06-16,2023-06-02,0.1612903225806451,0.17281139,0.21174803,0.17951827,0.1658272594213485
hotel_98,2023-06-17,2023-06-02,0.2580645161290322,0.18247278,0.18624076,0.2267164,0.2204285115003585
hotel_98,2023-06-18,2023-06-02,0.064516129032258,0.09482682,0.11719771,0.081937246,0.0964957177639007
hotel_98,2023-06-19,2023-06-02,0.064516129032258,0.054425016,0.09590839,0.07199034,0.0933589711785316
hotel_98,2023-06-20,2023-06-02,0.0806451612903225,0.07542138,0.11228724,0.07410713,0.0883559212088584
hotel_98,2023-06-21,2023-06-02,0.1129032258064516,0.08570704,0.085687324,0.08012621,0.0900311470031738
hotel_98,2023-06-22,2023-06-02,0.1532258064516129,0.100790516,0.12098708,0.09196923,0.1154591888189315
hotel_98,2023-06-23,2023-06-02,0.4435483870967742,0.15793322,0.19064754,0.1733936,0.1862581968307495
hotel_98,2023-06-24,2023-06-02,0.3467741935483871,0.16957995,0.19297896,0.223827,0.2419899851083755
hotel_98,2023-06-25,2023-06-02,0.1370967741935483,0.092972204,0.112178706,0.08144904,0.1248256266117096
hotel_98,2023-06-26,2023-06-02,0.1048387096774193,0.05999936,0.07995954,0.07786328,0.1187852621078491
hotel_98,2023-06-27,2023-06-02,0.0967741935483871,0.06768006,0.0945476,0.082335785,0.1059333384037017
hotel_98,2023-06-28,2023-06-02,0.1854838709677419,0.06313859,0.10109314,0.07966928,0.1068297550082206
hotel_98,2023-06-29,2023-06-02,0.4112903225806452,0.084421754,0.12723044,0.09334695,0.1358813643455505
hotel_98,2023-06-30,2023-06-02,0.5,0.15389776,0.2403164,0.17463845,0.1964352428913116
